analysis_id,analysis_class,channel,market_id,slug,trade_count,market_mean_gross_pnl_per_share,market_mean_total_fee_per_share,market_mean_net_pnl_per_share,market_mean_five_share_net
sharp_60s_econ_primary,primary,sharp,1595163,mlb-oak-cin-2026-08-04,1,-0.0099999403,0.024795000133,-0.034794940433,-0.173974702164
sharp_60s_econ_primary,primary,sharp,1595165,mlb-nym-cle-2026-08-04,1,-0.0099999662,0.024275000304,-0.034274966504,-0.171374832521
sharp_60s_econ_primary,primary,sharp,1595171,mlb-cws-bos-2026-08-04,1,-0.01,0.024695,-0.034695,-0.173475
sharp_60s_econ_primary,primary,sharp,1595175,mlb-mia-atl-2026-08-04,1,-0.0099999859,0.024434999919,-0.034434985819,-0.172174929096
sharp_60s_econ_primary,primary,sharp,1614971,mlb-tor-hou-2026-08-05,1,-0.0099999633,0.022274999413,-0.032274962713,-0.161374813564
sharp_60s_econ_primary,primary,sharp,1614975,mlb-lad-chc-2026-08-05,1,-0.01,0.024935,-0.034935,-0.174675
sharp_60s_econ_primary,primary,sharp,1614976,mlb-tb-col-2026-08-05,1,-0.0099999998,0.024275000002,-0.034274999802,-0.171374999009
sharp_60s_econ_primary,primary,sharp,1614981,mlb-laa-bal-2026-08-05,1,-0.0095675156,0.024697585326,-0.034265100926,-0.171325504632
sharp_60s_econ_primary,primary,sharp,1614992,mlb-cws-bos-2026-08-05,1,-0.0099999977,0.024435000009,-0.034434997709,-0.172174988547
sharp_60s_econ_primary,primary,sharp,1673805,mlb-min-kc-2026-08-06,1,-0.0099999776,0.024695000134,-0.034694977734,-0.173474888672
sharp_60s_econ_primary,primary,sharp,1673815,mlb-cws-bos-2026-08-06,1,-0.0099999674,0.023174999576,-0.033174966976,-0.165874834881
sharp_60s_econ_primary,primary,sharp,1673842,mlb-pit-mil-2026-08-06,1,-0.0099999906,0.024874999985,-0.034874990585,-0.174374952925
sharp_60s_econ_primary,primary,sharp,1673846,mlb-tor-phi-2026-08-07,2,-0.00999997715,0.022595000308,-0.032594977458,-0.162974887291
sharp_60s_econ_primary,primary,sharp,1673863,mlb-cin-wsh-2026-08-07,1,-0.0099999705,0.024874999959,-0.034874970459,-0.174374852295
sharp_60s_econ_primary,primary,sharp,1673882,mlb-oak-bos-2026-08-07,2,-0.0099999531,0.020374999378,-0.030374952478,-0.151874762392
sharp_60s_econ_primary,primary,sharp,1673887,mlb-laa-mia-2026-08-07,1,-0.0099999789,0.024274999911,-0.034274978811,-0.171374894055
sharp_60s_econ_primary,primary,sharp,1673893,mlb-cle-cws-2026-08-07,2,-0.0099999814,0.024435000149,-0.034434981549,-0.172174907744
sharp_60s_econ_hedge60,sensitivity,sharp,1595175,mlb-mia-atl-2026-08-04,1,-0.0099999859,0.024434999919,-0.034434985819,-0.172174929096
sharp_60s_econ_hedge60,sensitivity,sharp,1614971,mlb-tor-hou-2026-08-05,1,-0.0099999633,0.022274999413,-0.032274962713,-0.161374813564
sharp_60s_econ_hedge60,sensitivity,sharp,1614975,mlb-lad-chc-2026-08-05,1,-0.01,0.024935,-0.034935,-0.174675
sharp_60s_econ_hedge60,sensitivity,sharp,1614976,mlb-tb-col-2026-08-05,1,-0.0099999998,0.024275000002,-0.034274999802,-0.171374999009
sharp_60s_econ_hedge60,sensitivity,sharp,1614981,mlb-laa-bal-2026-08-05,1,-0.0095675156,0.024697585326,-0.034265100926,-0.171325504632
sharp_60s_econ_hedge60,sensitivity,sharp,1614992,mlb-cws-bos-2026-08-05,1,-0.0099999977,0.024435000009,-0.034434997709,-0.172174988547
sharp_60s_econ_hedge60,sensitivity,sharp,1673805,mlb-min-kc-2026-08-06,1,-0.0099999776,0.024695000134,-0.034694977734,-0.173474888672
sharp_60s_econ_hedge60,sensitivity,sharp,1673846,mlb-tor-phi-2026-08-07,1,-0.0099999976,0.022595000038,-0.032594997638,-0.162974988192
sharp_60s_econ_hedge60,sensitivity,sharp,1673882,mlb-oak-bos-2026-08-07,1,-0.0099999275,0.020374998477,-0.030374925977,-0.151874629887
sharp_60s_econ_hedge60,sensitivity,sharp,1673893,mlb-cle-cws-2026-08-07,1,-0.0099999767,0.024435000186,-0.034434976886,-0.172174884432
sharp_60s_econ_hedge120,sensitivity,sharp,1595165,mlb-nym-cle-2026-08-04,1,-0.0099999662,0.024275000304,-0.034274966504,-0.171374832521
sharp_60s_econ_hedge120,sensitivity,sharp,1595175,mlb-mia-atl-2026-08-04,1,-0.0099999859,0.024434999919,-0.034434985819,-0.172174929096
sharp_60s_econ_hedge120,sensitivity,sharp,1614971,mlb-tor-hou-2026-08-05,1,-0.0099999633,0.022274999413,-0.032274962713,-0.161374813564
sharp_60s_econ_hedge120,sensitivity,sharp,1614975,mlb-lad-chc-2026-08-05,1,-0.01,0.024935,-0.034935,-0.174675
sharp_60s_econ_hedge120,sensitivity,sharp,1614976,mlb-tb-col-2026-08-05,1,-0.0099999998,0.024275000002,-0.034274999802,-0.171374999009
sharp_60s_econ_hedge120,sensitivity,sharp,1614981,mlb-laa-bal-2026-08-05,1,-0.0095675156,0.024697585326,-0.034265100926,-0.171325504632
sharp_60s_econ_hedge120,sensitivity,sharp,1614992,mlb-cws-bos-2026-08-05,1,-0.0099999977,0.024435000009,-0.034434997709,-0.172174988547
sharp_60s_econ_hedge120,sensitivity,sharp,1673805,mlb-min-kc-2026-08-06,1,-0.0099999776,0.024695000134,-0.034694977734,-0.173474888672
sharp_60s_econ_hedge120,sensitivity,sharp,1673815,mlb-cws-bos-2026-08-06,1,-0.0099999674,0.023174999576,-0.033174966976,-0.165874834881
sharp_60s_econ_hedge120,sensitivity,sharp,1673842,mlb-pit-mil-2026-08-06,1,-0.0099999906,0.024874999985,-0.034874990585,-0.174374952925
sharp_60s_econ_hedge120,sensitivity,sharp,1673846,mlb-tor-phi-2026-08-07,1,-0.0099999976,0.022595000038,-0.032594997638,-0.162974988192
sharp_60s_econ_hedge120,sensitivity,sharp,1673882,mlb-oak-bos-2026-08-07,2,-0.0099999531,0.020374999378,-0.030374952478,-0.151874762392
sharp_60s_econ_hedge120,sensitivity,sharp,1673893,mlb-cle-cws-2026-08-07,2,-0.0099999814,0.024435000149,-0.034434981549,-0.172174907744
sharp_60s_econ_no_size_gate,sensitivity,sharp,1595163,mlb-oak-cin-2026-08-04,1,-0.0099999403,0.024795000133,-0.034794940433,-0.173974702164
sharp_60s_econ_no_size_gate,sensitivity,sharp,1595165,mlb-nym-cle-2026-08-04,1,-0.0099999662,0.024275000304,-0.034274966504,-0.171374832521
sharp_60s_econ_no_size_gate,sensitivity,sharp,1595170,mlb-stl-nyy-2026-08-04,1,-0.0099998355,0.022894998709,-0.032894834209,-0.164474171045
sharp_60s_econ_no_size_gate,sensitivity,sharp,1595171,mlb-cws-bos-2026-08-04,1,-0.01,0.024695,-0.034695,-0.173475
sharp_60s_econ_no_size_gate,sensitivity,sharp,1595175,mlb-mia-atl-2026-08-04,1,-0.0099999859,0.024434999919,-0.034434985819,-0.172174929096
sharp_60s_econ_no_size_gate,sensitivity,sharp,1614971,mlb-tor-hou-2026-08-05,1,-0.0099999633,0.022274999413,-0.032274962713,-0.161374813564
sharp_60s_econ_no_size_gate,sensitivity,sharp,1614975,mlb-lad-chc-2026-08-05,1,-0.01,0.024935,-0.034935,-0.174675
sharp_60s_econ_no_size_gate,sensitivity,sharp,1614976,mlb-tb-col-2026-08-05,1,-0.0099999998,0.024275000002,-0.034274999802,-0.171374999009
sharp_60s_econ_no_size_gate,sensitivity,sharp,1614981,mlb-laa-bal-2026-08-05,1,-0.0095675156,0.024697585326,-0.034265100926,-0.171325504632
sharp_60s_econ_no_size_gate,sensitivity,sharp,1614992,mlb-cws-bos-2026-08-05,1,-0.0099999977,0.024435000009,-0.034434997709,-0.172174988547
sharp_60s_econ_no_size_gate,sensitivity,sharp,1673805,mlb-min-kc-2026-08-06,1,-0.0099999776,0.024695000134,-0.034694977734,-0.173474888672
sharp_60s_econ_no_size_gate,sensitivity,sharp,1673810,mlb-wsh-phi-2026-08-06,1,-0.0099999595,0.018495001053,-0.028494960553,-0.142474802765
sharp_60s_econ_no_size_gate,sensitivity,sharp,1673815,mlb-cws-bos-2026-08-06,1,-0.0099999674,0.023174999576,-0.033174966976,-0.165874834881
sharp_60s_econ_no_size_gate,sensitivity,sharp,1673842,mlb-pit-mil-2026-08-06,1,-0.0099999906,0.024874999985,-0.034874990585,-0.174374952925
sharp_60s_econ_no_size_gate,sensitivity,sharp,1673846,mlb-tor-phi-2026-08-07,2,-0.00999997715,0.022595000308,-0.032594977458,-0.162974887291
sharp_60s_econ_no_size_gate,sensitivity,sharp,1673863,mlb-cin-wsh-2026-08-07,1,-0.0099999705,0.024874999959,-0.034874970459,-0.174374852295
sharp_60s_econ_no_size_gate,sensitivity,sharp,1673882,mlb-oak-bos-2026-08-07,2,-0.0099999531,0.020374999378,-0.030374952478,-0.151874762392
sharp_60s_econ_no_size_gate,sensitivity,sharp,1673887,mlb-laa-mia-2026-08-07,1,-0.0099999789,0.024274999911,-0.034274978811,-0.171374894055
sharp_60s_econ_no_size_gate,sensitivity,sharp,1673893,mlb-cle-cws-2026-08-07,2,-0.0099999814,0.024435000149,-0.034434981549,-0.172174907744
sharp_gap_60s_econ_secondary,secondary,sharp_gap,1595162,mlb-laa-bal-2026-08-04,1,-0.0099999816,0.024094999834,-0.034094981434,-0.170474907172
sharp_gap_60s_econ_secondary,secondary,sharp_gap,1595163,mlb-oak-cin-2026-08-04,1,-0.0099999403,0.024795000133,-0.034794940433,-0.173974702164
sharp_gap_60s_econ_secondary,secondary,sharp_gap,1595165,mlb-nym-cle-2026-08-04,1,-0.0099999662,0.024275000304,-0.034274966504,-0.171374832521
sharp_gap_60s_econ_secondary,secondary,sharp_gap,1595175,mlb-mia-atl-2026-08-04,1,-0.0099999859,0.024434999919,-0.034434985819,-0.172174929096
sharp_gap_60s_econ_secondary,secondary,sharp_gap,1614971,mlb-tor-hou-2026-08-05,1,-0.0099999633,0.022274999413,-0.032274962713,-0.161374813564
sharp_gap_60s_econ_secondary,secondary,sharp_gap,1614976,mlb-tb-col-2026-08-05,1,-0.0099999998,0.024275000002,-0.034274999802,-0.171374999009
sharp_gap_60s_econ_secondary,secondary,sharp_gap,1614981,mlb-laa-bal-2026-08-05,1,-0.0099999822,0.024694999911,-0.034694982111,-0.173474910555
sharp_gap_60s_econ_secondary,secondary,sharp_gap,1614992,mlb-cws-bos-2026-08-05,1,-0.0099999977,0.024435000009,-0.034434997709,-0.172174988547
sharp_gap_60s_econ_secondary,secondary,sharp_gap,1673805,mlb-min-kc-2026-08-06,2,-0.0099999719,0.024695000169,-0.034694972069,-0.173474860343
sharp_gap_60s_econ_secondary,secondary,sharp_gap,1673815,mlb-cws-bos-2026-08-06,1,-0.0099999674,0.023174999576,-0.033174966976,-0.165874834881
sharp_gap_60s_econ_secondary,secondary,sharp_gap,1673846,mlb-tor-phi-2026-08-07,1,-0.0099999976,0.022595000038,-0.032594997638,-0.162974988192
sharp_gap_60s_econ_secondary,secondary,sharp_gap,1673863,mlb-cin-wsh-2026-08-07,1,-0.0099999705,0.024874999959,-0.034874970459,-0.174374852295
sharp_gap_60s_econ_secondary,secondary,sharp_gap,1673882,mlb-oak-bos-2026-08-07,1,-0.0099999275,0.020374998477,-0.030374925977,-0.151874629887
sharp_gap_60s_econ_secondary,secondary,sharp_gap,1673893,mlb-cle-cws-2026-08-07,2,-0.0099999814,0.024435000149,-0.034434981549,-0.172174907744
rn1_30s_econ_oracle,oracle,rn1_oracle,1595165,mlb-nym-cle-2026-08-04,3,-0.003333220633,0.024618332856,-0.027951553489,-0.139757767444
rn1_30s_econ_oracle,oracle,rn1_oracle,1595169,mlb-wsh-phi-2026-08-04,3,-0.009253094,0.019457779777,-0.028710873777,-0.143554368886
rn1_30s_econ_oracle,oracle,rn1_oracle,1595170,mlb-stl-nyy-2026-08-04,2,-0.01,0.022595,-0.032595,-0.162975
rn1_30s_econ_oracle,oracle,rn1_oracle,1614997,mlb-pit-mil-2026-08-05,5,-0.03,0.024955,-0.054955,-0.274775
rn1_30s_econ_oracle,oracle,rn1_oracle,1673805,mlb-min-kc-2026-08-06,1,-0.02,0.02483,-0.04483,-0.22415
rn1_30s_econ_oracle,oracle,rn1_oracle,1673846,mlb-tor-phi-2026-08-07,1,-0.0099999807,0.022595000247,-0.032594980947,-0.162974904734
rn1_30s_econ_oracle,oracle,rn1_oracle,1673863,mlb-cin-wsh-2026-08-07,5,-0.00999997492,0.024874999972,-0.034874974892,-0.174374874462
