cohort_version,market_id,condition_id,slug,question,canonical_odds_game_id,canonical_oddsapi_id,home_team,away_team,canonical_commence_time,match_confidence,commence_candidate_count,commence_min,commence_max,commence_span_seconds,commence_resolution,token_count,rn1_status,rn1_trade_count,rn1_db_trade_count,rn1_earliest_trade,rn1_latest_trade,pregame_odds_snapshot_count,pregame_exchange_snapshot_count,first_pregame_capture,last_pregame_capture,last_capture_before_start_seconds,final_6h_snapshot_count,final_6h_exchange_snapshot_count,final_6h_book_count,final_6h_exchange_count,include_broad,include_tight,exclusion_reason
H2-v1,1595162,0xf447965f2669b7aa3e5f5d320b2cdd8c19943f8bfb90abbde31202d88aa9c56d,mlb-laa-bal-2026-08-04,Los Angeles Angels vs. Baltimore Orioles,1,fadc6a3080af39afc5de586f3e2945a3,Baltimore Orioles,Los Angeles Angels,2026-08-04T22:36:00+00:00,exact,1,2026-08-04T22:36:00+00:00,2026-08-04T22:36:00+00:00,0,single_start_candidate,2,complete,74,74,2026-08-04T22:35:12+00:00,2026-08-05T00:53:44+00:00,896,80,2026-08-04T12:53:01.230532+00:00,2026-08-04T22:00:02.809990+00:00,2157.19001,808,72,45,4,true,true,
H2-v1,1595163,0xd58033380ea1ab708e42f01d636ca60a8da6272f660bbfdc2e4c1acf27d1872d,mlb-oak-cin-2026-08-04,Athletics vs. Cincinnati Reds,2,f79dec5ded280dbf4ef07225e03ccd7e,Cincinnati Reds,Athletics,2026-08-04T22:40:41+00:00,exact,1,2026-08-04T22:40:41+00:00,2026-08-04T22:40:41+00:00,0,single_start_candidate,2,complete,132,132,2026-08-04T22:46:14+00:00,2026-08-05T01:15:32+00:00,898,80,2026-08-04T12:53:01.230532+00:00,2026-08-04T22:00:02.809990+00:00,2438.19001,810,72,45,4,true,true,
H2-v1,1595165,0x3250991062dee7e768335a2dca0b5282e8e3bf461120775a1f94de78cd7d55c6,mlb-nym-cle-2026-08-04,New York Mets vs. Cleveland Guardians,3,c242db575b7b666cd549f31569266d89,Cleveland Guardians,New York Mets,2026-08-04T22:41:36+00:00,exact,1,2026-08-04T22:41:36+00:00,2026-08-04T22:41:36+00:00,0,single_start_candidate,2,complete,59,59,2026-08-04T22:40:05+00:00,2026-08-05T01:07:23+00:00,898,80,2026-08-04T12:53:01.230532+00:00,2026-08-04T22:00:02.809990+00:00,2493.19001,810,72,45,4,true,true,
H2-v1,1595169,0x90dab0680f465b0e4f505295d1b138b2982a86a2eafa92b6530c5035efa7a716,mlb-wsh-phi-2026-08-04,Washington Nationals vs. Philadelphia Phillies,4,9d696e41666e6fc76dc4b83ced2e8996,Philadelphia Phillies,Washington Nationals,2026-08-04T22:42:34+00:00,exact,1,2026-08-04T22:42:34+00:00,2026-08-04T22:42:34+00:00,0,single_start_candidate,2,complete,45,45,2026-08-04T22:40:05+00:00,2026-08-05T00:40:20+00:00,898,80,2026-08-04T12:53:01.230532+00:00,2026-08-04T22:00:02.809990+00:00,2551.19001,810,72,45,4,true,true,
H2-v1,1595170,0x9e2cefa4b629c7943658c606dde621781ce9ba317908fe26b312518fb8562ebd,mlb-stl-nyy-2026-08-04,St. Louis Cardinals vs. New York Yankees,5,2279edd120dc52c88defa2a54e0e107d,New York Yankees,St. Louis Cardinals,2026-08-04T23:06:00+00:00,exact,1,2026-08-04T23:06:00+00:00,2026-08-04T23:06:00+00:00,0,single_start_candidate,2,complete,28,28,2026-08-04T23:05:03+00:00,2026-08-05T00:50:41+00:00,1074,96,2026-08-04T12:53:01.230532+00:00,2026-08-04T23:00:02.055369+00:00,357.944631,986,88,45,4,true,true,
H2-v1,1595171,0x04c98da98e911555ae84b84ee8391166710b856ebd757706fa86d22a8dbd5d8d,mlb-cws-bos-2026-08-04,Chicago White Sox vs. Boston Red Sox,6,00828e81b6bef980ada2777528d99f93,Boston Red Sox,Chicago White Sox,2026-08-04T23:11:00+00:00,exact,1,2026-08-04T23:11:00+00:00,2026-08-04T23:11:00+00:00,0,single_start_candidate,2,complete,44,44,2026-08-03T20:56:45+00:00,2026-08-05T01:09:15+00:00,1074,96,2026-08-04T12:53:01.230532+00:00,2026-08-04T23:00:02.055369+00:00,657.944631,986,88,45,4,true,true,
H2-v1,1595175,0xf40ac3bf4acb00311559af96e17ac875a5838e95ca62763dfcfad40c732da261,mlb-mia-atl-2026-08-04,Miami Marlins vs. Atlanta Braves,7,b78e7c3194121b22ad94556a6db3048c,Atlanta Braves,Miami Marlins,2026-08-04T23:16:00+00:00,exact,1,2026-08-04T23:16:00+00:00,2026-08-04T23:16:00+00:00,0,single_start_candidate,2,complete,68,68,2026-08-03T18:18:17+00:00,2026-08-05T01:10:32+00:00,1074,96,2026-08-04T12:53:01.230532+00:00,2026-08-04T23:00:02.055369+00:00,957.944631,986,88,45,4,true,true,
H2-v1,1595176,0x89ae4bd727cfb265d512f605df0827d6f1d9dc263e2ea669e93063365977ef67,mlb-pit-mil-2026-08-04,Pittsburgh Pirates vs. Milwaukee Brewers,8,9981a2df41e94c5547e84ff3f9979beb,Milwaukee Brewers,Pittsburgh Pirates,2026-08-04T23:40:00+00:00,exact,1,2026-08-04T23:40:00+00:00,2026-08-04T23:40:00+00:00,0,single_start_candidate,2,complete,25,25,2026-08-04T23:44:26+00:00,2026-08-05T01:46:39+00:00,1076,96,2026-08-04T12:53:01.230532+00:00,2026-08-04T23:00:02.055369+00:00,2397.944631,988,88,45,4,true,true,
H2-v1,1595178,0xb7cbbb1ae06d551cc95a17840350dda741d6f88aa5005d1a5a4e49f5de800980,mlb-min-kc-2026-08-04,Minnesota Twins vs. Kansas City Royals,9,9c77a3a4edfe3bf897bbe0330b1edbb7,Kansas City Royals,Minnesota Twins,2026-08-04T23:41:00+00:00,exact,1,2026-08-04T23:41:00+00:00,2026-08-04T23:41:00+00:00,0,single_start_candidate,2,complete,132,132,2026-08-04T23:58:02+00:00,2026-08-05T01:14:54+00:00,1052,96,2026-08-04T12:53:01.230532+00:00,2026-08-04T23:00:02.055369+00:00,2457.944631,966,88,44,4,true,true,
H2-v1,1615001,0x7e80d3794e50e7fb8626efb9a7826fd6deedd621f48e609a04f453235d6b7e60,mlb-det-sea-2026-08-05,Detroit Tigers vs. Seattle Mariners,15,631ee681c6e2c9bbf696b0564c11bd30,Seattle Mariners,Detroit Tigers,2026-08-05T01:41:00+00:00,exact,1,2026-08-05T01:41:00+00:00,2026-08-05T01:41:00+00:00,0,single_start_candidate,2,complete,62,62,2026-08-04T06:07:57+00:00,2026-08-06T03:57:59+00:00,1030,96,2026-08-04T12:53:01.230532+00:00,2026-08-04T23:00:02.055369+00:00,9657.944631,688,64,43,4,true,true,
H2-v1,1614998,0x76daa37c1941c4bd4c5906e3471f879f662bf5da5f40a29ee0bb33322b9a2dcc,mlb-sd-ari-2026-08-05,San Diego Padres vs. Arizona Diamondbacks,14,21df82e501e6c1d230d9c511b814ed68,Arizona Diamondbacks,San Diego Padres,2026-08-05T01:41:00+00:00,exact,1,2026-08-05T01:41:00+00:00,2026-08-05T01:41:00+00:00,0,single_start_candidate,2,complete,82,82,2026-08-06T01:42:47+00:00,2026-08-06T03:53:05+00:00,1028,96,2026-08-04T12:53:01.230532+00:00,2026-08-04T23:00:02.055369+00:00,9657.944631,688,64,43,4,true,true,
H2-v1,1614971,0x83175ebfdbce08270cc11b4f741f364f158ba707af2d1d46ed44657f0e60befd,mlb-tor-hou-2026-08-05,Toronto Blue Jays vs. Houston Astros,46,62d92e8ecf4bb3be97f03a09925eaec3,Houston Astros,Toronto Blue Jays,2026-08-05T18:10:03+00:00,exact,2,2026-08-05T00:10:00+00:00,2026-08-05T18:10:03+00:00,64803,manual_audit_previous_local_date_collision_later_candidate,2,complete,113,113,2026-08-05T18:12:51+00:00,2026-08-05T21:05:29+00:00,620,42,2026-08-04T18:45:02.244229+00:00,2026-08-05T18:00:13.551283+00:00,589.448717,90,8,45,4,true,true,
H2-v1,1614975,0xb3ffa74d46d4f6329a448d7bd7cfe55cc6e1c1f55b828c8bed6b02f13195d114,mlb-lad-chc-2026-08-05,Los Angeles Dodgers vs. Chicago Cubs,95,3c86d930d993bc3d18da99df6bc33038,Chicago Cubs,Los Angeles Dodgers,2026-08-05T18:21:00+00:00,exact,2,2026-08-05T00:06:00+00:00,2026-08-05T18:21:00+00:00,65700,manual_audit_previous_local_date_collision_later_candidate,2,complete,70,70,2026-08-05T18:20:03+00:00,2026-08-05T21:24:15+00:00,530,36,2026-08-04T19:45:01.941108+00:00,2026-08-05T18:00:13.551283+00:00,1246.448717,90,8,45,4,true,true,
H2-v1,1614979,0xbdc3c22670dd289f732ffccc83cb0cc1036b2389bbd76cb378bae46db03e1ed8,mlb-sf-tex-2026-08-05,San Francisco Giants vs. Texas Rangers,175,1af87dcd6b0633f04d74f0dea798bee9,Texas Rangers,San Francisco Giants,2026-08-05T18:36:00+00:00,exact,2,2026-08-05T00:06:00+00:00,2026-08-05T18:36:00+00:00,66600,manual_audit_previous_local_date_collision_later_candidate,2,complete,50,50,2026-08-05T18:35:03+00:00,2026-08-05T21:07:27+00:00,312,24,2026-08-04T21:00:02.179226+00:00,2026-08-05T18:00:13.551283+00:00,2146.448717,90,8,45,4,true,true,
H2-v1,1614976,0x34aae0d3ca8f99d1ecee2e60f748f6e39a9447040bcd7db0ef2dbdfa5f9309f6,mlb-tb-col-2026-08-05,Tampa Bay Rays vs. Colorado Rockies,47,afe94dee1642445e86e426474b8e7dee,Colorado Rockies,Tampa Bay Rays,2026-08-05T19:11:00+00:00,exact,2,2026-08-05T00:41:00+00:00,2026-08-05T19:11:00+00:00,66600,manual_audit_previous_local_date_collision_later_candidate,2,complete,68,68,2026-08-05T19:10:06+00:00,2026-08-05T21:43:12+00:00,810,58,2026-08-04T18:45:02.244229+00:00,2026-08-05T19:00:02.356984+00:00,657.643016,270,24,45,4,true,true,
H2-v1,1614981,0x48cd516b8e121227e822eef65706ac231431ccb2695a61bf5528ec653af43f0b,mlb-laa-bal-2026-08-05,Los Angeles Angels vs. Baltimore Orioles,48,fe0d956203b65ef42f68a6d324f8b922,Baltimore Orioles,Los Angeles Angels,2026-08-05T22:36:00+00:00,exact,1,2026-08-05T22:36:00+00:00,2026-08-05T22:36:00+00:00,0,single_start_candidate,2,complete,78,78,2026-08-05T22:35:03+00:00,2026-08-06T01:01:35+00:00,970,68,2026-08-04T18:45:02.244229+00:00,2026-08-05T20:00:02.773993+00:00,9357.226007,450,40,45,4,true,true,
H2-v1,1614983,0x31adeb60257394cd5b4656841e37063fa5f0dba7796097490351b834cc0407a8,mlb-oak-cin-2026-08-05,Athletics vs. Cincinnati Reds,148,3cf7e6e67663cb95cf7840aeb10f3020,Cincinnati Reds,Athletics,2026-08-05T22:40:37+00:00,exact,1,2026-08-05T22:40:37+00:00,2026-08-05T22:40:37+00:00,0,single_start_candidate,2,complete,66,66,2026-08-05T22:43:35+00:00,2026-08-06T01:02:18+00:00,796,60,2026-08-04T20:45:02.503656+00:00,2026-08-05T20:00:02.773993+00:00,9634.226007,450,40,45,4,true,true,
H2-v1,1614985,0xea15cab9ea12ef28d076215969375a7be059f78c948a34bb5ea38d4ff2d2cb7c,mlb-nym-cle-2026-08-05,New York Mets vs. Cleveland Guardians,49,6eed9689ad215fe5673360260ee19300,Cleveland Guardians,New York Mets,2026-08-05T22:41:42+00:00,exact,1,2026-08-05T22:41:42+00:00,2026-08-05T22:41:42+00:00,0,single_start_candidate,2,complete,128,128,2026-08-05T22:40:06+00:00,2026-08-06T01:57:59+00:00,928,68,2026-08-04T18:45:02.244229+00:00,2026-08-05T20:00:02.773993+00:00,9699.226007,450,40,45,4,true,true,
H2-v1,1614987,0xb689520c8ea8f583f21327df7d9e45896be56072ea2c3fdf6e75ccdd84b2e5e0,mlb-wsh-phi-2026-08-05,Washington Nationals vs. Philadelphia Phillies,50,abfd6c313f05e6a63db17ff99a71c76b,Philadelphia Phillies,Washington Nationals,2026-08-05T23:05:00+00:00,exact,1,2026-08-05T23:05:00+00:00,2026-08-05T23:05:00+00:00,0,single_start_candidate,2,complete,150,150,2026-08-05T22:40:20+00:00,2026-08-06T02:43:29+00:00,1092,84,2026-08-04T18:45:02.244229+00:00,2026-08-05T23:00:02.618195+00:00,297.381805,616,56,45,4,true,true,
H2-v1,1614992,0x71cc5dd0766e0306f331cb61a56419ca1aa24e65c9a5b3abdd79172aa1123a9e,mlb-cws-bos-2026-08-05,Chicago White Sox vs. Boston Red Sox,52,1f3cb32a66435b66d77c6543ea984cc6,Boston Red Sox,Chicago White Sox,2026-08-05T23:11:00+00:00,exact,1,2026-08-05T23:11:00+00:00,2026-08-05T23:11:00+00:00,0,single_start_candidate,2,complete,64,64,2026-08-05T23:10:03+00:00,2026-08-06T01:47:15+00:00,1044,80,2026-08-04T18:45:02.244229+00:00,2026-08-05T23:00:02.618195+00:00,657.381805,606,56,45,4,true,true,
H2-v1,1614991,0x10a3732cba02a69e466314f3a114684571613c1b4f36c3f3b7e9681ef5e87196,mlb-mia-atl-2026-08-05,Miami Marlins vs. Atlanta Braves,53,13fc628a643df99823132352ed6779c6,Atlanta Braves,Miami Marlins,2026-08-05T23:16:00+00:00,exact,1,2026-08-05T23:16:00+00:00,2026-08-05T23:16:00+00:00,0,single_start_candidate,2,complete,52,52,2026-08-05T23:15:09+00:00,2026-08-06T01:34:54+00:00,1040,80,2026-08-04T18:45:02.244229+00:00,2026-08-05T23:00:02.618195+00:00,957.381805,606,56,45,4,true,true,
H2-v1,1614997,0xeb6b5b543f3b93fc99f0913e144b55d57e7fa24f9594489b519b6c3487d4189c,mlb-pit-mil-2026-08-05,Pittsburgh Pirates vs. Milwaukee Brewers,154,34a753d38dc147edbd4974784d1746a0,Milwaukee Brewers,Pittsburgh Pirates,2026-08-05T23:40:54+00:00,exact,1,2026-08-05T23:40:54+00:00,2026-08-05T23:40:54+00:00,0,single_start_candidate,2,complete,67,67,2026-08-04T17:09:11+00:00,2026-08-06T02:16:18+00:00,910,72,2026-08-04T20:45:02.503656+00:00,2026-08-05T23:00:02.618195+00:00,2451.381805,604,56,44,4,true,true,
H2-v1,1614994,0xca8788f29aef5bf45042ae2567a20e4fef6494bac01ffdad9934a727b5784edc,mlb-min-kc-2026-08-05,Minnesota Twins vs. Kansas City Royals,54,fbdb4a62358d122e0acbb41bc889d778,Kansas City Royals,Minnesota Twins,2026-08-05T23:41:00+00:00,exact,1,2026-08-05T23:41:00+00:00,2026-08-05T23:41:00+00:00,0,single_start_candidate,2,complete,45,45,2026-08-05T23:43:09+00:00,2026-08-06T01:46:41+00:00,1042,80,2026-08-04T18:45:02.244229+00:00,2026-08-05T23:00:02.618195+00:00,2457.381805,608,56,45,4,true,true,
H2-v1,1614988,0xfa7715db801d85d5f0909d56c4cf912b3412d5b4f043880f042293a3f29e3b3c,mlb-stl-nyy-2026-08-05,St. Louis Cardinals vs. New York Yankees,51,2da70aefb8ce542046f6790787c32469,New York Yankees,St. Louis Cardinals,2026-08-06T00:15:00+00:00,exact,1,2026-08-06T00:15:00+00:00,2026-08-06T00:15:00+00:00,0,single_start_candidate,2,complete,90,90,2026-08-05T23:05:05+00:00,2026-08-06T03:31:33+00:00,1182,96,2026-08-04T18:45:02.244229+00:00,2026-08-06T00:00:03.326775+00:00,896.673225,656,64,45,4,true,true,
H2-v1,1673808,0x4dbdf2191c0660d1c9b97ce261b42cdd2ec51555574cf4863d7128083093a6b2,mlb-sd-ari-2026-08-06,San Diego Padres vs. Arizona Diamondbacks,156,25afb7f521e15df3fe39a9d8d2db3bb7,Arizona Diamondbacks,San Diego Padres,2026-08-06T01:41:00+00:00,exact,1,2026-08-06T01:41:00+00:00,2026-08-06T01:41:00+00:00,0,single_start_candidate,2,complete,33,33,2026-08-07T01:42:33+00:00,2026-08-07T02:41:03+00:00,1060,94,2026-08-04T20:45:02.503656+00:00,2026-08-06T00:45:03.053753+00:00,3356.946247,600,56,43,4,true,true,
H2-v1,1673754,0xa4a9f26fc604721f0c499604ea9b0c5423966d4abf19db6e0e5146eb9d2b810a,mlb-laa-bal-2026-08-06,Los Angeles Angels vs. Baltimore Orioles,372,3b23ade05c9d38068df5e7af422bca05,Baltimore Orioles,Los Angeles Angels,2026-08-06T16:36:00+00:00,exact,1,2026-08-06T16:36:00+00:00,2026-08-06T16:36:00+00:00,0,single_start_candidate,2,complete,90,90,2026-08-05T12:14:14+00:00,2026-08-06T19:15:57+00:00,346,30,2026-08-05T18:45:01.986126+00:00,2026-08-06T00:45:03.053753+00:00,57056.946247,0,0,0,0,true,false,no_final_6h_odds_or_exchange_coverage
H2-v1,1673793,0x2407d896eb3c54efa8cf77183654599ecbc7d01c7f0fcf997606a1d920b2fb10,mlb-oak-cin-2026-08-06,Athletics vs. Cincinnati Reds,373,7c802d98715da7e739509739f8e60f5f,Cincinnati Reds,Athletics,2026-08-06T16:41:43+00:00,exact,1,2026-08-06T16:41:43+00:00,2026-08-06T16:41:43+00:00,0,single_start_candidate,2,complete,55,55,2026-08-06T16:46:45+00:00,2026-08-06T19:21:02+00:00,388,28,2026-08-05T18:45:01.986126+00:00,2026-08-06T00:45:03.053753+00:00,57399.946247,0,0,0,0,true,false,no_final_6h_odds_or_exchange_coverage
H2-v1,1673795,0x78d1a02e5788f1fb0b915458c5e73984b83173353986cbaf53c5f9fbe1e0aa0c,mlb-nym-cle-2026-08-06,New York Mets vs. Cleveland Guardians,374,311a536eb6f91726dc481b22b9ef6b79,Cleveland Guardians,New York Mets,2026-08-06T17:11:00+00:00,exact,1,2026-08-06T17:11:00+00:00,2026-08-06T17:11:00+00:00,0,single_start_candidate,2,complete,27,27,2026-08-06T17:26:45+00:00,2026-08-06T19:31:26+00:00,430,28,2026-08-05T18:45:01.986126+00:00,2026-08-06T00:45:03.053753+00:00,59156.946247,0,0,0,0,true,false,no_final_6h_odds_or_exchange_coverage
H2-v1,1673842,0x8d98df1d631959e4fc45da7cb881cbe3e924a7a88ae25e898e98ae6791b2793f,mlb-pit-mil-2026-08-06,Pittsburgh Pirates vs. Milwaukee Brewers,375,33efbfd48fbb5b3d12cc4aa1a6018b34,Milwaukee Brewers,Pittsburgh Pirates,2026-08-06T18:11:00+00:00,exact,1,2026-08-06T18:11:00+00:00,2026-08-06T18:11:00+00:00,0,single_start_candidate,2,complete,85,85,2026-08-06T18:10:08+00:00,2026-08-06T20:34:17+00:00,494,36,2026-08-05T18:45:01.986126+00:00,2026-08-06T18:00:12.635763+00:00,647.364237,90,8,45,4,true,true,
H2-v1,1673840,0x0228b93fb01788db845e5868100a3ebd773aeb33f0f65e0926f9e15cc015ac96,mlb-det-sea-2026-08-06,Detroit Tigers vs. Seattle Mariners,377,dea6bc3b8ae0fab7dc878d04c9124070,Seattle Mariners,Detroit Tigers,2026-08-06T20:11:00+00:00,exact,2,2026-08-06T01:41:00+00:00,2026-08-06T20:11:00+00:00,66600,manual_audit_previous_local_date_collision_later_candidate,2,complete,52,52,2026-08-06T20:11:23+00:00,2026-08-06T22:09:44+00:00,468,36,2026-08-05T18:45:01.986126+00:00,2026-08-06T18:00:12.635763+00:00,7847.364237,90,8,45,4,true,true,
H2-v1,1673810,0x6d3915d2e5aba59d058874238319a7e83309aaeafbc2a389f5a95f4d3d8ebcd9,mlb-wsh-phi-2026-08-06,Washington Nationals vs. Philadelphia Phillies,378,e5bd0415f3218955de3af0edaea0e987,Philadelphia Phillies,Washington Nationals,2026-08-06T22:06:00+00:00,exact,1,2026-08-06T22:06:00+00:00,2026-08-06T22:06:00+00:00,0,single_start_candidate,2,complete,59,59,2026-08-06T22:05:06+00:00,2026-08-07T00:47:56+00:00,572,52,2026-08-05T18:45:01.986126+00:00,2026-08-06T21:45:02.869331+00:00,1257.130669,270,24,45,4,true,true,
H2-v1,1673815,0xa5144d487f22937f5bc46c655ab3cf1063edebefef327fa08ffeed421e60688f,mlb-cws-bos-2026-08-06,Chicago White Sox vs. Boston Red Sox,379,ea84587619219eda157528a5519fdb38,Boston Red Sox,Chicago White Sox,2026-08-06T23:11:00+00:00,exact,1,2026-08-06T23:11:00+00:00,2026-08-06T23:11:00+00:00,0,single_start_candidate,2,complete,419,419,2026-08-06T23:11:15+00:00,2026-08-07T03:35:43+00:00,736,56,2026-08-05T18:45:01.986126+00:00,2026-08-06T23:00:02.340366+00:00,657.659634,358,32,45,4,true,true,
H2-v1,1673812,0x75925ee36022684960b17d5d8842a0d88ab1f9125f975f9590f34496fbd066d5,mlb-mia-atl-2026-08-06,Miami Marlins vs. Atlanta Braves,380,4f9df9d570d705ced380cfa799b0b640,Atlanta Braves,Miami Marlins,2026-08-06T23:16:00+00:00,exact,1,2026-08-06T23:16:00+00:00,2026-08-06T23:16:00+00:00,0,single_start_candidate,2,complete,42,42,2026-08-06T23:15:12+00:00,2026-08-07T02:59:34+00:00,722,54,2026-08-05T18:45:01.986126+00:00,2026-08-06T23:00:02.340366+00:00,957.659634,354,32,45,4,true,true,
H2-v1,1673805,0x1b54546f205ce9a93ccd91b2847c7fbacd871e072f915a66a6cbe91404878788,mlb-min-kc-2026-08-06,Minnesota Twins vs. Kansas City Royals,381,7ccb6905d278343fbef656a8d2664d89,Kansas City Royals,Minnesota Twins,2026-08-06T23:41:00+00:00,exact,1,2026-08-06T23:41:00+00:00,2026-08-06T23:41:00+00:00,0,single_start_candidate,2,complete,172,172,2026-08-06T23:40:06+00:00,2026-08-07T02:30:21+00:00,710,52,2026-08-05T18:45:01.986126+00:00,2026-08-06T23:00:02.340366+00:00,2457.659634,348,32,45,4,true,true,
H2-v1,1673845,0x71fa2b9df79ae3aed7721dfde68b16673f191b93cfcc24909ccd237fbe1a334c,mlb-nym-pit-2026-08-07,New York Mets vs. Pittsburgh Pirates,630,b16edbe527767ab334db0995f39c8a5d,Pittsburgh Pirates,New York Mets,2026-08-07T22:42:14+00:00,exact,1,2026-08-07T22:42:14+00:00,2026-08-07T22:42:14+00:00,0,single_start_candidate,2,complete,75,75,2026-08-07T22:40:52+00:00,2026-08-08T02:11:04+00:00,1124,90,2026-08-06T21:45:02.869331+00:00,2026-08-07T22:00:03.372802+00:00,2530.627198,810,72,45,4,true,true,
H2-v1,1673887,0x1834230745e97fd13fd6417f8e598f6d9b0c02bab0e15ba8838c84284d25b442,mlb-laa-mia-2026-08-07,Los Angeles Angels vs. Miami Marlins,618,cd7a442939785b6d6b84212d352d5f62,Miami Marlins,Los Angeles Angels,2026-08-07T23:11:00+00:00,exact,1,2026-08-07T23:11:00+00:00,2026-08-07T23:11:00+00:00,0,single_start_candidate,2,complete,96,96,2026-08-07T23:11:13+00:00,2026-08-08T02:04:16+00:00,1342,106,2026-08-06T21:00:02.502363+00:00,2026-08-07T23:00:03.995609+00:00,656.004391,986,88,45,4,true,true,
H2-v1,1673882,0x977c0519cc902a6bf7a8a6015ab745581615790f3f19b6f98b88c38054790d68,mlb-oak-bos-2026-08-07,Athletics vs. Boston Red Sox,650,91a75ec8bd4cdcae338a3b513e0ad681,Boston Red Sox,Athletics,2026-08-07T23:11:00+00:00,exact,1,2026-08-07T23:11:00+00:00,2026-08-07T23:11:00+00:00,0,single_start_candidate,2,complete,32,32,2026-08-07T23:10:04+00:00,2026-08-08T00:29:27+00:00,1226,102,2026-08-06T23:00:02.340366+00:00,2026-08-07T23:00:03.995609+00:00,656.004391,986,88,45,4,true,true,
H2-v1,1673893,0x396c671d5f43d443da553cecd9a2922ae6f3ef60fef77961d47c554241817409,mlb-cle-cws-2026-08-07,Cleveland Guardians vs. Chicago White Sox,634,cad05e7cd27dfc1bc5a8301e34d64c33,Chicago White Sox,Cleveland Guardians,2026-08-07T23:41:00+00:00,exact,1,2026-08-07T23:41:00+00:00,2026-08-07T23:41:00+00:00,0,single_start_candidate,2,complete,81,81,2026-08-07T23:43:36+00:00,2026-08-08T01:47:51+00:00,1196,102,2026-08-06T21:45:02.869331+00:00,2026-08-07T23:00:03.995609+00:00,2456.004391,988,88,45,4,true,true,
H2-v1,1673903,0x538589f4b0ba89623a2067830f6e137c0ed13eb4414cb8d5755abf19e9f94419,mlb-min-mil-2026-08-07,Minnesota Twins vs. Milwaukee Brewers,719,ed9fcfc2137fc652d961d19c318bc7be,Milwaukee Brewers,Minnesota Twins,2026-08-07T23:41:00+00:00,exact,1,2026-08-07T23:41:00+00:00,2026-08-07T23:41:00+00:00,0,single_start_candidate,2,complete,88,88,2026-08-07T23:43:46+00:00,2026-08-08T02:29:04+00:00,1028,90,2026-08-07T04:45:02.209344+00:00,2026-08-07T23:00:03.995609+00:00,2456.004391,988,88,45,4,true,true,
H2-v1,1673863,0x85103a46008451b326ce5cac11e4377e7c06baef3631a6a78e6ddfc593d68a5d,mlb-cin-wsh-2026-08-07,Cincinnati Reds vs. Washington Nationals,729,99fc4bfc698f7aa670b98139e490d1ff,Washington Nationals,Cincinnati Reds,2026-08-07T23:46:00+00:00,exact,1,2026-08-07T23:46:00+00:00,2026-08-07T23:46:00+00:00,0,single_start_candidate,2,complete,124,124,2026-08-07T22:52:27+00:00,2026-08-08T02:24:46+00:00,1044,94,2026-08-07T18:00:02.829250+00:00,2026-08-07T23:45:02.363334+00:00,57.636666,1044,94,45,4,true,true,
H2-v1,1673846,0xc3d4ea1d592f030ba20a226a4825b83ee10dd0fd428650e60011109c8a617346,mlb-tor-phi-2026-08-07,Toronto Blue Jays vs. Philadelphia Phillies,631,de2d6836db4bc97363ff6663002a1226,Philadelphia Phillies,Toronto Blue Jays,2026-08-08T00:41:00+00:00,exact,1,2026-08-08T00:41:00+00:00,2026-08-08T00:41:00+00:00,0,single_start_candidate,2,complete,146,146,2026-08-06T15:12:15+00:00,2026-08-08T04:00:28+00:00,1302,114,2026-08-06T21:45:02.869331+00:00,2026-08-07T23:45:02.363334+00:00,3357.636666,942,88,45,4,true,true,
H2-v1,1673885,0x2f40b48f8d3177ec141fc216669c06206f37c359c0ace9cde11925055c0638a1,mlb-atl-nyy-2026-08-07,Atlanta Braves vs. New York Yankees,617,f21b26648f99c091191633eaa4b9d593,New York Yankees,Atlanta Braves,2026-08-08T01:01:00+00:00,exact,1,2026-08-08T01:01:00+00:00,2026-08-08T01:01:00+00:00,0,single_start_candidate,2,complete,158,158,2026-08-08T01:03:10+00:00,2026-08-08T04:15:58+00:00,1358,110,2026-08-06T21:00:02.502363+00:00,2026-08-07T23:45:02.363334+00:00,4557.636666,780,72,45,4,true,true,
