analysis_id,analysis_class,channel,signal_id,market_id,slug,signal_time,desired_token,opposite_token,action_latency_seconds,signal_target_seconds,max_delay_after_target_seconds,minimum_print_size_shares,entry_time,entry_delay_seconds,entry_price,entry_print_size,hedge_time,hedge_delay_after_target_seconds,hedge_price,hedge_print_size,gross_pnl_per_share,entry_fee_per_share,hedge_fee_per_share,total_fee_per_share,platform_fee_adjusted_pnl_per_share,five_share_platform_fee_adjusted_pnl,total_pair_cost_per_share,return_on_total_pair_cost
sharp_60s_econ_primary,primary,sharp,sharp:0020,1595163,mlb-oak-cin-2026-08-04,2026-08-04T22:00:02.809990+00:00,home,away,10,60,300,5,2026-08-04T22:00:38+00:00,35.19001,0.5499999587,7.272726,2026-08-04T22:03:20+00:00,137.19001,0.4599999816,19.565216,-0.0099999403,0.012375000206,0.012419999926,0.024795000133,-0.034794940433,-0.173974702164,1.034794940433,-0.033624961887
sharp_60s_econ_primary,primary,sharp,sharp:0024,1595165,mlb-nym-cle-2026-08-04,2026-08-04T19:00:02.432024+00:00,away,home,10,60,300,5,2026-08-04T19:01:00+00:00,57.567976,0.42,35.71,2026-08-04T19:02:12+00:00,69.567976,0.5899999662,7.694914,-0.0099999662,0.01218,0.012095000304,0.024275000304,-0.034274966504,-0.171374832521,1.034274966504,-0.033139124135
sharp_60s_econ_primary,primary,sharp,sharp:0055,1595171,mlb-cws-bos-2026-08-04,2026-08-04T18:45:02.244229+00:00,home,away,10,60,300,5,2026-08-04T18:45:30+00:00,27.755771,0.56,53.57,2026-08-04T18:50:17+00:00,254.755771,0.45,13.02,-0.01,0.01232,0.012375,0.024695,-0.034695,-0.173475,1.034695,-0.033531620429
sharp_60s_econ_primary,primary,sharp,sharp:0075,1595175,mlb-mia-atl-2026-08-04,2026-08-04T22:45:01.709640+00:00,home,away,10,60,300,5,2026-08-04T22:45:45+00:00,43.29036,0.5799999988,86.206895,2026-08-04T22:46:41+00:00,39.29036,0.4299999871,11.627905,-0.0099999859,0.01218000001,0.01225499991,0.024434999919,-0.034434985819,-0.172174929096,1.034434985819,-0.033288690243
sharp_60s_econ_primary,primary,sharp,sharp:0136,1614971,mlb-tor-hou-2026-08-05,2026-08-05T18:00:13.551283+00:00,home,away,10,60,300,5,2026-08-05T18:00:48+00:00,34.448717,0.67,8858.208954,2026-08-05T18:01:36+00:00,22.448717,0.3399999633,14.705881,-0.0099999633,0.011055,0.011219999413,0.022274999413,-0.032274962713,-0.161374813564,1.032274962713,-0.031265858302
sharp_60s_econ_primary,primary,sharp,sharp:0146,1614975,mlb-lad-chc-2026-08-05,2026-08-05T18:00:13.551283+00:00,away,home,10,60,300,5,2026-08-05T18:00:27+00:00,13.448717,0.48,1664,2026-08-05T18:01:30+00:00,16.448717,0.53,47,-0.01,0.01248,0.012455,0.024935,-0.034935,-0.174675,1.034935,-0.033755743114
sharp_60s_econ_primary,primary,sharp,sharp:0166,1614976,mlb-tb-col-2026-08-05,2026-08-05T19:00:02.356984+00:00,home,away,10,60,300,5,2026-08-05T19:00:18+00:00,15.643016,0.42,341.78,2026-08-05T19:01:35+00:00,32.643016,0.5899999998,1694.915253,-0.0099999998,0.01218,0.012095000002,0.024275000002,-0.034274999802,-0.171374999009,1.034274999802,-0.033139155262
sharp_60s_econ_primary,primary,sharp,sharp:0181,1614981,mlb-laa-bal-2026-08-05,2026-08-05T19:45:02.350364+00:00,home,away,10,60,300,5,2026-08-05T19:45:39+00:00,36.649636,0.5595675364,12507.87357,2026-08-05T19:46:05+00:00,2.649636,0.4499999792,21.622221,-0.0095675156,0.01232258543,0.012374999896,0.024697585326,-0.034265100926,-0.171325504632,1.034265100926,-0.033129901508
sharp_60s_econ_primary,primary,sharp,sharp:0246,1614992,mlb-cws-bos-2026-08-05,2026-08-05T23:00:02.618195+00:00,home,away,10,60,300,5,2026-08-05T23:00:27+00:00,24.381805,0.5799999983,35.482757,2026-08-05T23:01:12+00:00,9.381805,0.4299999994,725.581394,-0.0099999977,0.012180000014,0.012254999996,0.024435000009,-0.034434997709,-0.172174988547,1.034434997709,-0.033288701355
sharp_60s_econ_primary,primary,sharp,sharp:0369,1673842,mlb-pit-mil-2026-08-06,2026-08-06T18:00:12.635763+00:00,away,home,10,60,300,5,2026-08-06T18:00:50+00:00,37.364237,0.4699999925,31.914892,2026-08-06T18:02:50+00:00,97.364237,0.5399999981,185.185184,-0.0099999906,0.012454999977,0.012420000008,0.024874999985,-0.034874990585,-0.174374952925,1.034874990585,-0.033699713398
sharp_60s_econ_primary,primary,sharp,sharp:0403,1673815,mlb-cws-bos-2026-08-06,2026-08-06T21:45:02.869331+00:00,home,away,10,60,300,5,2026-08-06T21:45:21+00:00,18.130669,0.64,10,2026-08-06T21:47:18+00:00,75.130669,0.3699999674,13.513512,-0.0099999674,0.01152,0.011654999576,0.023174999576,-0.033174966976,-0.165874834881,1.033174966976,-0.032109727816
sharp_60s_econ_primary,primary,sharp,sharp:0427,1673805,mlb-min-kc-2026-08-06,2026-08-06T21:45:02.869331+00:00,home,away,10,60,300,5,2026-08-06T21:45:38+00:00,35.130669,0.5599999776,17.85714,2026-08-06T21:46:06+00:00,3.130669,0.45,22.22,-0.0099999776,0.012320000134,0.012375,0.024695000134,-0.034694977734,-0.173474888672,1.034694977734,-0.033531599632
sharp_60s_econ_primary,primary,sharp,sharp:0453,1673887,mlb-laa-mia-2026-08-07,2026-08-07T20:00:02.327371+00:00,home,away,10,60,300,5,2026-08-07T20:00:49+00:00,46.672629,0.5899999953,42.37288,2026-08-07T20:05:06+00:00,243.672629,0.4199999836,10.952379,-0.0099999789,0.012095000042,0.012179999869,0.024274999911,-0.034274978811,-0.171374894055,1.034274978811,-0.033139135639
sharp_60s_econ_primary,primary,sharp,sharp:0469,1673882,mlb-oak-bos-2026-08-07,2026-08-07T20:45:02.332457+00:00,home,away,10,60,300,5,2026-08-07T20:45:31+00:00,28.667543,0.7199999831,7.097221,2026-08-07T20:47:46+00:00,103.667543,0.2899999956,103.448274,-0.0099999787,0.010080000372,0.010294999908,0.020375000279,-0.030374978979,-0.151874894897,1.030374978979,-0.029479538614
sharp_60s_econ_primary,primary,sharp,sharp:0474,1673882,mlb-oak-bos-2026-08-07,2026-08-07T23:00:03.995609+00:00,home,away,10,60,300,5,2026-08-07T23:00:21+00:00,17.004391,0.72,228,2026-08-07T23:01:04+00:00,0.004391,0.2899999275,6.89655,-0.0099999275,0.01008,0.010294998477,0.020374998477,-0.030374925977,-0.151874629887,1.030374925977,-0.029479488691
sharp_60s_econ_primary,primary,sharp,sharp:0486,1673893,mlb-cle-cws-2026-08-07,2026-08-07T21:45:02.708592+00:00,home,away,10,60,300,5,2026-08-07T21:45:15+00:00,12.291408,0.43,23.25,2026-08-07T21:47:01+00:00,58.291408,0.5799999767,16.275861,-0.0099999767,0.012255,0.012180000186,0.024435000186,-0.034434976886,-0.172174884432,1.034434976886,-0.033288681895
sharp_60s_econ_primary,primary,sharp,sharp:0488,1673893,mlb-cle-cws-2026-08-07,2026-08-07T22:45:01.947561+00:00,away,home,10,60,300,5,2026-08-07T22:45:13+00:00,11.052439,0.5799999861,17.241378,2026-08-07T22:47:28+00:00,86.052439,0.43,23.25,-0.0099999861,0.012180000111,0.012255,0.024435000111,-0.034434986211,-0.172174931056,1.034434986211,-0.033288690609
sharp_60s_econ_primary,primary,sharp,sharp:0512,1673863,mlb-cin-wsh-2026-08-07,2026-08-07T23:00:03.995609+00:00,away,home,10,60,300,5,2026-08-07T23:01:01+00:00,57.004391,0.4699999773,20.255318,2026-08-07T23:03:27+00:00,143.004391,0.5399999932,17.629628,-0.0099999705,0.012454999932,0.012420000027,0.024874999959,-0.034874970459,-0.174374852295,1.034874970459,-0.033699694605
sharp_60s_econ_primary,primary,sharp,sharp:0526,1673846,mlb-tor-phi-2026-08-07,2026-08-07T21:45:02.708592+00:00,away,home,10,60,300,5,2026-08-07T21:45:36+00:00,33.291408,0.35,25,2026-08-07T21:46:19+00:00,16.291408,0.6599999976,75.757573,-0.0099999976,0.011375,0.011220000038,0.022595000038,-0.032594997638,-0.162974988192,1.032594997638,-0.031566100662
sharp_60s_econ_primary,primary,sharp,sharp:0528,1673846,mlb-tor-phi-2026-08-07,2026-08-07T22:45:01.947561+00:00,home,away,10,60,300,5,2026-08-07T22:45:27+00:00,25.052439,0.6599999604,7.575755,2026-08-07T22:48:36+00:00,154.052439,0.3499999963,121.571427,-0.0099999567,0.011220000634,0.011374999944,0.022595000578,-0.032594957278,-0.16297478639,1.032594957278,-0.031566062809
sharp_60s_econ_hedge60,sensitivity,sharp,sharp:0075,1595175,mlb-mia-atl-2026-08-04,2026-08-04T22:45:01.709640+00:00,home,away,10,60,60,5,2026-08-04T22:45:45+00:00,43.29036,0.5799999988,86.206895,2026-08-04T22:46:41+00:00,39.29036,0.4299999871,11.627905,-0.0099999859,0.01218000001,0.01225499991,0.024434999919,-0.034434985819,-0.172174929096,1.034434985819,-0.033288690243
sharp_60s_econ_hedge60,sensitivity,sharp,sharp:0136,1614971,mlb-tor-hou-2026-08-05,2026-08-05T18:00:13.551283+00:00,home,away,10,60,60,5,2026-08-05T18:00:48+00:00,34.448717,0.67,8858.208954,2026-08-05T18:01:36+00:00,22.448717,0.3399999633,14.705881,-0.0099999633,0.011055,0.011219999413,0.022274999413,-0.032274962713,-0.161374813564,1.032274962713,-0.031265858302
sharp_60s_econ_hedge60,sensitivity,sharp,sharp:0146,1614975,mlb-lad-chc-2026-08-05,2026-08-05T18:00:13.551283+00:00,away,home,10,60,60,5,2026-08-05T18:00:27+00:00,13.448717,0.48,1664,2026-08-05T18:01:30+00:00,16.448717,0.53,47,-0.01,0.01248,0.012455,0.024935,-0.034935,-0.174675,1.034935,-0.033755743114
sharp_60s_econ_hedge60,sensitivity,sharp,sharp:0166,1614976,mlb-tb-col-2026-08-05,2026-08-05T19:00:02.356984+00:00,home,away,10,60,60,5,2026-08-05T19:00:18+00:00,15.643016,0.42,341.78,2026-08-05T19:01:35+00:00,32.643016,0.5899999998,1694.915253,-0.0099999998,0.01218,0.012095000002,0.024275000002,-0.034274999802,-0.171374999009,1.034274999802,-0.033139155262
sharp_60s_econ_hedge60,sensitivity,sharp,sharp:0181,1614981,mlb-laa-bal-2026-08-05,2026-08-05T19:45:02.350364+00:00,home,away,10,60,60,5,2026-08-05T19:45:39+00:00,36.649636,0.5595675364,12507.87357,2026-08-05T19:46:05+00:00,2.649636,0.4499999792,21.622221,-0.0095675156,0.01232258543,0.012374999896,0.024697585326,-0.034265100926,-0.171325504632,1.034265100926,-0.033129901508
sharp_60s_econ_hedge60,sensitivity,sharp,sharp:0246,1614992,mlb-cws-bos-2026-08-05,2026-08-05T23:00:02.618195+00:00,home,away,10,60,60,5,2026-08-05T23:00:27+00:00,24.381805,0.5799999983,35.482757,2026-08-05T23:01:12+00:00,9.381805,0.4299999994,725.581394,-0.0099999977,0.012180000014,0.012254999996,0.024435000009,-0.034434997709,-0.172174988547,1.034434997709,-0.033288701355
sharp_60s_econ_hedge60,sensitivity,sharp,sharp:0427,1673805,mlb-min-kc-2026-08-06,2026-08-06T21:45:02.869331+00:00,home,away,10,60,60,5,2026-08-06T21:45:38+00:00,35.130669,0.5599999776,17.85714,2026-08-06T21:46:06+00:00,3.130669,0.45,22.22,-0.0099999776,0.012320000134,0.012375,0.024695000134,-0.034694977734,-0.173474888672,1.034694977734,-0.033531599632
sharp_60s_econ_hedge60,sensitivity,sharp,sharp:0474,1673882,mlb-oak-bos-2026-08-07,2026-08-07T23:00:03.995609+00:00,home,away,10,60,60,5,2026-08-07T23:00:21+00:00,17.004391,0.72,228,2026-08-07T23:01:04+00:00,0.004391,0.2899999275,6.89655,-0.0099999275,0.01008,0.010294998477,0.020374998477,-0.030374925977,-0.151874629887,1.030374925977,-0.029479488691
sharp_60s_econ_hedge60,sensitivity,sharp,sharp:0486,1673893,mlb-cle-cws-2026-08-07,2026-08-07T21:45:02.708592+00:00,home,away,10,60,60,5,2026-08-07T21:45:15+00:00,12.291408,0.43,23.25,2026-08-07T21:47:01+00:00,58.291408,0.5799999767,16.275861,-0.0099999767,0.012255,0.012180000186,0.024435000186,-0.034434976886,-0.172174884432,1.034434976886,-0.033288681895
sharp_60s_econ_hedge60,sensitivity,sharp,sharp:0526,1673846,mlb-tor-phi-2026-08-07,2026-08-07T21:45:02.708592+00:00,away,home,10,60,60,5,2026-08-07T21:45:36+00:00,33.291408,0.35,25,2026-08-07T21:46:19+00:00,16.291408,0.6599999976,75.757573,-0.0099999976,0.011375,0.011220000038,0.022595000038,-0.032594997638,-0.162974988192,1.032594997638,-0.031566100662
sharp_60s_econ_hedge120,sensitivity,sharp,sharp:0024,1595165,mlb-nym-cle-2026-08-04,2026-08-04T19:00:02.432024+00:00,away,home,10,60,120,5,2026-08-04T19:01:00+00:00,57.567976,0.42,35.71,2026-08-04T19:02:12+00:00,69.567976,0.5899999662,7.694914,-0.0099999662,0.01218,0.012095000304,0.024275000304,-0.034274966504,-0.171374832521,1.034274966504,-0.033139124135
sharp_60s_econ_hedge120,sensitivity,sharp,sharp:0075,1595175,mlb-mia-atl-2026-08-04,2026-08-04T22:45:01.709640+00:00,home,away,10,60,120,5,2026-08-04T22:45:45+00:00,43.29036,0.5799999988,86.206895,2026-08-04T22:46:41+00:00,39.29036,0.4299999871,11.627905,-0.0099999859,0.01218000001,0.01225499991,0.024434999919,-0.034434985819,-0.172174929096,1.034434985819,-0.033288690243
sharp_60s_econ_hedge120,sensitivity,sharp,sharp:0136,1614971,mlb-tor-hou-2026-08-05,2026-08-05T18:00:13.551283+00:00,home,away,10,60,120,5,2026-08-05T18:00:48+00:00,34.448717,0.67,8858.208954,2026-08-05T18:01:36+00:00,22.448717,0.3399999633,14.705881,-0.0099999633,0.011055,0.011219999413,0.022274999413,-0.032274962713,-0.161374813564,1.032274962713,-0.031265858302
sharp_60s_econ_hedge120,sensitivity,sharp,sharp:0146,1614975,mlb-lad-chc-2026-08-05,2026-08-05T18:00:13.551283+00:00,away,home,10,60,120,5,2026-08-05T18:00:27+00:00,13.448717,0.48,1664,2026-08-05T18:01:30+00:00,16.448717,0.53,47,-0.01,0.01248,0.012455,0.024935,-0.034935,-0.174675,1.034935,-0.033755743114
sharp_60s_econ_hedge120,sensitivity,sharp,sharp:0166,1614976,mlb-tb-col-2026-08-05,2026-08-05T19:00:02.356984+00:00,home,away,10,60,120,5,2026-08-05T19:00:18+00:00,15.643016,0.42,341.78,2026-08-05T19:01:35+00:00,32.643016,0.5899999998,1694.915253,-0.0099999998,0.01218,0.012095000002,0.024275000002,-0.034274999802,-0.171374999009,1.034274999802,-0.033139155262
sharp_60s_econ_hedge120,sensitivity,sharp,sharp:0181,1614981,mlb-laa-bal-2026-08-05,2026-08-05T19:45:02.350364+00:00,home,away,10,60,120,5,2026-08-05T19:45:39+00:00,36.649636,0.5595675364,12507.87357,2026-08-05T19:46:05+00:00,2.649636,0.4499999792,21.622221,-0.0095675156,0.01232258543,0.012374999896,0.024697585326,-0.034265100926,-0.171325504632,1.034265100926,-0.033129901508
sharp_60s_econ_hedge120,sensitivity,sharp,sharp:0246,1614992,mlb-cws-bos-2026-08-05,2026-08-05T23:00:02.618195+00:00,home,away,10,60,120,5,2026-08-05T23:00:27+00:00,24.381805,0.5799999983,35.482757,2026-08-05T23:01:12+00:00,9.381805,0.4299999994,725.581394,-0.0099999977,0.012180000014,0.012254999996,0.024435000009,-0.034434997709,-0.172174988547,1.034434997709,-0.033288701355
sharp_60s_econ_hedge120,sensitivity,sharp,sharp:0369,1673842,mlb-pit-mil-2026-08-06,2026-08-06T18:00:12.635763+00:00,away,home,10,60,120,5,2026-08-06T18:00:50+00:00,37.364237,0.4699999925,31.914892,2026-08-06T18:02:50+00:00,97.364237,0.5399999981,185.185184,-0.0099999906,0.012454999977,0.012420000008,0.024874999985,-0.034874990585,-0.174374952925,1.034874990585,-0.033699713398
sharp_60s_econ_hedge120,sensitivity,sharp,sharp:0403,1673815,mlb-cws-bos-2026-08-06,2026-08-06T21:45:02.869331+00:00,home,away,10,60,120,5,2026-08-06T21:45:21+00:00,18.130669,0.64,10,2026-08-06T21:47:18+00:00,75.130669,0.3699999674,13.513512,-0.0099999674,0.01152,0.011654999576,0.023174999576,-0.033174966976,-0.165874834881,1.033174966976,-0.032109727816
sharp_60s_econ_hedge120,sensitivity,sharp,sharp:0427,1673805,mlb-min-kc-2026-08-06,2026-08-06T21:45:02.869331+00:00,home,away,10,60,120,5,2026-08-06T21:45:38+00:00,35.130669,0.5599999776,17.85714,2026-08-06T21:46:06+00:00,3.130669,0.45,22.22,-0.0099999776,0.012320000134,0.012375,0.024695000134,-0.034694977734,-0.173474888672,1.034694977734,-0.033531599632
sharp_60s_econ_hedge120,sensitivity,sharp,sharp:0469,1673882,mlb-oak-bos-2026-08-07,2026-08-07T20:45:02.332457+00:00,home,away,10,60,120,5,2026-08-07T20:45:31+00:00,28.667543,0.7199999831,7.097221,2026-08-07T20:47:46+00:00,103.667543,0.2899999956,103.448274,-0.0099999787,0.010080000372,0.010294999908,0.020375000279,-0.030374978979,-0.151874894897,1.030374978979,-0.029479538614
sharp_60s_econ_hedge120,sensitivity,sharp,sharp:0474,1673882,mlb-oak-bos-2026-08-07,2026-08-07T23:00:03.995609+00:00,home,away,10,60,120,5,2026-08-07T23:00:21+00:00,17.004391,0.72,228,2026-08-07T23:01:04+00:00,0.004391,0.2899999275,6.89655,-0.0099999275,0.01008,0.010294998477,0.020374998477,-0.030374925977,-0.151874629887,1.030374925977,-0.029479488691
sharp_60s_econ_hedge120,sensitivity,sharp,sharp:0486,1673893,mlb-cle-cws-2026-08-07,2026-08-07T21:45:02.708592+00:00,home,away,10,60,120,5,2026-08-07T21:45:15+00:00,12.291408,0.43,23.25,2026-08-07T21:47:01+00:00,58.291408,0.5799999767,16.275861,-0.0099999767,0.012255,0.012180000186,0.024435000186,-0.034434976886,-0.172174884432,1.034434976886,-0.033288681895
sharp_60s_econ_hedge120,sensitivity,sharp,sharp:0488,1673893,mlb-cle-cws-2026-08-07,2026-08-07T22:45:01.947561+00:00,away,home,10,60,120,5,2026-08-07T22:45:13+00:00,11.052439,0.5799999861,17.241378,2026-08-07T22:47:28+00:00,86.052439,0.43,23.25,-0.0099999861,0.012180000111,0.012255,0.024435000111,-0.034434986211,-0.172174931056,1.034434986211,-0.033288690609
sharp_60s_econ_hedge120,sensitivity,sharp,sharp:0526,1673846,mlb-tor-phi-2026-08-07,2026-08-07T21:45:02.708592+00:00,away,home,10,60,120,5,2026-08-07T21:45:36+00:00,33.291408,0.35,25,2026-08-07T21:46:19+00:00,16.291408,0.6599999976,75.757573,-0.0099999976,0.011375,0.011220000038,0.022595000038,-0.032594997638,-0.162974988192,1.032594997638,-0.031566100662
sharp_60s_econ_no_size_gate,sensitivity,sharp,sharp:0020,1595163,mlb-oak-cin-2026-08-04,2026-08-04T22:00:02.809990+00:00,home,away,10,60,300,,2026-08-04T22:00:38+00:00,35.19001,0.5499999587,7.272726,2026-08-04T22:03:20+00:00,137.19001,0.4599999816,19.565216,-0.0099999403,0.012375000206,0.012419999926,0.024795000133,-0.034794940433,-0.173974702164,1.034794940433,-0.033624961887
sharp_60s_econ_no_size_gate,sensitivity,sharp,sharp:0024,1595165,mlb-nym-cle-2026-08-04,2026-08-04T19:00:02.432024+00:00,away,home,10,60,300,,2026-08-04T19:01:00+00:00,57.567976,0.42,35.71,2026-08-04T19:02:12+00:00,69.567976,0.5899999662,7.694914,-0.0099999662,0.01218,0.012095000304,0.024275000304,-0.034274966504,-0.171374832521,1.034274966504,-0.033139124135
sharp_60s_econ_no_size_gate,sensitivity,sharp,sharp:0051,1595170,mlb-stl-nyy-2026-08-04,2026-08-04T22:45:01.709640+00:00,home,away,10,60,300,,2026-08-04T22:45:15+00:00,13.29036,0.6499999651,7.153845,2026-08-04T22:46:26+00:00,24.29036,0.3599998704,2.777776,-0.0099998355,0.011375000523,0.011519998186,0.022894998709,-0.032894834209,-0.164474171045,1.032894834209,-0.031847225022
sharp_60s_econ_no_size_gate,sensitivity,sharp,sharp:0055,1595171,mlb-cws-bos-2026-08-04,2026-08-04T18:45:02.244229+00:00,home,away,10,60,300,,2026-08-04T18:45:30+00:00,27.755771,0.56,53.57,2026-08-04T18:50:17+00:00,254.755771,0.45,13.02,-0.01,0.01232,0.012375,0.024695,-0.034695,-0.173475,1.034695,-0.033531620429
sharp_60s_econ_no_size_gate,sensitivity,sharp,sharp:0075,1595175,mlb-mia-atl-2026-08-04,2026-08-04T22:45:01.709640+00:00,home,away,10,60,300,,2026-08-04T22:45:45+00:00,43.29036,0.5799999988,86.206895,2026-08-04T22:46:41+00:00,39.29036,0.4299999871,11.627905,-0.0099999859,0.01218000001,0.01225499991,0.024434999919,-0.034434985819,-0.172174929096,1.034434985819,-0.033288690243
sharp_60s_econ_no_size_gate,sensitivity,sharp,sharp:0136,1614971,mlb-tor-hou-2026-08-05,2026-08-05T18:00:13.551283+00:00,home,away,10,60,300,,2026-08-05T18:00:48+00:00,34.448717,0.67,8858.208954,2026-08-05T18:01:36+00:00,22.448717,0.3399999633,14.705881,-0.0099999633,0.011055,0.011219999413,0.022274999413,-0.032274962713,-0.161374813564,1.032274962713,-0.031265858302
sharp_60s_econ_no_size_gate,sensitivity,sharp,sharp:0146,1614975,mlb-lad-chc-2026-08-05,2026-08-05T18:00:13.551283+00:00,away,home,10,60,300,,2026-08-05T18:00:27+00:00,13.448717,0.48,1664,2026-08-05T18:01:30+00:00,16.448717,0.53,47,-0.01,0.01248,0.012455,0.024935,-0.034935,-0.174675,1.034935,-0.033755743114
sharp_60s_econ_no_size_gate,sensitivity,sharp,sharp:0166,1614976,mlb-tb-col-2026-08-05,2026-08-05T19:00:02.356984+00:00,home,away,10,60,300,,2026-08-05T19:00:18+00:00,15.643016,0.42,341.78,2026-08-05T19:01:35+00:00,32.643016,0.5899999998,1694.915253,-0.0099999998,0.01218,0.012095000002,0.024275000002,-0.034274999802,-0.171374999009,1.034274999802,-0.033139155262
sharp_60s_econ_no_size_gate,sensitivity,sharp,sharp:0181,1614981,mlb-laa-bal-2026-08-05,2026-08-05T19:45:02.350364+00:00,home,away,10,60,300,,2026-08-05T19:45:39+00:00,36.649636,0.5595675364,12507.87357,2026-08-05T19:46:05+00:00,2.649636,0.4499999792,21.622221,-0.0095675156,0.01232258543,0.012374999896,0.024697585326,-0.034265100926,-0.171325504632,1.034265100926,-0.033129901508
sharp_60s_econ_no_size_gate,sensitivity,sharp,sharp:0246,1614992,mlb-cws-bos-2026-08-05,2026-08-05T23:00:02.618195+00:00,home,away,10,60,300,,2026-08-05T23:00:27+00:00,24.381805,0.5799999983,35.482757,2026-08-05T23:01:12+00:00,9.381805,0.4299999994,725.581394,-0.0099999977,0.012180000014,0.012254999996,0.024435000009,-0.034434997709,-0.172174988547,1.034434997709,-0.033288701355
sharp_60s_econ_no_size_gate,sensitivity,sharp,sharp:0369,1673842,mlb-pit-mil-2026-08-06,2026-08-06T18:00:12.635763+00:00,away,home,10,60,300,,2026-08-06T18:00:50+00:00,37.364237,0.4699999925,31.914892,2026-08-06T18:02:50+00:00,97.364237,0.5399999981,185.185184,-0.0099999906,0.012454999977,0.012420000008,0.024874999985,-0.034874990585,-0.174374952925,1.034874990585,-0.033699713398
sharp_60s_econ_no_size_gate,sensitivity,sharp,sharp:0390,1673810,mlb-wsh-phi-2026-08-06,2026-08-06T21:00:02.502363+00:00,away,home,10,60,300,,2026-08-06T21:00:17+00:00,14.497637,0.25,36,2026-08-06T21:03:15+00:00,132.497637,0.7599999595,1.973683,-0.0099999595,0.009375,0.009120001053,0.018495001053,-0.028494960553,-0.142474802765,1.028494960553,-0.027705493606
sharp_60s_econ_no_size_gate,sensitivity,sharp,sharp:0403,1673815,mlb-cws-bos-2026-08-06,2026-08-06T21:45:02.869331+00:00,home,away,10,60,300,,2026-08-06T21:45:21+00:00,18.130669,0.64,10,2026-08-06T21:47:18+00:00,75.130669,0.3699999674,13.513512,-0.0099999674,0.01152,0.011654999576,0.023174999576,-0.033174966976,-0.165874834881,1.033174966976,-0.032109727816
sharp_60s_econ_no_size_gate,sensitivity,sharp,sharp:0427,1673805,mlb-min-kc-2026-08-06,2026-08-06T21:45:02.869331+00:00,home,away,10,60,300,,2026-08-06T21:45:38+00:00,35.130669,0.5599999776,17.85714,2026-08-06T21:46:06+00:00,3.130669,0.45,22.22,-0.0099999776,0.012320000134,0.012375,0.024695000134,-0.034694977734,-0.173474888672,1.034694977734,-0.033531599632
sharp_60s_econ_no_size_gate,sensitivity,sharp,sharp:0453,1673887,mlb-laa-mia-2026-08-07,2026-08-07T20:00:02.327371+00:00,home,away,10,60,300,,2026-08-07T20:00:49+00:00,46.672629,0.5899999953,42.37288,2026-08-07T20:05:06+00:00,243.672629,0.4199999836,10.952379,-0.0099999789,0.012095000042,0.012179999869,0.024274999911,-0.034274978811,-0.171374894055,1.034274978811,-0.033139135639
sharp_60s_econ_no_size_gate,sensitivity,sharp,sharp:0469,1673882,mlb-oak-bos-2026-08-07,2026-08-07T20:45:02.332457+00:00,home,away,10,60,300,,2026-08-07T20:45:31+00:00,28.667543,0.7199999831,7.097221,2026-08-07T20:47:46+00:00,103.667543,0.2899999956,103.448274,-0.0099999787,0.010080000372,0.010294999908,0.020375000279,-0.030374978979,-0.151874894897,1.030374978979,-0.029479538614
sharp_60s_econ_no_size_gate,sensitivity,sharp,sharp:0474,1673882,mlb-oak-bos-2026-08-07,2026-08-07T23:00:03.995609+00:00,home,away,10,60,300,,2026-08-07T23:00:21+00:00,17.004391,0.72,228,2026-08-07T23:01:04+00:00,0.004391,0.2899999275,6.89655,-0.0099999275,0.01008,0.010294998477,0.020374998477,-0.030374925977,-0.151874629887,1.030374925977,-0.029479488691
sharp_60s_econ_no_size_gate,sensitivity,sharp,sharp:0486,1673893,mlb-cle-cws-2026-08-07,2026-08-07T21:45:02.708592+00:00,home,away,10,60,300,,2026-08-07T21:45:15+00:00,12.291408,0.43,23.25,2026-08-07T21:47:01+00:00,58.291408,0.5799999767,16.275861,-0.0099999767,0.012255,0.012180000186,0.024435000186,-0.034434976886,-0.172174884432,1.034434976886,-0.033288681895
sharp_60s_econ_no_size_gate,sensitivity,sharp,sharp:0488,1673893,mlb-cle-cws-2026-08-07,2026-08-07T22:45:01.947561+00:00,away,home,10,60,300,,2026-08-07T22:45:13+00:00,11.052439,0.5799999861,17.241378,2026-08-07T22:47:28+00:00,86.052439,0.43,23.25,-0.0099999861,0.012180000111,0.012255,0.024435000111,-0.034434986211,-0.172174931056,1.034434986211,-0.033288690609
sharp_60s_econ_no_size_gate,sensitivity,sharp,sharp:0512,1673863,mlb-cin-wsh-2026-08-07,2026-08-07T23:00:03.995609+00:00,away,home,10,60,300,,2026-08-07T23:01:01+00:00,57.004391,0.4699999773,20.255318,2026-08-07T23:03:27+00:00,143.004391,0.5399999932,17.629628,-0.0099999705,0.012454999932,0.012420000027,0.024874999959,-0.034874970459,-0.174374852295,1.034874970459,-0.033699694605
sharp_60s_econ_no_size_gate,sensitivity,sharp,sharp:0526,1673846,mlb-tor-phi-2026-08-07,2026-08-07T21:45:02.708592+00:00,away,home,10,60,300,,2026-08-07T21:45:36+00:00,33.291408,0.35,25,2026-08-07T21:46:19+00:00,16.291408,0.6599999976,75.757573,-0.0099999976,0.011375,0.011220000038,0.022595000038,-0.032594997638,-0.162974988192,1.032594997638,-0.031566100662
sharp_60s_econ_no_size_gate,sensitivity,sharp,sharp:0528,1673846,mlb-tor-phi-2026-08-07,2026-08-07T22:45:01.947561+00:00,home,away,10,60,300,,2026-08-07T22:45:27+00:00,25.052439,0.6599999604,7.575755,2026-08-07T22:48:36+00:00,154.052439,0.3499999963,121.571427,-0.0099999567,0.011220000634,0.011374999944,0.022595000578,-0.032594957278,-0.16297478639,1.032594957278,-0.031566062809
sharp_gap_60s_econ_secondary,secondary,sharp_gap,sharp:0007,1595162,mlb-laa-bal-2026-08-04,2026-08-04T20:45:02.503656+00:00,away,home,10,60,300,5,2026-08-04T20:45:56+00:00,53.496344,0.4099999816,17.365852,2026-08-04T20:47:48+00:00,105.496344,0.6,15.33,-0.0099999816,0.012094999834,0.012,0.024094999834,-0.034094981434,-0.170474907172,1.034094981434,-0.032970841215
sharp_gap_60s_econ_secondary,secondary,sharp_gap,sharp:0020,1595163,mlb-oak-cin-2026-08-04,2026-08-04T22:00:02.809990+00:00,home,away,10,60,300,5,2026-08-04T22:00:38+00:00,35.19001,0.5499999587,7.272726,2026-08-04T22:03:20+00:00,137.19001,0.4599999816,19.565216,-0.0099999403,0.012375000206,0.012419999926,0.024795000133,-0.034794940433,-0.173974702164,1.034794940433,-0.033624961887
sharp_gap_60s_econ_secondary,secondary,sharp_gap,sharp:0024,1595165,mlb-nym-cle-2026-08-04,2026-08-04T19:00:02.432024+00:00,away,home,10,60,300,5,2026-08-04T19:01:00+00:00,57.567976,0.42,35.71,2026-08-04T19:02:12+00:00,69.567976,0.5899999662,7.694914,-0.0099999662,0.01218,0.012095000304,0.024275000304,-0.034274966504,-0.171374832521,1.034274966504,-0.033139124135
sharp_gap_60s_econ_secondary,secondary,sharp_gap,sharp:0075,1595175,mlb-mia-atl-2026-08-04,2026-08-04T22:45:01.709640+00:00,home,away,10,60,300,5,2026-08-04T22:45:45+00:00,43.29036,0.5799999988,86.206895,2026-08-04T22:46:41+00:00,39.29036,0.4299999871,11.627905,-0.0099999859,0.01218000001,0.01225499991,0.024434999919,-0.034434985819,-0.172174929096,1.034434985819,-0.033288690243
sharp_gap_60s_econ_secondary,secondary,sharp_gap,sharp:0136,1614971,mlb-tor-hou-2026-08-05,2026-08-05T18:00:13.551283+00:00,home,away,10,60,300,5,2026-08-05T18:00:48+00:00,34.448717,0.67,8858.208954,2026-08-05T18:01:36+00:00,22.448717,0.3399999633,14.705881,-0.0099999633,0.011055,0.011219999413,0.022274999413,-0.032274962713,-0.161374813564,1.032274962713,-0.031265858302
sharp_gap_60s_econ_secondary,secondary,sharp_gap,sharp:0166,1614976,mlb-tb-col-2026-08-05,2026-08-05T19:00:02.356984+00:00,home,away,10,60,300,5,2026-08-05T19:00:18+00:00,15.643016,0.42,341.78,2026-08-05T19:01:35+00:00,32.643016,0.5899999998,1694.915253,-0.0099999998,0.01218,0.012095000002,0.024275000002,-0.034274999802,-0.171374999009,1.034274999802,-0.033139155262
sharp_gap_60s_econ_secondary,secondary,sharp_gap,sharp:0181,1614981,mlb-laa-bal-2026-08-05,2026-08-05T19:45:02.350364+00:00,away,home,10,60,300,5,2026-08-05T19:45:50+00:00,47.649636,0.4499999822,22.533332,2026-08-05T19:46:45+00:00,42.649636,0.56,50,-0.0099999822,0.012374999911,0.01232,0.024694999911,-0.034694982111,-0.173474910555,1.034694982111,-0.03353160372
sharp_gap_60s_econ_secondary,secondary,sharp_gap,sharp:0246,1614992,mlb-cws-bos-2026-08-05,2026-08-05T23:00:02.618195+00:00,home,away,10,60,300,5,2026-08-05T23:00:27+00:00,24.381805,0.5799999983,35.482757,2026-08-05T23:01:12+00:00,9.381805,0.4299999994,725.581394,-0.0099999977,0.012180000014,0.012254999996,0.024435000009,-0.034434997709,-0.172174988547,1.034434997709,-0.033288701355
sharp_gap_60s_econ_secondary,secondary,sharp_gap,sharp:0403,1673815,mlb-cws-bos-2026-08-06,2026-08-06T21:45:02.869331+00:00,home,away,10,60,300,5,2026-08-06T21:45:21+00:00,18.130669,0.64,10,2026-08-06T21:47:18+00:00,75.130669,0.3699999674,13.513512,-0.0099999674,0.01152,0.011654999576,0.023174999576,-0.033174966976,-0.165874834881,1.033174966976,-0.032109727816
sharp_gap_60s_econ_secondary,secondary,sharp_gap,sharp:0426,1673805,mlb-min-kc-2026-08-06,2026-08-06T21:00:02.502363+00:00,away,home,10,60,300,5,2026-08-06T21:00:32+00:00,29.497637,0.45,22.22,2026-08-06T21:01:09+00:00,6.497637,0.5599999662,8.285713,-0.0099999662,0.012375,0.012320000203,0.024695000203,-0.034694966403,-0.173474832014,1.034694966403,-0.033531589047
sharp_gap_60s_econ_secondary,secondary,sharp_gap,sharp:0427,1673805,mlb-min-kc-2026-08-06,2026-08-06T21:45:02.869331+00:00,home,away,10,60,300,5,2026-08-06T21:45:38+00:00,35.130669,0.5599999776,17.85714,2026-08-06T21:46:06+00:00,3.130669,0.45,22.22,-0.0099999776,0.012320000134,0.012375,0.024695000134,-0.034694977734,-0.173474888672,1.034694977734,-0.033531599632
sharp_gap_60s_econ_secondary,secondary,sharp_gap,sharp:0474,1673882,mlb-oak-bos-2026-08-07,2026-08-07T23:00:03.995609+00:00,home,away,10,60,300,5,2026-08-07T23:00:21+00:00,17.004391,0.72,228,2026-08-07T23:01:04+00:00,0.004391,0.2899999275,6.89655,-0.0099999275,0.01008,0.010294998477,0.020374998477,-0.030374925977,-0.151874629887,1.030374925977,-0.029479488691
sharp_gap_60s_econ_secondary,secondary,sharp_gap,sharp:0486,1673893,mlb-cle-cws-2026-08-07,2026-08-07T21:45:02.708592+00:00,home,away,10,60,300,5,2026-08-07T21:45:15+00:00,12.291408,0.43,23.25,2026-08-07T21:47:01+00:00,58.291408,0.5799999767,16.275861,-0.0099999767,0.012255,0.012180000186,0.024435000186,-0.034434976886,-0.172174884432,1.034434976886,-0.033288681895
sharp_gap_60s_econ_secondary,secondary,sharp_gap,sharp:0488,1673893,mlb-cle-cws-2026-08-07,2026-08-07T22:45:01.947561+00:00,away,home,10,60,300,5,2026-08-07T22:45:13+00:00,11.052439,0.5799999861,17.241378,2026-08-07T22:47:28+00:00,86.052439,0.43,23.25,-0.0099999861,0.012180000111,0.012255,0.024435000111,-0.034434986211,-0.172174931056,1.034434986211,-0.033288690609
sharp_gap_60s_econ_secondary,secondary,sharp_gap,sharp:0512,1673863,mlb-cin-wsh-2026-08-07,2026-08-07T23:00:03.995609+00:00,home,away,10,60,300,5,2026-08-07T23:01:00+00:00,56.004391,0.5399999932,17.629628,2026-08-07T23:03:27+00:00,143.004391,0.4699999773,20.255318,-0.0099999705,0.012420000027,0.012454999932,0.024874999959,-0.034874970459,-0.174374852295,1.034874970459,-0.033699694605
sharp_gap_60s_econ_secondary,secondary,sharp_gap,sharp:0526,1673846,mlb-tor-phi-2026-08-07,2026-08-07T21:45:02.708592+00:00,away,home,10,60,300,5,2026-08-07T21:45:36+00:00,33.291408,0.35,25,2026-08-07T21:46:19+00:00,16.291408,0.6599999976,75.757573,-0.0099999976,0.011375,0.011220000038,0.022595000038,-0.032594997638,-0.162974988192,1.032594997638,-0.031566100662
rn1_30s_econ_oracle,oracle,rn1_oracle,rn1:0004,1595165,mlb-nym-cle-2026-08-04,2026-08-04T22:40:05+00:00,home,away,0,30,300,5,2026-08-04T22:40:15+00:00,10,0.5599999993,401.785713,2026-08-04T22:41:15+00:00,40,0.4399999026,5.340908,0.0000000981,0.012320000004,0.012319999416,0.02463999942,-0.02463990132,-0.123199506599,1.02463990132,-0.02404737634
rn1_30s_econ_oracle,oracle,rn1_oracle,rn1:0005,1595165,mlb-nym-cle-2026-08-04,2026-08-04T22:40:06+00:00,home,away,0,30,300,5,2026-08-04T22:40:15+00:00,9,0.5599999993,401.785713,2026-08-04T22:41:15+00:00,39,0.4399999026,5.340908,0.0000000981,0.012320000004,0.012319999416,0.02463999942,-0.02463990132,-0.123199506599,1.02463990132,-0.02404737634
rn1_30s_econ_oracle,oracle,rn1_oracle,rn1:0008,1595165,mlb-nym-cle-2026-08-04,2026-08-04T22:40:56+00:00,away,home,0,30,300,5,2026-08-04T22:41:15+00:00,19,0.4399999026,5.340908,2026-08-04T22:41:33+00:00,7,0.5699999555,8.771927,-0.0099998581,0.012319999416,0.012255000311,0.024574999727,-0.034574857827,-0.172874289135,1.034574857827,-0.033419387264
rn1_30s_econ_oracle,oracle,rn1_oracle,rn1:0011,1595169,mlb-wsh-phi-2026-08-04,2026-08-04T22:40:06+00:00,home,away,0,30,300,5,2026-08-04T22:40:15+00:00,9,0.7399999938,16.216215,2026-08-04T22:40:54+00:00,18,0.27,4600,-0.0099999938,0.009620000149,0.009855,0.019475000149,-0.029474993949,-0.147374969744,1.029474993949,-0.028631092666
rn1_30s_econ_oracle,oracle,rn1_oracle,rn1:0012,1595169,mlb-wsh-phi-2026-08-04,2026-08-04T22:40:35+00:00,home,away,0,30,300,5,2026-08-04T22:40:57+00:00,22,0.7399999886,5.270269,2026-08-04T22:41:42+00:00,37,0.2688796555,44.629628,-0.0088796441,0.009620000274,0.009829169318,0.019449169592,-0.028328813692,-0.141644068458,1.028328813692,-0.027548400195
rn1_30s_econ_oracle,oracle,rn1_oracle,rn1:0013,1595169,mlb-wsh-phi-2026-08-04,2026-08-04T22:40:54+00:00,home,away,0,30,300,5,2026-08-04T22:40:57+00:00,3,0.7399999886,5.270269,2026-08-04T22:41:42+00:00,18,0.2688796555,44.629628,-0.0088796441,0.009620000274,0.009829169318,0.019449169592,-0.028328813692,-0.141644068458,1.028328813692,-0.027548400195
rn1_30s_econ_oracle,oracle,rn1_oracle,rn1:0015,1595170,mlb-stl-nyy-2026-08-04,2026-08-04T23:05:03+00:00,away,home,0,30,300,5,2026-08-04T23:05:18+00:00,15,0.35,200,2026-08-04T23:05:54+00:00,21,0.66,581.55,-0.01,0.011375,0.01122,0.022595,-0.032595,-0.162975,1.032595,-0.031566102877
rn1_30s_econ_oracle,oracle,rn1_oracle,rn1:0016,1595170,mlb-stl-nyy-2026-08-04,2026-08-04T23:05:05+00:00,away,home,0,30,300,5,2026-08-04T23:05:18+00:00,13,0.35,200,2026-08-04T23:05:54+00:00,19,0.66,581.55,-0.01,0.011375,0.01122,0.022595,-0.032595,-0.162975,1.032595,-0.031566102877
rn1_30s_econ_oracle,oracle,rn1_oracle,rn1:0064,1614997,mlb-pit-mil-2026-08-05,2026-08-04T17:10:15+00:00,away,home,0,30,300,5,2026-08-04T17:10:17+00:00,2,0.5,5.84,2026-08-04T17:11:36+00:00,51,0.53,98,-0.03,0.0125,0.012455,0.024955,-0.054955,-0.274775,1.054955,-0.052092269339
rn1_30s_econ_oracle,oracle,rn1_oracle,rn1:0066,1614997,mlb-pit-mil-2026-08-05,2026-08-04T17:10:17+00:00,away,home,0,30,300,5,2026-08-04T17:10:23+00:00,6,0.5,5.88,2026-08-04T17:11:36+00:00,49,0.53,98,-0.03,0.0125,0.012455,0.024955,-0.054955,-0.274775,1.054955,-0.052092269339
rn1_30s_econ_oracle,oracle,rn1_oracle,rn1:0067,1614997,mlb-pit-mil-2026-08-05,2026-08-04T17:10:18+00:00,away,home,0,30,300,5,2026-08-04T17:10:23+00:00,5,0.5,5.88,2026-08-04T17:11:36+00:00,48,0.53,98,-0.03,0.0125,0.012455,0.024955,-0.054955,-0.274775,1.054955,-0.052092269339
rn1_30s_econ_oracle,oracle,rn1_oracle,rn1:0068,1614997,mlb-pit-mil-2026-08-05,2026-08-04T17:10:20+00:00,away,home,0,30,300,5,2026-08-04T17:10:23+00:00,3,0.5,5.88,2026-08-04T17:11:36+00:00,46,0.53,98,-0.03,0.0125,0.012455,0.024955,-0.054955,-0.274775,1.054955,-0.052092269339
rn1_30s_econ_oracle,oracle,rn1_oracle,rn1:0069,1614997,mlb-pit-mil-2026-08-05,2026-08-04T17:10:21+00:00,away,home,0,30,300,5,2026-08-04T17:10:23+00:00,2,0.5,5.88,2026-08-04T17:11:36+00:00,45,0.53,98,-0.03,0.0125,0.012455,0.024955,-0.054955,-0.274775,1.054955,-0.052092269339
rn1_30s_econ_oracle,oracle,rn1_oracle,rn1:0134,1673805,mlb-min-kc-2026-08-06,2026-08-06T23:40:08+00:00,away,home,0,30,300,5,2026-08-06T23:40:11+00:00,3,0.47,497,2026-08-06T23:40:38+00:00,0,0.55,6.92,-0.02,0.012455,0.012375,0.02483,-0.04483,-0.22415,1.04483,-0.042906501536
rn1_30s_econ_oracle,oracle,rn1_oracle,rn1:0156,1673863,mlb-cin-wsh-2026-08-07,2026-08-07T22:55:58+00:00,away,home,0,30,300,5,2026-08-07T22:56:01+00:00,3,0.4699999773,20.255318,2026-08-07T22:58:28+00:00,120,0.5399999932,17.629628,-0.0099999705,0.012454999932,0.012420000027,0.024874999959,-0.034874970459,-0.174374852295,1.034874970459,-0.033699694605
rn1_30s_econ_oracle,oracle,rn1_oracle,rn1:0161,1673863,mlb-cin-wsh-2026-08-07,2026-08-07T22:58:28+00:00,away,home,0,30,300,5,2026-08-07T22:58:30+00:00,2,0.4699999773,20.255318,2026-08-07T23:01:00+00:00,122,0.5399999932,17.629628,-0.0099999705,0.012454999932,0.012420000027,0.024874999959,-0.034874970459,-0.174374852295,1.034874970459,-0.033699694605
rn1_30s_econ_oracle,oracle,rn1_oracle,rn1:0164,1673863,mlb-cin-wsh-2026-08-07,2026-08-07T23:01:00+00:00,away,home,0,30,300,5,2026-08-07T23:01:01+00:00,1,0.4699999773,20.255318,2026-08-07T23:03:27+00:00,117,0.5399999932,17.629628,-0.0099999705,0.012454999932,0.012420000027,0.024874999959,-0.034874970459,-0.174374852295,1.034874970459,-0.033699694605
rn1_30s_econ_oracle,oracle,rn1_oracle,rn1:0188,1673863,mlb-cin-wsh-2026-08-07,2026-08-07T23:15:48+00:00,away,home,0,30,300,5,2026-08-07T23:15:49+00:00,1,0.4699999773,20.255318,2026-08-07T23:18:18+00:00,120,0.5399999932,17.629628,-0.0099999705,0.012454999932,0.012420000027,0.024874999959,-0.034874970459,-0.174374852295,1.034874970459,-0.033699694605
rn1_30s_econ_oracle,oracle,rn1_oracle,rn1:0196,1673863,mlb-cin-wsh-2026-08-07,2026-08-07T23:20:45+00:00,away,home,0,30,300,5,2026-08-07T23:20:52+00:00,7,0.4699999994,265.957445,2026-08-07T23:23:13+00:00,118,0.5399999932,17.629628,-0.0099999926,0.012454999998,0.012420000027,0.024875000025,-0.034874992625,-0.174374963127,1.034874992625,-0.033699715303
rn1_30s_econ_oracle,oracle,rn1_oracle,rn1:0206,1673846,mlb-tor-phi-2026-08-07,2026-08-07T22:42:19+00:00,home,away,0,30,300,5,2026-08-07T22:42:24+00:00,5,0.6599999827,9.272726,2026-08-07T22:43:18+00:00,29,0.349999998,228.571427,-0.0099999807,0.011220000277,0.01137499997,0.022595000247,-0.032594980947,-0.162974904734,1.032594980947,-0.031566085007
