feature_version,cohort_version,market_id,condition_id,slug,home_team,away_team,canonical_commence_time,include_broad,include_tight,window,window_seconds,window_start,has_activity,fill_count,unique_tx_count,buy_fill_count,sell_fill_count,home_buy_fill_count,home_sell_fill_count,away_buy_fill_count,away_sell_fill_count,home_directed_fill_count,away_directed_fill_count,gross_shares,gross_cash_notional,home_directed_shares,away_directed_shares,signed_home_shares,home_directed_cash_flow,away_directed_cash_flow,signed_home_cash_flow,direction_share_score,direction_cash_score,first_trade_time,last_trade_time,last_trade_seconds_before_start
H2-v1-RN1-M2,H2-v1,1595162,0xf447965f2669b7aa3e5f5d320b2cdd8c19943f8bfb90abbde31202d88aa9c56d,mlb-laa-bal-2026-08-04,Baltimore Orioles,Los Angeles Angels,2026-08-04T22:36:00+00:00,true,true,all_pregame,,,true,3,3,3,0,1,0,2,0,1,2,375.440674,203.06067634,289,86.440674,202.559326,167.62,35.44067634,132.17932366,0.539524191244,0.650935109852,2026-08-04T22:35:12+00:00,2026-08-04T22:35:53+00:00,7
H2-v1-RN1-M2,H2-v1,1595162,0xf447965f2669b7aa3e5f5d320b2cdd8c19943f8bfb90abbde31202d88aa9c56d,mlb-laa-bal-2026-08-04,Baltimore Orioles,Los Angeles Angels,2026-08-04T22:36:00+00:00,true,true,6h,21600,2026-08-04T16:36:00+00:00,true,3,3,3,0,1,0,2,0,1,2,375.440674,203.06067634,289,86.440674,202.559326,167.62,35.44067634,132.17932366,0.539524191244,0.650935109852,2026-08-04T22:35:12+00:00,2026-08-04T22:35:53+00:00,7
H2-v1-RN1-M2,H2-v1,1595162,0xf447965f2669b7aa3e5f5d320b2cdd8c19943f8bfb90abbde31202d88aa9c56d,mlb-laa-bal-2026-08-04,Baltimore Orioles,Los Angeles Angels,2026-08-04T22:36:00+00:00,true,true,60m,3600,2026-08-04T21:36:00+00:00,true,3,3,3,0,1,0,2,0,1,2,375.440674,203.06067634,289,86.440674,202.559326,167.62,35.44067634,132.17932366,0.539524191244,0.650935109852,2026-08-04T22:35:12+00:00,2026-08-04T22:35:53+00:00,7
H2-v1-RN1-M2,H2-v1,1595162,0xf447965f2669b7aa3e5f5d320b2cdd8c19943f8bfb90abbde31202d88aa9c56d,mlb-laa-bal-2026-08-04,Baltimore Orioles,Los Angeles Angels,2026-08-04T22:36:00+00:00,true,true,30m,1800,2026-08-04T22:06:00+00:00,true,3,3,3,0,1,0,2,0,1,2,375.440674,203.06067634,289,86.440674,202.559326,167.62,35.44067634,132.17932366,0.539524191244,0.650935109852,2026-08-04T22:35:12+00:00,2026-08-04T22:35:53+00:00,7
H2-v1-RN1-M2,H2-v1,1595162,0xf447965f2669b7aa3e5f5d320b2cdd8c19943f8bfb90abbde31202d88aa9c56d,mlb-laa-bal-2026-08-04,Baltimore Orioles,Los Angeles Angels,2026-08-04T22:36:00+00:00,true,true,10m,600,2026-08-04T22:26:00+00:00,true,3,3,3,0,1,0,2,0,1,2,375.440674,203.06067634,289,86.440674,202.559326,167.62,35.44067634,132.17932366,0.539524191244,0.650935109852,2026-08-04T22:35:12+00:00,2026-08-04T22:35:53+00:00,7
H2-v1-RN1-M2,H2-v1,1595162,0xf447965f2669b7aa3e5f5d320b2cdd8c19943f8bfb90abbde31202d88aa9c56d,mlb-laa-bal-2026-08-04,Baltimore Orioles,Los Angeles Angels,2026-08-04T22:36:00+00:00,true,true,5m,300,2026-08-04T22:31:00+00:00,true,3,3,3,0,1,0,2,0,1,2,375.440674,203.06067634,289,86.440674,202.559326,167.62,35.44067634,132.17932366,0.539524191244,0.650935109852,2026-08-04T22:35:12+00:00,2026-08-04T22:35:53+00:00,7
H2-v1-RN1-M2,H2-v1,1595163,0xd58033380ea1ab708e42f01d636ca60a8da6272f660bbfdc2e4c1acf27d1872d,mlb-oak-cin-2026-08-04,Cincinnati Reds,Athletics,2026-08-04T22:40:41+00:00,true,true,all_pregame,,,false,0,0,0,0,0,0,0,0,0,0,0,0,0,0,0,0,0,0,0,0,,,
H2-v1-RN1-M2,H2-v1,1595163,0xd58033380ea1ab708e42f01d636ca60a8da6272f660bbfdc2e4c1acf27d1872d,mlb-oak-cin-2026-08-04,Cincinnati Reds,Athletics,2026-08-04T22:40:41+00:00,true,true,6h,21600,2026-08-04T16:40:41+00:00,false,0,0,0,0,0,0,0,0,0,0,0,0,0,0,0,0,0,0,0,0,,,
H2-v1-RN1-M2,H2-v1,1595163,0xd58033380ea1ab708e42f01d636ca60a8da6272f660bbfdc2e4c1acf27d1872d,mlb-oak-cin-2026-08-04,Cincinnati Reds,Athletics,2026-08-04T22:40:41+00:00,true,true,60m,3600,2026-08-04T21:40:41+00:00,false,0,0,0,0,0,0,0,0,0,0,0,0,0,0,0,0,0,0,0,0,,,
H2-v1-RN1-M2,H2-v1,1595163,0xd58033380ea1ab708e42f01d636ca60a8da6272f660bbfdc2e4c1acf27d1872d,mlb-oak-cin-2026-08-04,Cincinnati Reds,Athletics,2026-08-04T22:40:41+00:00,true,true,30m,1800,2026-08-04T22:10:41+00:00,false,0,0,0,0,0,0,0,0,0,0,0,0,0,0,0,0,0,0,0,0,,,
H2-v1-RN1-M2,H2-v1,1595163,0xd58033380ea1ab708e42f01d636ca60a8da6272f660bbfdc2e4c1acf27d1872d,mlb-oak-cin-2026-08-04,Cincinnati Reds,Athletics,2026-08-04T22:40:41+00:00,true,true,10m,600,2026-08-04T22:30:41+00:00,false,0,0,0,0,0,0,0,0,0,0,0,0,0,0,0,0,0,0,0,0,,,
H2-v1-RN1-M2,H2-v1,1595163,0xd58033380ea1ab708e42f01d636ca60a8da6272f660bbfdc2e4c1acf27d1872d,mlb-oak-cin-2026-08-04,Cincinnati Reds,Athletics,2026-08-04T22:40:41+00:00,true,true,5m,300,2026-08-04T22:35:41+00:00,false,0,0,0,0,0,0,0,0,0,0,0,0,0,0,0,0,0,0,0,0,,,
H2-v1-RN1-M2,H2-v1,1595165,0x3250991062dee7e768335a2dca0b5282e8e3bf461120775a1f94de78cd7d55c6,mlb-nym-cle-2026-08-04,Cleveland Guardians,New York Mets,2026-08-04T22:41:36+00:00,true,true,all_pregame,,,true,6,6,6,0,2,0,4,0,2,4,1948.541263,860.05926655,24.555553,1923.98571,-1899.430157,13.50555415,846.5537124,-833.04815825,-0.974795963046,-0.968593898874,2026-08-04T22:40:05+00:00,2026-08-04T22:41:12+00:00,24
H2-v1-RN1-M2,H2-v1,1595165,0x3250991062dee7e768335a2dca0b5282e8e3bf461120775a1f94de78cd7d55c6,mlb-nym-cle-2026-08-04,Cleveland Guardians,New York Mets,2026-08-04T22:41:36+00:00,true,true,6h,21600,2026-08-04T16:41:36+00:00,true,6,6,6,0,2,0,4,0,2,4,1948.541263,860.05926655,24.555553,1923.98571,-1899.430157,13.50555415,846.5537124,-833.04815825,-0.974795963046,-0.968593898874,2026-08-04T22:40:05+00:00,2026-08-04T22:41:12+00:00,24
H2-v1-RN1-M2,H2-v1,1595165,0x3250991062dee7e768335a2dca0b5282e8e3bf461120775a1f94de78cd7d55c6,mlb-nym-cle-2026-08-04,Cleveland Guardians,New York Mets,2026-08-04T22:41:36+00:00,true,true,60m,3600,2026-08-04T21:41:36+00:00,true,6,6,6,0,2,0,4,0,2,4,1948.541263,860.05926655,24.555553,1923.98571,-1899.430157,13.50555415,846.5537124,-833.04815825,-0.974795963046,-0.968593898874,2026-08-04T22:40:05+00:00,2026-08-04T22:41:12+00:00,24
H2-v1-RN1-M2,H2-v1,1595165,0x3250991062dee7e768335a2dca0b5282e8e3bf461120775a1f94de78cd7d55c6,mlb-nym-cle-2026-08-04,Cleveland Guardians,New York Mets,2026-08-04T22:41:36+00:00,true,true,30m,1800,2026-08-04T22:11:36+00:00,true,6,6,6,0,2,0,4,0,2,4,1948.541263,860.05926655,24.555553,1923.98571,-1899.430157,13.50555415,846.5537124,-833.04815825,-0.974795963046,-0.968593898874,2026-08-04T22:40:05+00:00,2026-08-04T22:41:12+00:00,24
H2-v1-RN1-M2,H2-v1,1595165,0x3250991062dee7e768335a2dca0b5282e8e3bf461120775a1f94de78cd7d55c6,mlb-nym-cle-2026-08-04,Cleveland Guardians,New York Mets,2026-08-04T22:41:36+00:00,true,true,10m,600,2026-08-04T22:31:36+00:00,true,6,6,6,0,2,0,4,0,2,4,1948.541263,860.05926655,24.555553,1923.98571,-1899.430157,13.50555415,846.5537124,-833.04815825,-0.974795963046,-0.968593898874,2026-08-04T22:40:05+00:00,2026-08-04T22:41:12+00:00,24
H2-v1-RN1-M2,H2-v1,1595165,0x3250991062dee7e768335a2dca0b5282e8e3bf461120775a1f94de78cd7d55c6,mlb-nym-cle-2026-08-04,Cleveland Guardians,New York Mets,2026-08-04T22:41:36+00:00,true,true,5m,300,2026-08-04T22:36:36+00:00,true,6,6,6,0,2,0,4,0,2,4,1948.541263,860.05926655,24.555553,1923.98571,-1899.430157,13.50555415,846.5537124,-833.04815825,-0.974795963046,-0.968593898874,2026-08-04T22:40:05+00:00,2026-08-04T22:41:12+00:00,24
H2-v1-RN1-M2,H2-v1,1595169,0x90dab0680f465b0e4f505295d1b138b2982a86a2eafa92b6530c5035efa7a716,mlb-wsh-phi-2026-08-04,Philadelphia Phillies,Washington Nationals,2026-08-04T22:42:34+00:00,true,true,all_pregame,,,true,5,5,5,0,4,0,1,0,4,1,2252.9837,1537.642901,2029.9937,222.99,1807.0037,1481.895401,55.7475,1426.147901,0.802049167067,0.927489666211,2026-08-04T22:40:05+00:00,2026-08-04T22:41:27+00:00,67
H2-v1-RN1-M2,H2-v1,1595169,0x90dab0680f465b0e4f505295d1b138b2982a86a2eafa92b6530c5035efa7a716,mlb-wsh-phi-2026-08-04,Philadelphia Phillies,Washington Nationals,2026-08-04T22:42:34+00:00,true,true,6h,21600,2026-08-04T16:42:34+00:00,true,5,5,5,0,4,0,1,0,4,1,2252.9837,1537.642901,2029.9937,222.99,1807.0037,1481.895401,55.7475,1426.147901,0.802049167067,0.927489666211,2026-08-04T22:40:05+00:00,2026-08-04T22:41:27+00:00,67
H2-v1-RN1-M2,H2-v1,1595169,0x90dab0680f465b0e4f505295d1b138b2982a86a2eafa92b6530c5035efa7a716,mlb-wsh-phi-2026-08-04,Philadelphia Phillies,Washington Nationals,2026-08-04T22:42:34+00:00,true,true,60m,3600,2026-08-04T21:42:34+00:00,true,5,5,5,0,4,0,1,0,4,1,2252.9837,1537.642901,2029.9937,222.99,1807.0037,1481.895401,55.7475,1426.147901,0.802049167067,0.927489666211,2026-08-04T22:40:05+00:00,2026-08-04T22:41:27+00:00,67
H2-v1-RN1-M2,H2-v1,1595169,0x90dab0680f465b0e4f505295d1b138b2982a86a2eafa92b6530c5035efa7a716,mlb-wsh-phi-2026-08-04,Philadelphia Phillies,Washington Nationals,2026-08-04T22:42:34+00:00,true,true,30m,1800,2026-08-04T22:12:34+00:00,true,5,5,5,0,4,0,1,0,4,1,2252.9837,1537.642901,2029.9937,222.99,1807.0037,1481.895401,55.7475,1426.147901,0.802049167067,0.927489666211,2026-08-04T22:40:05+00:00,2026-08-04T22:41:27+00:00,67
H2-v1-RN1-M2,H2-v1,1595169,0x90dab0680f465b0e4f505295d1b138b2982a86a2eafa92b6530c5035efa7a716,mlb-wsh-phi-2026-08-04,Philadelphia Phillies,Washington Nationals,2026-08-04T22:42:34+00:00,true,true,10m,600,2026-08-04T22:32:34+00:00,true,5,5,5,0,4,0,1,0,4,1,2252.9837,1537.642901,2029.9937,222.99,1807.0037,1481.895401,55.7475,1426.147901,0.802049167067,0.927489666211,2026-08-04T22:40:05+00:00,2026-08-04T22:41:27+00:00,67
H2-v1-RN1-M2,H2-v1,1595169,0x90dab0680f465b0e4f505295d1b138b2982a86a2eafa92b6530c5035efa7a716,mlb-wsh-phi-2026-08-04,Philadelphia Phillies,Washington Nationals,2026-08-04T22:42:34+00:00,true,true,5m,300,2026-08-04T22:37:34+00:00,true,5,5,5,0,4,0,1,0,4,1,2252.9837,1537.642901,2029.9937,222.99,1807.0037,1481.895401,55.7475,1426.147901,0.802049167067,0.927489666211,2026-08-04T22:40:05+00:00,2026-08-04T22:41:27+00:00,67
H2-v1-RN1-M2,H2-v1,1595170,0x9e2cefa4b629c7943658c606dde621781ce9ba317908fe26b312518fb8562ebd,mlb-stl-nyy-2026-08-04,New York Yankees,St. Louis Cardinals,2026-08-04T23:06:00+00:00,true,true,all_pregame,,,true,3,3,3,0,0,0,3,0,0,3,596.70151,202.8785134,0,596.70151,-596.70151,0,202.8785134,-202.8785134,-1,-1,2026-08-04T23:05:03+00:00,2026-08-04T23:05:54+00:00,6
H2-v1-RN1-M2,H2-v1,1595170,0x9e2cefa4b629c7943658c606dde621781ce9ba317908fe26b312518fb8562ebd,mlb-stl-nyy-2026-08-04,New York Yankees,St. Louis Cardinals,2026-08-04T23:06:00+00:00,true,true,6h,21600,2026-08-04T17:06:00+00:00,true,3,3,3,0,0,0,3,0,0,3,596.70151,202.8785134,0,596.70151,-596.70151,0,202.8785134,-202.8785134,-1,-1,2026-08-04T23:05:03+00:00,2026-08-04T23:05:54+00:00,6
H2-v1-RN1-M2,H2-v1,1595170,0x9e2cefa4b629c7943658c606dde621781ce9ba317908fe26b312518fb8562ebd,mlb-stl-nyy-2026-08-04,New York Yankees,St. Louis Cardinals,2026-08-04T23:06:00+00:00,true,true,60m,3600,2026-08-04T22:06:00+00:00,true,3,3,3,0,0,0,3,0,0,3,596.70151,202.8785134,0,596.70151,-596.70151,0,202.8785134,-202.8785134,-1,-1,2026-08-04T23:05:03+00:00,2026-08-04T23:05:54+00:00,6
H2-v1-RN1-M2,H2-v1,1595170,0x9e2cefa4b629c7943658c606dde621781ce9ba317908fe26b312518fb8562ebd,mlb-stl-nyy-2026-08-04,New York Yankees,St. Louis Cardinals,2026-08-04T23:06:00+00:00,true,true,30m,1800,2026-08-04T22:36:00+00:00,true,3,3,3,0,0,0,3,0,0,3,596.70151,202.8785134,0,596.70151,-596.70151,0,202.8785134,-202.8785134,-1,-1,2026-08-04T23:05:03+00:00,2026-08-04T23:05:54+00:00,6
H2-v1-RN1-M2,H2-v1,1595170,0x9e2cefa4b629c7943658c606dde621781ce9ba317908fe26b312518fb8562ebd,mlb-stl-nyy-2026-08-04,New York Yankees,St. Louis Cardinals,2026-08-04T23:06:00+00:00,true,true,10m,600,2026-08-04T22:56:00+00:00,true,3,3,3,0,0,0,3,0,0,3,596.70151,202.8785134,0,596.70151,-596.70151,0,202.8785134,-202.8785134,-1,-1,2026-08-04T23:05:03+00:00,2026-08-04T23:05:54+00:00,6
H2-v1-RN1-M2,H2-v1,1595170,0x9e2cefa4b629c7943658c606dde621781ce9ba317908fe26b312518fb8562ebd,mlb-stl-nyy-2026-08-04,New York Yankees,St. Louis Cardinals,2026-08-04T23:06:00+00:00,true,true,5m,300,2026-08-04T23:01:00+00:00,true,3,3,3,0,0,0,3,0,0,3,596.70151,202.8785134,0,596.70151,-596.70151,0,202.8785134,-202.8785134,-1,-1,2026-08-04T23:05:03+00:00,2026-08-04T23:05:54+00:00,6
H2-v1-RN1-M2,H2-v1,1595171,0x04c98da98e911555ae84b84ee8391166710b856ebd757706fa86d22a8dbd5d8d,mlb-cws-bos-2026-08-04,Boston Red Sox,Chicago White Sox,2026-08-04T23:11:00+00:00,true,true,all_pregame,,,true,7,6,7,0,4,0,3,0,4,3,9103.248466,3934.88726838,65.66952,9037.578946,-8971.909426,38.0883216,3896.79894678,-3858.71062518,-0.985572288783,-0.980640705056,2026-08-03T20:56:45+00:00,2026-08-04T23:10:35+00:00,25
H2-v1-RN1-M2,H2-v1,1595171,0x04c98da98e911555ae84b84ee8391166710b856ebd757706fa86d22a8dbd5d8d,mlb-cws-bos-2026-08-04,Boston Red Sox,Chicago White Sox,2026-08-04T23:11:00+00:00,true,true,6h,21600,2026-08-04T17:11:00+00:00,true,5,5,5,0,4,0,1,0,4,1,2033.66952,844.9683216,65.66952,1968,-1902.33048,38.0883216,806.88,-768.7916784,-0.935417707396,-0.909846746614,2026-08-04T23:10:17+00:00,2026-08-04T23:10:35+00:00,25
H2-v1-RN1-M2,H2-v1,1595171,0x04c98da98e911555ae84b84ee8391166710b856ebd757706fa86d22a8dbd5d8d,mlb-cws-bos-2026-08-04,Boston Red Sox,Chicago White Sox,2026-08-04T23:11:00+00:00,true,true,60m,3600,2026-08-04T22:11:00+00:00,true,5,5,5,0,4,0,1,0,4,1,2033.66952,844.9683216,65.66952,1968,-1902.33048,38.0883216,806.88,-768.7916784,-0.935417707396,-0.909846746614,2026-08-04T23:10:17+00:00,2026-08-04T23:10:35+00:00,25
H2-v1-RN1-M2,H2-v1,1595171,0x04c98da98e911555ae84b84ee8391166710b856ebd757706fa86d22a8dbd5d8d,mlb-cws-bos-2026-08-04,Boston Red Sox,Chicago White Sox,2026-08-04T23:11:00+00:00,true,true,30m,1800,2026-08-04T22:41:00+00:00,true,5,5,5,0,4,0,1,0,4,1,2033.66952,844.9683216,65.66952,1968,-1902.33048,38.0883216,806.88,-768.7916784,-0.935417707396,-0.909846746614,2026-08-04T23:10:17+00:00,2026-08-04T23:10:35+00:00,25
H2-v1-RN1-M2,H2-v1,1595171,0x04c98da98e911555ae84b84ee8391166710b856ebd757706fa86d22a8dbd5d8d,mlb-cws-bos-2026-08-04,Boston Red Sox,Chicago White Sox,2026-08-04T23:11:00+00:00,true,true,10m,600,2026-08-04T23:01:00+00:00,true,5,5,5,0,4,0,1,0,4,1,2033.66952,844.9683216,65.66952,1968,-1902.33048,38.0883216,806.88,-768.7916784,-0.935417707396,-0.909846746614,2026-08-04T23:10:17+00:00,2026-08-04T23:10:35+00:00,25
H2-v1-RN1-M2,H2-v1,1595171,0x04c98da98e911555ae84b84ee8391166710b856ebd757706fa86d22a8dbd5d8d,mlb-cws-bos-2026-08-04,Boston Red Sox,Chicago White Sox,2026-08-04T23:11:00+00:00,true,true,5m,300,2026-08-04T23:06:00+00:00,true,5,5,5,0,4,0,1,0,4,1,2033.66952,844.9683216,65.66952,1968,-1902.33048,38.0883216,806.88,-768.7916784,-0.935417707396,-0.909846746614,2026-08-04T23:10:17+00:00,2026-08-04T23:10:35+00:00,25
H2-v1-RN1-M2,H2-v1,1595175,0xf40ac3bf4acb00311559af96e17ac875a5838e95ca62763dfcfad40c732da261,mlb-mia-atl-2026-08-04,Atlanta Braves,Miami Marlins,2026-08-04T23:16:00+00:00,true,true,all_pregame,,,true,2,2,2,0,1,0,1,0,1,1,2043.17,849.7201,100.17,1943,-1842.83,53.0901,796.63,-743.5399,-0.901946485119,-0.875040969373,2026-08-03T18:18:17+00:00,2026-08-04T23:15:05+00:00,55
H2-v1-RN1-M2,H2-v1,1595175,0xf40ac3bf4acb00311559af96e17ac875a5838e95ca62763dfcfad40c732da261,mlb-mia-atl-2026-08-04,Atlanta Braves,Miami Marlins,2026-08-04T23:16:00+00:00,true,true,6h,21600,2026-08-04T17:16:00+00:00,true,1,1,1,0,0,0,1,0,0,1,1943,796.63,0,1943,-1943,0,796.63,-796.63,-1,-1,2026-08-04T23:15:05+00:00,2026-08-04T23:15:05+00:00,55
H2-v1-RN1-M2,H2-v1,1595175,0xf40ac3bf4acb00311559af96e17ac875a5838e95ca62763dfcfad40c732da261,mlb-mia-atl-2026-08-04,Atlanta Braves,Miami Marlins,2026-08-04T23:16:00+00:00,true,true,60m,3600,2026-08-04T22:16:00+00:00,true,1,1,1,0,0,0,1,0,0,1,1943,796.63,0,1943,-1943,0,796.63,-796.63,-1,-1,2026-08-04T23:15:05+00:00,2026-08-04T23:15:05+00:00,55
H2-v1-RN1-M2,H2-v1,1595175,0xf40ac3bf4acb00311559af96e17ac875a5838e95ca62763dfcfad40c732da261,mlb-mia-atl-2026-08-04,Atlanta Braves,Miami Marlins,2026-08-04T23:16:00+00:00,true,true,30m,1800,2026-08-04T22:46:00+00:00,true,1,1,1,0,0,0,1,0,0,1,1943,796.63,0,1943,-1943,0,796.63,-796.63,-1,-1,2026-08-04T23:15:05+00:00,2026-08-04T23:15:05+00:00,55
H2-v1-RN1-M2,H2-v1,1595175,0xf40ac3bf4acb00311559af96e17ac875a5838e95ca62763dfcfad40c732da261,mlb-mia-atl-2026-08-04,Atlanta Braves,Miami Marlins,2026-08-04T23:16:00+00:00,true,true,10m,600,2026-08-04T23:06:00+00:00,true,1,1,1,0,0,0,1,0,0,1,1943,796.63,0,1943,-1943,0,796.63,-796.63,-1,-1,2026-08-04T23:15:05+00:00,2026-08-04T23:15:05+00:00,55
H2-v1-RN1-M2,H2-v1,1595175,0xf40ac3bf4acb00311559af96e17ac875a5838e95ca62763dfcfad40c732da261,mlb-mia-atl-2026-08-04,Atlanta Braves,Miami Marlins,2026-08-04T23:16:00+00:00,true,true,5m,300,2026-08-04T23:11:00+00:00,true,1,1,1,0,0,0,1,0,0,1,1943,796.63,0,1943,-1943,0,796.63,-796.63,-1,-1,2026-08-04T23:15:05+00:00,2026-08-04T23:15:05+00:00,55
H2-v1-RN1-M2,H2-v1,1595176,0x89ae4bd727cfb265d512f605df0827d6f1d9dc263e2ea669e93063365977ef67,mlb-pit-mil-2026-08-04,Milwaukee Brewers,Pittsburgh Pirates,2026-08-04T23:40:00+00:00,true,true,all_pregame,,,false,0,0,0,0,0,0,0,0,0,0,0,0,0,0,0,0,0,0,0,0,,,
H2-v1-RN1-M2,H2-v1,1595176,0x89ae4bd727cfb265d512f605df0827d6f1d9dc263e2ea669e93063365977ef67,mlb-pit-mil-2026-08-04,Milwaukee Brewers,Pittsburgh Pirates,2026-08-04T23:40:00+00:00,true,true,6h,21600,2026-08-04T17:40:00+00:00,false,0,0,0,0,0,0,0,0,0,0,0,0,0,0,0,0,0,0,0,0,,,
H2-v1-RN1-M2,H2-v1,1595176,0x89ae4bd727cfb265d512f605df0827d6f1d9dc263e2ea669e93063365977ef67,mlb-pit-mil-2026-08-04,Milwaukee Brewers,Pittsburgh Pirates,2026-08-04T23:40:00+00:00,true,true,60m,3600,2026-08-04T22:40:00+00:00,false,0,0,0,0,0,0,0,0,0,0,0,0,0,0,0,0,0,0,0,0,,,
H2-v1-RN1-M2,H2-v1,1595176,0x89ae4bd727cfb265d512f605df0827d6f1d9dc263e2ea669e93063365977ef67,mlb-pit-mil-2026-08-04,Milwaukee Brewers,Pittsburgh Pirates,2026-08-04T23:40:00+00:00,true,true,30m,1800,2026-08-04T23:10:00+00:00,false,0,0,0,0,0,0,0,0,0,0,0,0,0,0,0,0,0,0,0,0,,,
H2-v1-RN1-M2,H2-v1,1595176,0x89ae4bd727cfb265d512f605df0827d6f1d9dc263e2ea669e93063365977ef67,mlb-pit-mil-2026-08-04,Milwaukee Brewers,Pittsburgh Pirates,2026-08-04T23:40:00+00:00,true,true,10m,600,2026-08-04T23:30:00+00:00,false,0,0,0,0,0,0,0,0,0,0,0,0,0,0,0,0,0,0,0,0,,,
H2-v1-RN1-M2,H2-v1,1595176,0x89ae4bd727cfb265d512f605df0827d6f1d9dc263e2ea669e93063365977ef67,mlb-pit-mil-2026-08-04,Milwaukee Brewers,Pittsburgh Pirates,2026-08-04T23:40:00+00:00,true,true,5m,300,2026-08-04T23:35:00+00:00,false,0,0,0,0,0,0,0,0,0,0,0,0,0,0,0,0,0,0,0,0,,,
H2-v1-RN1-M2,H2-v1,1595178,0xb7cbbb1ae06d551cc95a17840350dda741d6f88aa5005d1a5a4e49f5de800980,mlb-min-kc-2026-08-04,Kansas City Royals,Minnesota Twins,2026-08-04T23:41:00+00:00,true,true,all_pregame,,,false,0,0,0,0,0,0,0,0,0,0,0,0,0,0,0,0,0,0,0,0,,,
H2-v1-RN1-M2,H2-v1,1595178,0xb7cbbb1ae06d551cc95a17840350dda741d6f88aa5005d1a5a4e49f5de800980,mlb-min-kc-2026-08-04,Kansas City Royals,Minnesota Twins,2026-08-04T23:41:00+00:00,true,true,6h,21600,2026-08-04T17:41:00+00:00,false,0,0,0,0,0,0,0,0,0,0,0,0,0,0,0,0,0,0,0,0,,,
H2-v1-RN1-M2,H2-v1,1595178,0xb7cbbb1ae06d551cc95a17840350dda741d6f88aa5005d1a5a4e49f5de800980,mlb-min-kc-2026-08-04,Kansas City Royals,Minnesota Twins,2026-08-04T23:41:00+00:00,true,true,60m,3600,2026-08-04T22:41:00+00:00,false,0,0,0,0,0,0,0,0,0,0,0,0,0,0,0,0,0,0,0,0,,,
H2-v1-RN1-M2,H2-v1,1595178,0xb7cbbb1ae06d551cc95a17840350dda741d6f88aa5005d1a5a4e49f5de800980,mlb-min-kc-2026-08-04,Kansas City Royals,Minnesota Twins,2026-08-04T23:41:00+00:00,true,true,30m,1800,2026-08-04T23:11:00+00:00,false,0,0,0,0,0,0,0,0,0,0,0,0,0,0,0,0,0,0,0,0,,,
H2-v1-RN1-M2,H2-v1,1595178,0xb7cbbb1ae06d551cc95a17840350dda741d6f88aa5005d1a5a4e49f5de800980,mlb-min-kc-2026-08-04,Kansas City Royals,Minnesota Twins,2026-08-04T23:41:00+00:00,true,true,10m,600,2026-08-04T23:31:00+00:00,false,0,0,0,0,0,0,0,0,0,0,0,0,0,0,0,0,0,0,0,0,,,
H2-v1-RN1-M2,H2-v1,1595178,0xb7cbbb1ae06d551cc95a17840350dda741d6f88aa5005d1a5a4e49f5de800980,mlb-min-kc-2026-08-04,Kansas City Royals,Minnesota Twins,2026-08-04T23:41:00+00:00,true,true,5m,300,2026-08-04T23:36:00+00:00,false,0,0,0,0,0,0,0,0,0,0,0,0,0,0,0,0,0,0,0,0,,,
H2-v1-RN1-M2,H2-v1,1615001,0x7e80d3794e50e7fb8626efb9a7826fd6deedd621f48e609a04f453235d6b7e60,mlb-det-sea-2026-08-05,Seattle Mariners,Detroit Tigers,2026-08-05T01:41:00+00:00,true,true,all_pregame,,,true,2,2,2,0,2,0,0,0,2,0,114.03,61.5762,114.03,0,114.03,61.5762,0,61.5762,1,1,2026-08-04T06:07:57+00:00,2026-08-04T06:08:20+00:00,70360
H2-v1-RN1-M2,H2-v1,1615001,0x7e80d3794e50e7fb8626efb9a7826fd6deedd621f48e609a04f453235d6b7e60,mlb-det-sea-2026-08-05,Seattle Mariners,Detroit Tigers,2026-08-05T01:41:00+00:00,true,true,6h,21600,2026-08-04T19:41:00+00:00,false,0,0,0,0,0,0,0,0,0,0,0,0,0,0,0,0,0,0,0,0,,,
H2-v1-RN1-M2,H2-v1,1615001,0x7e80d3794e50e7fb8626efb9a7826fd6deedd621f48e609a04f453235d6b7e60,mlb-det-sea-2026-08-05,Seattle Mariners,Detroit Tigers,2026-08-05T01:41:00+00:00,true,true,60m,3600,2026-08-05T00:41:00+00:00,false,0,0,0,0,0,0,0,0,0,0,0,0,0,0,0,0,0,0,0,0,,,
H2-v1-RN1-M2,H2-v1,1615001,0x7e80d3794e50e7fb8626efb9a7826fd6deedd621f48e609a04f453235d6b7e60,mlb-det-sea-2026-08-05,Seattle Mariners,Detroit Tigers,2026-08-05T01:41:00+00:00,true,true,30m,1800,2026-08-05T01:11:00+00:00,false,0,0,0,0,0,0,0,0,0,0,0,0,0,0,0,0,0,0,0,0,,,
H2-v1-RN1-M2,H2-v1,1615001,0x7e80d3794e50e7fb8626efb9a7826fd6deedd621f48e609a04f453235d6b7e60,mlb-det-sea-2026-08-05,Seattle Mariners,Detroit Tigers,2026-08-05T01:41:00+00:00,true,true,10m,600,2026-08-05T01:31:00+00:00,false,0,0,0,0,0,0,0,0,0,0,0,0,0,0,0,0,0,0,0,0,,,
H2-v1-RN1-M2,H2-v1,1615001,0x7e80d3794e50e7fb8626efb9a7826fd6deedd621f48e609a04f453235d6b7e60,mlb-det-sea-2026-08-05,Seattle Mariners,Detroit Tigers,2026-08-05T01:41:00+00:00,true,true,5m,300,2026-08-05T01:36:00+00:00,false,0,0,0,0,0,0,0,0,0,0,0,0,0,0,0,0,0,0,0,0,,,
H2-v1-RN1-M2,H2-v1,1614998,0x76daa37c1941c4bd4c5906e3471f879f662bf5da5f40a29ee0bb33322b9a2dcc,mlb-sd-ari-2026-08-05,Arizona Diamondbacks,San Diego Padres,2026-08-05T01:41:00+00:00,true,true,all_pregame,,,false,0,0,0,0,0,0,0,0,0,0,0,0,0,0,0,0,0,0,0,0,,,
H2-v1-RN1-M2,H2-v1,1614998,0x76daa37c1941c4bd4c5906e3471f879f662bf5da5f40a29ee0bb33322b9a2dcc,mlb-sd-ari-2026-08-05,Arizona Diamondbacks,San Diego Padres,2026-08-05T01:41:00+00:00,true,true,6h,21600,2026-08-04T19:41:00+00:00,false,0,0,0,0,0,0,0,0,0,0,0,0,0,0,0,0,0,0,0,0,,,
H2-v1-RN1-M2,H2-v1,1614998,0x76daa37c1941c4bd4c5906e3471f879f662bf5da5f40a29ee0bb33322b9a2dcc,mlb-sd-ari-2026-08-05,Arizona Diamondbacks,San Diego Padres,2026-08-05T01:41:00+00:00,true,true,60m,3600,2026-08-05T00:41:00+00:00,false,0,0,0,0,0,0,0,0,0,0,0,0,0,0,0,0,0,0,0,0,,,
H2-v1-RN1-M2,H2-v1,1614998,0x76daa37c1941c4bd4c5906e3471f879f662bf5da5f40a29ee0bb33322b9a2dcc,mlb-sd-ari-2026-08-05,Arizona Diamondbacks,San Diego Padres,2026-08-05T01:41:00+00:00,true,true,30m,1800,2026-08-05T01:11:00+00:00,false,0,0,0,0,0,0,0,0,0,0,0,0,0,0,0,0,0,0,0,0,,,
H2-v1-RN1-M2,H2-v1,1614998,0x76daa37c1941c4bd4c5906e3471f879f662bf5da5f40a29ee0bb33322b9a2dcc,mlb-sd-ari-2026-08-05,Arizona Diamondbacks,San Diego Padres,2026-08-05T01:41:00+00:00,true,true,10m,600,2026-08-05T01:31:00+00:00,false,0,0,0,0,0,0,0,0,0,0,0,0,0,0,0,0,0,0,0,0,,,
H2-v1-RN1-M2,H2-v1,1614998,0x76daa37c1941c4bd4c5906e3471f879f662bf5da5f40a29ee0bb33322b9a2dcc,mlb-sd-ari-2026-08-05,Arizona Diamondbacks,San Diego Padres,2026-08-05T01:41:00+00:00,true,true,5m,300,2026-08-05T01:36:00+00:00,false,0,0,0,0,0,0,0,0,0,0,0,0,0,0,0,0,0,0,0,0,,,
H2-v1-RN1-M2,H2-v1,1614971,0x83175ebfdbce08270cc11b4f741f364f158ba707af2d1d46ed44657f0e60befd,mlb-tor-hou-2026-08-05,Houston Astros,Toronto Blue Jays,2026-08-05T18:10:03+00:00,true,true,all_pregame,,,false,0,0,0,0,0,0,0,0,0,0,0,0,0,0,0,0,0,0,0,0,,,
H2-v1-RN1-M2,H2-v1,1614971,0x83175ebfdbce08270cc11b4f741f364f158ba707af2d1d46ed44657f0e60befd,mlb-tor-hou-2026-08-05,Houston Astros,Toronto Blue Jays,2026-08-05T18:10:03+00:00,true,true,6h,21600,2026-08-05T12:10:03+00:00,false,0,0,0,0,0,0,0,0,0,0,0,0,0,0,0,0,0,0,0,0,,,
H2-v1-RN1-M2,H2-v1,1614971,0x83175ebfdbce08270cc11b4f741f364f158ba707af2d1d46ed44657f0e60befd,mlb-tor-hou-2026-08-05,Houston Astros,Toronto Blue Jays,2026-08-05T18:10:03+00:00,true,true,60m,3600,2026-08-05T17:10:03+00:00,false,0,0,0,0,0,0,0,0,0,0,0,0,0,0,0,0,0,0,0,0,,,
H2-v1-RN1-M2,H2-v1,1614971,0x83175ebfdbce08270cc11b4f741f364f158ba707af2d1d46ed44657f0e60befd,mlb-tor-hou-2026-08-05,Houston Astros,Toronto Blue Jays,2026-08-05T18:10:03+00:00,true,true,30m,1800,2026-08-05T17:40:03+00:00,false,0,0,0,0,0,0,0,0,0,0,0,0,0,0,0,0,0,0,0,0,,,
H2-v1-RN1-M2,H2-v1,1614971,0x83175ebfdbce08270cc11b4f741f364f158ba707af2d1d46ed44657f0e60befd,mlb-tor-hou-2026-08-05,Houston Astros,Toronto Blue Jays,2026-08-05T18:10:03+00:00,true,true,10m,600,2026-08-05T18:00:03+00:00,false,0,0,0,0,0,0,0,0,0,0,0,0,0,0,0,0,0,0,0,0,,,
H2-v1-RN1-M2,H2-v1,1614971,0x83175ebfdbce08270cc11b4f741f364f158ba707af2d1d46ed44657f0e60befd,mlb-tor-hou-2026-08-05,Houston Astros,Toronto Blue Jays,2026-08-05T18:10:03+00:00,true,true,5m,300,2026-08-05T18:05:03+00:00,false,0,0,0,0,0,0,0,0,0,0,0,0,0,0,0,0,0,0,0,0,,,
H2-v1-RN1-M2,H2-v1,1614975,0xb3ffa74d46d4f6329a448d7bd7cfe55cc6e1c1f55b828c8bed6b02f13195d114,mlb-lad-chc-2026-08-05,Chicago Cubs,Los Angeles Dodgers,2026-08-05T18:21:00+00:00,true,true,all_pregame,,,true,1,1,1,0,1,0,0,0,1,0,1968,1003.68,1968,0,1968,1003.68,0,1003.68,1,1,2026-08-05T18:20:03+00:00,2026-08-05T18:20:03+00:00,57
H2-v1-RN1-M2,H2-v1,1614975,0xb3ffa74d46d4f6329a448d7bd7cfe55cc6e1c1f55b828c8bed6b02f13195d114,mlb-lad-chc-2026-08-05,Chicago Cubs,Los Angeles Dodgers,2026-08-05T18:21:00+00:00,true,true,6h,21600,2026-08-05T12:21:00+00:00,true,1,1,1,0,1,0,0,0,1,0,1968,1003.68,1968,0,1968,1003.68,0,1003.68,1,1,2026-08-05T18:20:03+00:00,2026-08-05T18:20:03+00:00,57
H2-v1-RN1-M2,H2-v1,1614975,0xb3ffa74d46d4f6329a448d7bd7cfe55cc6e1c1f55b828c8bed6b02f13195d114,mlb-lad-chc-2026-08-05,Chicago Cubs,Los Angeles Dodgers,2026-08-05T18:21:00+00:00,true,true,60m,3600,2026-08-05T17:21:00+00:00,true,1,1,1,0,1,0,0,0,1,0,1968,1003.68,1968,0,1968,1003.68,0,1003.68,1,1,2026-08-05T18:20:03+00:00,2026-08-05T18:20:03+00:00,57
H2-v1-RN1-M2,H2-v1,1614975,0xb3ffa74d46d4f6329a448d7bd7cfe55cc6e1c1f55b828c8bed6b02f13195d114,mlb-lad-chc-2026-08-05,Chicago Cubs,Los Angeles Dodgers,2026-08-05T18:21:00+00:00,true,true,30m,1800,2026-08-05T17:51:00+00:00,true,1,1,1,0,1,0,0,0,1,0,1968,1003.68,1968,0,1968,1003.68,0,1003.68,1,1,2026-08-05T18:20:03+00:00,2026-08-05T18:20:03+00:00,57
H2-v1-RN1-M2,H2-v1,1614975,0xb3ffa74d46d4f6329a448d7bd7cfe55cc6e1c1f55b828c8bed6b02f13195d114,mlb-lad-chc-2026-08-05,Chicago Cubs,Los Angeles Dodgers,2026-08-05T18:21:00+00:00,true,true,10m,600,2026-08-05T18:11:00+00:00,true,1,1,1,0,1,0,0,0,1,0,1968,1003.68,1968,0,1968,1003.68,0,1003.68,1,1,2026-08-05T18:20:03+00:00,2026-08-05T18:20:03+00:00,57
H2-v1-RN1-M2,H2-v1,1614975,0xb3ffa74d46d4f6329a448d7bd7cfe55cc6e1c1f55b828c8bed6b02f13195d114,mlb-lad-chc-2026-08-05,Chicago Cubs,Los Angeles Dodgers,2026-08-05T18:21:00+00:00,true,true,5m,300,2026-08-05T18:16:00+00:00,true,1,1,1,0,1,0,0,0,1,0,1968,1003.68,1968,0,1968,1003.68,0,1003.68,1,1,2026-08-05T18:20:03+00:00,2026-08-05T18:20:03+00:00,57
H2-v1-RN1-M2,H2-v1,1614979,0xbdc3c22670dd289f732ffccc83cb0cc1036b2389bbd76cb378bae46db03e1ed8,mlb-sf-tex-2026-08-05,Texas Rangers,San Francisco Giants,2026-08-05T18:36:00+00:00,true,true,all_pregame,,,true,11,11,11,0,7,0,4,0,7,4,784.443327,460.1172308,770.21,14.233327,755.976673,454.4239,5.6933308,448.7305692,0.963711012612,0.975252694666,2026-08-05T18:35:03+00:00,2026-08-05T18:35:54+00:00,6
H2-v1-RN1-M2,H2-v1,1614979,0xbdc3c22670dd289f732ffccc83cb0cc1036b2389bbd76cb378bae46db03e1ed8,mlb-sf-tex-2026-08-05,Texas Rangers,San Francisco Giants,2026-08-05T18:36:00+00:00,true,true,6h,21600,2026-08-05T12:36:00+00:00,true,11,11,11,0,7,0,4,0,7,4,784.443327,460.1172308,770.21,14.233327,755.976673,454.4239,5.6933308,448.7305692,0.963711012612,0.975252694666,2026-08-05T18:35:03+00:00,2026-08-05T18:35:54+00:00,6
H2-v1-RN1-M2,H2-v1,1614979,0xbdc3c22670dd289f732ffccc83cb0cc1036b2389bbd76cb378bae46db03e1ed8,mlb-sf-tex-2026-08-05,Texas Rangers,San Francisco Giants,2026-08-05T18:36:00+00:00,true,true,60m,3600,2026-08-05T17:36:00+00:00,true,11,11,11,0,7,0,4,0,7,4,784.443327,460.1172308,770.21,14.233327,755.976673,454.4239,5.6933308,448.7305692,0.963711012612,0.975252694666,2026-08-05T18:35:03+00:00,2026-08-05T18:35:54+00:00,6
H2-v1-RN1-M2,H2-v1,1614979,0xbdc3c22670dd289f732ffccc83cb0cc1036b2389bbd76cb378bae46db03e1ed8,mlb-sf-tex-2026-08-05,Texas Rangers,San Francisco Giants,2026-08-05T18:36:00+00:00,true,true,30m,1800,2026-08-05T18:06:00+00:00,true,11,11,11,0,7,0,4,0,7,4,784.443327,460.1172308,770.21,14.233327,755.976673,454.4239,5.6933308,448.7305692,0.963711012612,0.975252694666,2026-08-05T18:35:03+00:00,2026-08-05T18:35:54+00:00,6
H2-v1-RN1-M2,H2-v1,1614979,0xbdc3c22670dd289f732ffccc83cb0cc1036b2389bbd76cb378bae46db03e1ed8,mlb-sf-tex-2026-08-05,Texas Rangers,San Francisco Giants,2026-08-05T18:36:00+00:00,true,true,10m,600,2026-08-05T18:26:00+00:00,true,11,11,11,0,7,0,4,0,7,4,784.443327,460.1172308,770.21,14.233327,755.976673,454.4239,5.6933308,448.7305692,0.963711012612,0.975252694666,2026-08-05T18:35:03+00:00,2026-08-05T18:35:54+00:00,6
H2-v1-RN1-M2,H2-v1,1614979,0xbdc3c22670dd289f732ffccc83cb0cc1036b2389bbd76cb378bae46db03e1ed8,mlb-sf-tex-2026-08-05,Texas Rangers,San Francisco Giants,2026-08-05T18:36:00+00:00,true,true,5m,300,2026-08-05T18:31:00+00:00,true,11,11,11,0,7,0,4,0,7,4,784.443327,460.1172308,770.21,14.233327,755.976673,454.4239,5.6933308,448.7305692,0.963711012612,0.975252694666,2026-08-05T18:35:03+00:00,2026-08-05T18:35:54+00:00,6
H2-v1-RN1-M2,H2-v1,1614976,0x34aae0d3ca8f99d1ecee2e60f748f6e39a9447040bcd7db0ef2dbdfa5f9309f6,mlb-tb-col-2026-08-05,Colorado Rockies,Tampa Bay Rays,2026-08-05T19:11:00+00:00,true,true,all_pregame,,,true,4,4,4,0,0,0,4,0,0,4,5790,3359.55,0,5790,-5790,0,3359.55,-3359.55,-1,-1,2026-08-05T19:10:06+00:00,2026-08-05T19:10:06+00:00,54
H2-v1-RN1-M2,H2-v1,1614976,0x34aae0d3ca8f99d1ecee2e60f748f6e39a9447040bcd7db0ef2dbdfa5f9309f6,mlb-tb-col-2026-08-05,Colorado Rockies,Tampa Bay Rays,2026-08-05T19:11:00+00:00,true,true,6h,21600,2026-08-05T13:11:00+00:00,true,4,4,4,0,0,0,4,0,0,4,5790,3359.55,0,5790,-5790,0,3359.55,-3359.55,-1,-1,2026-08-05T19:10:06+00:00,2026-08-05T19:10:06+00:00,54
H2-v1-RN1-M2,H2-v1,1614976,0x34aae0d3ca8f99d1ecee2e60f748f6e39a9447040bcd7db0ef2dbdfa5f9309f6,mlb-tb-col-2026-08-05,Colorado Rockies,Tampa Bay Rays,2026-08-05T19:11:00+00:00,true,true,60m,3600,2026-08-05T18:11:00+00:00,true,4,4,4,0,0,0,4,0,0,4,5790,3359.55,0,5790,-5790,0,3359.55,-3359.55,-1,-1,2026-08-05T19:10:06+00:00,2026-08-05T19:10:06+00:00,54
H2-v1-RN1-M2,H2-v1,1614976,0x34aae0d3ca8f99d1ecee2e60f748f6e39a9447040bcd7db0ef2dbdfa5f9309f6,mlb-tb-col-2026-08-05,Colorado Rockies,Tampa Bay Rays,2026-08-05T19:11:00+00:00,true,true,30m,1800,2026-08-05T18:41:00+00:00,true,4,4,4,0,0,0,4,0,0,4,5790,3359.55,0,5790,-5790,0,3359.55,-3359.55,-1,-1,2026-08-05T19:10:06+00:00,2026-08-05T19:10:06+00:00,54
H2-v1-RN1-M2,H2-v1,1614976,0x34aae0d3ca8f99d1ecee2e60f748f6e39a9447040bcd7db0ef2dbdfa5f9309f6,mlb-tb-col-2026-08-05,Colorado Rockies,Tampa Bay Rays,2026-08-05T19:11:00+00:00,true,true,10m,600,2026-08-05T19:01:00+00:00,true,4,4,4,0,0,0,4,0,0,4,5790,3359.55,0,5790,-5790,0,3359.55,-3359.55,-1,-1,2026-08-05T19:10:06+00:00,2026-08-05T19:10:06+00:00,54
H2-v1-RN1-M2,H2-v1,1614976,0x34aae0d3ca8f99d1ecee2e60f748f6e39a9447040bcd7db0ef2dbdfa5f9309f6,mlb-tb-col-2026-08-05,Colorado Rockies,Tampa Bay Rays,2026-08-05T19:11:00+00:00,true,true,5m,300,2026-08-05T19:06:00+00:00,true,4,4,4,0,0,0,4,0,0,4,5790,3359.55,0,5790,-5790,0,3359.55,-3359.55,-1,-1,2026-08-05T19:10:06+00:00,2026-08-05T19:10:06+00:00,54
H2-v1-RN1-M2,H2-v1,1614981,0x48cd516b8e121227e822eef65706ac231431ccb2695a61bf5528ec653af43f0b,mlb-laa-bal-2026-08-05,Baltimore Orioles,Los Angeles Angels,2026-08-05T22:36:00+00:00,true,true,all_pregame,,,true,2,2,2,0,0,0,2,0,0,2,1392.05263,598.5826309,0,1392.05263,-1392.05263,0,598.5826309,-598.5826309,-1,-1,2026-08-05T22:35:03+00:00,2026-08-05T22:35:21+00:00,39
H2-v1-RN1-M2,H2-v1,1614981,0x48cd516b8e121227e822eef65706ac231431ccb2695a61bf5528ec653af43f0b,mlb-laa-bal-2026-08-05,Baltimore Orioles,Los Angeles Angels,2026-08-05T22:36:00+00:00,true,true,6h,21600,2026-08-05T16:36:00+00:00,true,2,2,2,0,0,0,2,0,0,2,1392.05263,598.5826309,0,1392.05263,-1392.05263,0,598.5826309,-598.5826309,-1,-1,2026-08-05T22:35:03+00:00,2026-08-05T22:35:21+00:00,39
H2-v1-RN1-M2,H2-v1,1614981,0x48cd516b8e121227e822eef65706ac231431ccb2695a61bf5528ec653af43f0b,mlb-laa-bal-2026-08-05,Baltimore Orioles,Los Angeles Angels,2026-08-05T22:36:00+00:00,true,true,60m,3600,2026-08-05T21:36:00+00:00,true,2,2,2,0,0,0,2,0,0,2,1392.05263,598.5826309,0,1392.05263,-1392.05263,0,598.5826309,-598.5826309,-1,-1,2026-08-05T22:35:03+00:00,2026-08-05T22:35:21+00:00,39
H2-v1-RN1-M2,H2-v1,1614981,0x48cd516b8e121227e822eef65706ac231431ccb2695a61bf5528ec653af43f0b,mlb-laa-bal-2026-08-05,Baltimore Orioles,Los Angeles Angels,2026-08-05T22:36:00+00:00,true,true,30m,1800,2026-08-05T22:06:00+00:00,true,2,2,2,0,0,0,2,0,0,2,1392.05263,598.5826309,0,1392.05263,-1392.05263,0,598.5826309,-598.5826309,-1,-1,2026-08-05T22:35:03+00:00,2026-08-05T22:35:21+00:00,39
H2-v1-RN1-M2,H2-v1,1614981,0x48cd516b8e121227e822eef65706ac231431ccb2695a61bf5528ec653af43f0b,mlb-laa-bal-2026-08-05,Baltimore Orioles,Los Angeles Angels,2026-08-05T22:36:00+00:00,true,true,10m,600,2026-08-05T22:26:00+00:00,true,2,2,2,0,0,0,2,0,0,2,1392.05263,598.5826309,0,1392.05263,-1392.05263,0,598.5826309,-598.5826309,-1,-1,2026-08-05T22:35:03+00:00,2026-08-05T22:35:21+00:00,39
H2-v1-RN1-M2,H2-v1,1614981,0x48cd516b8e121227e822eef65706ac231431ccb2695a61bf5528ec653af43f0b,mlb-laa-bal-2026-08-05,Baltimore Orioles,Los Angeles Angels,2026-08-05T22:36:00+00:00,true,true,5m,300,2026-08-05T22:31:00+00:00,true,2,2,2,0,0,0,2,0,0,2,1392.05263,598.5826309,0,1392.05263,-1392.05263,0,598.5826309,-598.5826309,-1,-1,2026-08-05T22:35:03+00:00,2026-08-05T22:35:21+00:00,39
H2-v1-RN1-M2,H2-v1,1614983,0x31adeb60257394cd5b4656841e37063fa5f0dba7796097490351b834cc0407a8,mlb-oak-cin-2026-08-05,Cincinnati Reds,Athletics,2026-08-05T22:40:37+00:00,true,true,all_pregame,,,false,0,0,0,0,0,0,0,0,0,0,0,0,0,0,0,0,0,0,0,0,,,
H2-v1-RN1-M2,H2-v1,1614983,0x31adeb60257394cd5b4656841e37063fa5f0dba7796097490351b834cc0407a8,mlb-oak-cin-2026-08-05,Cincinnati Reds,Athletics,2026-08-05T22:40:37+00:00,true,true,6h,21600,2026-08-05T16:40:37+00:00,false,0,0,0,0,0,0,0,0,0,0,0,0,0,0,0,0,0,0,0,0,,,
H2-v1-RN1-M2,H2-v1,1614983,0x31adeb60257394cd5b4656841e37063fa5f0dba7796097490351b834cc0407a8,mlb-oak-cin-2026-08-05,Cincinnati Reds,Athletics,2026-08-05T22:40:37+00:00,true,true,60m,3600,2026-08-05T21:40:37+00:00,false,0,0,0,0,0,0,0,0,0,0,0,0,0,0,0,0,0,0,0,0,,,
H2-v1-RN1-M2,H2-v1,1614983,0x31adeb60257394cd5b4656841e37063fa5f0dba7796097490351b834cc0407a8,mlb-oak-cin-2026-08-05,Cincinnati Reds,Athletics,2026-08-05T22:40:37+00:00,true,true,30m,1800,2026-08-05T22:10:37+00:00,false,0,0,0,0,0,0,0,0,0,0,0,0,0,0,0,0,0,0,0,0,,,
H2-v1-RN1-M2,H2-v1,1614983,0x31adeb60257394cd5b4656841e37063fa5f0dba7796097490351b834cc0407a8,mlb-oak-cin-2026-08-05,Cincinnati Reds,Athletics,2026-08-05T22:40:37+00:00,true,true,10m,600,2026-08-05T22:30:37+00:00,false,0,0,0,0,0,0,0,0,0,0,0,0,0,0,0,0,0,0,0,0,,,
H2-v1-RN1-M2,H2-v1,1614983,0x31adeb60257394cd5b4656841e37063fa5f0dba7796097490351b834cc0407a8,mlb-oak-cin-2026-08-05,Cincinnati Reds,Athletics,2026-08-05T22:40:37+00:00,true,true,5m,300,2026-08-05T22:35:37+00:00,false,0,0,0,0,0,0,0,0,0,0,0,0,0,0,0,0,0,0,0,0,,,
H2-v1-RN1-M2,H2-v1,1614985,0xea15cab9ea12ef28d076215969375a7be059f78c948a34bb5ea38d4ff2d2cb7c,mlb-nym-cle-2026-08-05,Cleveland Guardians,New York Mets,2026-08-05T22:41:42+00:00,true,true,all_pregame,,,true,3,3,3,0,0,0,3,0,0,3,12.68627,6.2162723,0,12.68627,-12.68627,0,6.2162723,-6.2162723,-1,-1,2026-08-05T22:40:06+00:00,2026-08-05T22:40:20+00:00,82
H2-v1-RN1-M2,H2-v1,1614985,0xea15cab9ea12ef28d076215969375a7be059f78c948a34bb5ea38d4ff2d2cb7c,mlb-nym-cle-2026-08-05,Cleveland Guardians,New York Mets,2026-08-05T22:41:42+00:00,true,true,6h,21600,2026-08-05T16:41:42+00:00,true,3,3,3,0,0,0,3,0,0,3,12.68627,6.2162723,0,12.68627,-12.68627,0,6.2162723,-6.2162723,-1,-1,2026-08-05T22:40:06+00:00,2026-08-05T22:40:20+00:00,82
H2-v1-RN1-M2,H2-v1,1614985,0xea15cab9ea12ef28d076215969375a7be059f78c948a34bb5ea38d4ff2d2cb7c,mlb-nym-cle-2026-08-05,Cleveland Guardians,New York Mets,2026-08-05T22:41:42+00:00,true,true,60m,3600,2026-08-05T21:41:42+00:00,true,3,3,3,0,0,0,3,0,0,3,12.68627,6.2162723,0,12.68627,-12.68627,0,6.2162723,-6.2162723,-1,-1,2026-08-05T22:40:06+00:00,2026-08-05T22:40:20+00:00,82
H2-v1-RN1-M2,H2-v1,1614985,0xea15cab9ea12ef28d076215969375a7be059f78c948a34bb5ea38d4ff2d2cb7c,mlb-nym-cle-2026-08-05,Cleveland Guardians,New York Mets,2026-08-05T22:41:42+00:00,true,true,30m,1800,2026-08-05T22:11:42+00:00,true,3,3,3,0,0,0,3,0,0,3,12.68627,6.2162723,0,12.68627,-12.68627,0,6.2162723,-6.2162723,-1,-1,2026-08-05T22:40:06+00:00,2026-08-05T22:40:20+00:00,82
H2-v1-RN1-M2,H2-v1,1614985,0xea15cab9ea12ef28d076215969375a7be059f78c948a34bb5ea38d4ff2d2cb7c,mlb-nym-cle-2026-08-05,Cleveland Guardians,New York Mets,2026-08-05T22:41:42+00:00,true,true,10m,600,2026-08-05T22:31:42+00:00,true,3,3,3,0,0,0,3,0,0,3,12.68627,6.2162723,0,12.68627,-12.68627,0,6.2162723,-6.2162723,-1,-1,2026-08-05T22:40:06+00:00,2026-08-05T22:40:20+00:00,82
H2-v1-RN1-M2,H2-v1,1614985,0xea15cab9ea12ef28d076215969375a7be059f78c948a34bb5ea38d4ff2d2cb7c,mlb-nym-cle-2026-08-05,Cleveland Guardians,New York Mets,2026-08-05T22:41:42+00:00,true,true,5m,300,2026-08-05T22:36:42+00:00,true,3,3,3,0,0,0,3,0,0,3,12.68627,6.2162723,0,12.68627,-12.68627,0,6.2162723,-6.2162723,-1,-1,2026-08-05T22:40:06+00:00,2026-08-05T22:40:20+00:00,82
H2-v1-RN1-M2,H2-v1,1614987,0xb689520c8ea8f583f21327df7d9e45896be56072ea2c3fdf6e75ccdd84b2e5e0,mlb-wsh-phi-2026-08-05,Philadelphia Phillies,Washington Nationals,2026-08-05T23:05:00+00:00,true,true,all_pregame,,,true,6,6,6,0,0,0,6,0,0,6,115.132301,40.29630535,0,115.132301,-115.132301,0,40.29630535,-40.29630535,-1,-1,2026-08-05T22:40:20+00:00,2026-08-05T22:49:48+00:00,912
H2-v1-RN1-M2,H2-v1,1614987,0xb689520c8ea8f583f21327df7d9e45896be56072ea2c3fdf6e75ccdd84b2e5e0,mlb-wsh-phi-2026-08-05,Philadelphia Phillies,Washington Nationals,2026-08-05T23:05:00+00:00,true,true,6h,21600,2026-08-05T17:05:00+00:00,true,6,6,6,0,0,0,6,0,0,6,115.132301,40.29630535,0,115.132301,-115.132301,0,40.29630535,-40.29630535,-1,-1,2026-08-05T22:40:20+00:00,2026-08-05T22:49:48+00:00,912
H2-v1-RN1-M2,H2-v1,1614987,0xb689520c8ea8f583f21327df7d9e45896be56072ea2c3fdf6e75ccdd84b2e5e0,mlb-wsh-phi-2026-08-05,Philadelphia Phillies,Washington Nationals,2026-08-05T23:05:00+00:00,true,true,60m,3600,2026-08-05T22:05:00+00:00,true,6,6,6,0,0,0,6,0,0,6,115.132301,40.29630535,0,115.132301,-115.132301,0,40.29630535,-40.29630535,-1,-1,2026-08-05T22:40:20+00:00,2026-08-05T22:49:48+00:00,912
H2-v1-RN1-M2,H2-v1,1614987,0xb689520c8ea8f583f21327df7d9e45896be56072ea2c3fdf6e75ccdd84b2e5e0,mlb-wsh-phi-2026-08-05,Philadelphia Phillies,Washington Nationals,2026-08-05T23:05:00+00:00,true,true,30m,1800,2026-08-05T22:35:00+00:00,true,6,6,6,0,0,0,6,0,0,6,115.132301,40.29630535,0,115.132301,-115.132301,0,40.29630535,-40.29630535,-1,-1,2026-08-05T22:40:20+00:00,2026-08-05T22:49:48+00:00,912
H2-v1-RN1-M2,H2-v1,1614987,0xb689520c8ea8f583f21327df7d9e45896be56072ea2c3fdf6e75ccdd84b2e5e0,mlb-wsh-phi-2026-08-05,Philadelphia Phillies,Washington Nationals,2026-08-05T23:05:00+00:00,true,true,10m,600,2026-08-05T22:55:00+00:00,false,0,0,0,0,0,0,0,0,0,0,0,0,0,0,0,0,0,0,0,0,,,
H2-v1-RN1-M2,H2-v1,1614987,0xb689520c8ea8f583f21327df7d9e45896be56072ea2c3fdf6e75ccdd84b2e5e0,mlb-wsh-phi-2026-08-05,Philadelphia Phillies,Washington Nationals,2026-08-05T23:05:00+00:00,true,true,5m,300,2026-08-05T23:00:00+00:00,false,0,0,0,0,0,0,0,0,0,0,0,0,0,0,0,0,0,0,0,0,,,
H2-v1-RN1-M2,H2-v1,1614992,0x71cc5dd0766e0306f331cb61a56419ca1aa24e65c9a5b3abdd79172aa1123a9e,mlb-cws-bos-2026-08-05,Boston Red Sox,Chicago White Sox,2026-08-05T23:11:00+00:00,true,true,all_pregame,,,true,1,1,1,0,0,0,1,0,0,1,1990,835.8,0,1990,-1990,0,835.8,-835.8,-1,-1,2026-08-05T23:10:03+00:00,2026-08-05T23:10:03+00:00,57
H2-v1-RN1-M2,H2-v1,1614992,0x71cc5dd0766e0306f331cb61a56419ca1aa24e65c9a5b3abdd79172aa1123a9e,mlb-cws-bos-2026-08-05,Boston Red Sox,Chicago White Sox,2026-08-05T23:11:00+00:00,true,true,6h,21600,2026-08-05T17:11:00+00:00,true,1,1,1,0,0,0,1,0,0,1,1990,835.8,0,1990,-1990,0,835.8,-835.8,-1,-1,2026-08-05T23:10:03+00:00,2026-08-05T23:10:03+00:00,57
H2-v1-RN1-M2,H2-v1,1614992,0x71cc5dd0766e0306f331cb61a56419ca1aa24e65c9a5b3abdd79172aa1123a9e,mlb-cws-bos-2026-08-05,Boston Red Sox,Chicago White Sox,2026-08-05T23:11:00+00:00,true,true,60m,3600,2026-08-05T22:11:00+00:00,true,1,1,1,0,0,0,1,0,0,1,1990,835.8,0,1990,-1990,0,835.8,-835.8,-1,-1,2026-08-05T23:10:03+00:00,2026-08-05T23:10:03+00:00,57
H2-v1-RN1-M2,H2-v1,1614992,0x71cc5dd0766e0306f331cb61a56419ca1aa24e65c9a5b3abdd79172aa1123a9e,mlb-cws-bos-2026-08-05,Boston Red Sox,Chicago White Sox,2026-08-05T23:11:00+00:00,true,true,30m,1800,2026-08-05T22:41:00+00:00,true,1,1,1,0,0,0,1,0,0,1,1990,835.8,0,1990,-1990,0,835.8,-835.8,-1,-1,2026-08-05T23:10:03+00:00,2026-08-05T23:10:03+00:00,57
H2-v1-RN1-M2,H2-v1,1614992,0x71cc5dd0766e0306f331cb61a56419ca1aa24e65c9a5b3abdd79172aa1123a9e,mlb-cws-bos-2026-08-05,Boston Red Sox,Chicago White Sox,2026-08-05T23:11:00+00:00,true,true,10m,600,2026-08-05T23:01:00+00:00,true,1,1,1,0,0,0,1,0,0,1,1990,835.8,0,1990,-1990,0,835.8,-835.8,-1,-1,2026-08-05T23:10:03+00:00,2026-08-05T23:10:03+00:00,57
H2-v1-RN1-M2,H2-v1,1614992,0x71cc5dd0766e0306f331cb61a56419ca1aa24e65c9a5b3abdd79172aa1123a9e,mlb-cws-bos-2026-08-05,Boston Red Sox,Chicago White Sox,2026-08-05T23:11:00+00:00,true,true,5m,300,2026-08-05T23:06:00+00:00,true,1,1,1,0,0,0,1,0,0,1,1990,835.8,0,1990,-1990,0,835.8,-835.8,-1,-1,2026-08-05T23:10:03+00:00,2026-08-05T23:10:03+00:00,57
H2-v1-RN1-M2,H2-v1,1614991,0x10a3732cba02a69e466314f3a114684571613c1b4f36c3f3b7e9681ef5e87196,mlb-mia-atl-2026-08-05,Atlanta Braves,Miami Marlins,2026-08-05T23:16:00+00:00,true,true,all_pregame,,,true,2,2,2,0,1,0,1,0,1,1,7.375491,3.65549256,3.739129,3.636362,0.102767,2.01912966,1.6363629,0.38276676,0.013933580829,0.104710036669,2026-08-05T23:15:09+00:00,2026-08-05T23:15:53+00:00,7
H2-v1-RN1-M2,H2-v1,1614991,0x10a3732cba02a69e466314f3a114684571613c1b4f36c3f3b7e9681ef5e87196,mlb-mia-atl-2026-08-05,Atlanta Braves,Miami Marlins,2026-08-05T23:16:00+00:00,true,true,6h,21600,2026-08-05T17:16:00+00:00,true,2,2,2,0,1,0,1,0,1,1,7.375491,3.65549256,3.739129,3.636362,0.102767,2.01912966,1.6363629,0.38276676,0.013933580829,0.104710036669,2026-08-05T23:15:09+00:00,2026-08-05T23:15:53+00:00,7
H2-v1-RN1-M2,H2-v1,1614991,0x10a3732cba02a69e466314f3a114684571613c1b4f36c3f3b7e9681ef5e87196,mlb-mia-atl-2026-08-05,Atlanta Braves,Miami Marlins,2026-08-05T23:16:00+00:00,true,true,60m,3600,2026-08-05T22:16:00+00:00,true,2,2,2,0,1,0,1,0,1,1,7.375491,3.65549256,3.739129,3.636362,0.102767,2.01912966,1.6363629,0.38276676,0.013933580829,0.104710036669,2026-08-05T23:15:09+00:00,2026-08-05T23:15:53+00:00,7
H2-v1-RN1-M2,H2-v1,1614991,0x10a3732cba02a69e466314f3a114684571613c1b4f36c3f3b7e9681ef5e87196,mlb-mia-atl-2026-08-05,Atlanta Braves,Miami Marlins,2026-08-05T23:16:00+00:00,true,true,30m,1800,2026-08-05T22:46:00+00:00,true,2,2,2,0,1,0,1,0,1,1,7.375491,3.65549256,3.739129,3.636362,0.102767,2.01912966,1.6363629,0.38276676,0.013933580829,0.104710036669,2026-08-05T23:15:09+00:00,2026-08-05T23:15:53+00:00,7
H2-v1-RN1-M2,H2-v1,1614991,0x10a3732cba02a69e466314f3a114684571613c1b4f36c3f3b7e9681ef5e87196,mlb-mia-atl-2026-08-05,Atlanta Braves,Miami Marlins,2026-08-05T23:16:00+00:00,true,true,10m,600,2026-08-05T23:06:00+00:00,true,2,2,2,0,1,0,1,0,1,1,7.375491,3.65549256,3.739129,3.636362,0.102767,2.01912966,1.6363629,0.38276676,0.013933580829,0.104710036669,2026-08-05T23:15:09+00:00,2026-08-05T23:15:53+00:00,7
H2-v1-RN1-M2,H2-v1,1614991,0x10a3732cba02a69e466314f3a114684571613c1b4f36c3f3b7e9681ef5e87196,mlb-mia-atl-2026-08-05,Atlanta Braves,Miami Marlins,2026-08-05T23:16:00+00:00,true,true,5m,300,2026-08-05T23:11:00+00:00,true,2,2,2,0,1,0,1,0,1,1,7.375491,3.65549256,3.739129,3.636362,0.102767,2.01912966,1.6363629,0.38276676,0.013933580829,0.104710036669,2026-08-05T23:15:09+00:00,2026-08-05T23:15:53+00:00,7
H2-v1-RN1-M2,H2-v1,1614997,0xeb6b5b543f3b93fc99f0913e144b55d57e7fa24f9594489b519b6c3487d4189c,mlb-pit-mil-2026-08-05,Milwaukee Brewers,Pittsburgh Pirates,2026-08-05T23:40:54+00:00,true,true,all_pregame,,,true,34,34,34,0,1,0,33,0,1,33,5463.53,2578.4144,2009.53,3454,-1444.47,964.5744,1613.84,-649.2656,-0.264384015463,-0.251808087947,2026-08-04T17:09:11+00:00,2026-08-05T23:40:06+00:00,48
H2-v1-RN1-M2,H2-v1,1614997,0xeb6b5b543f3b93fc99f0913e144b55d57e7fa24f9594489b519b6c3487d4189c,mlb-pit-mil-2026-08-05,Milwaukee Brewers,Pittsburgh Pirates,2026-08-05T23:40:54+00:00,true,true,6h,21600,2026-08-05T17:40:54+00:00,true,1,1,1,0,0,0,1,0,0,1,318,139.92,0,318,-318,0,139.92,-139.92,-1,-1,2026-08-05T23:40:06+00:00,2026-08-05T23:40:06+00:00,48
H2-v1-RN1-M2,H2-v1,1614997,0xeb6b5b543f3b93fc99f0913e144b55d57e7fa24f9594489b519b6c3487d4189c,mlb-pit-mil-2026-08-05,Milwaukee Brewers,Pittsburgh Pirates,2026-08-05T23:40:54+00:00,true,true,60m,3600,2026-08-05T22:40:54+00:00,true,1,1,1,0,0,0,1,0,0,1,318,139.92,0,318,-318,0,139.92,-139.92,-1,-1,2026-08-05T23:40:06+00:00,2026-08-05T23:40:06+00:00,48
H2-v1-RN1-M2,H2-v1,1614997,0xeb6b5b543f3b93fc99f0913e144b55d57e7fa24f9594489b519b6c3487d4189c,mlb-pit-mil-2026-08-05,Milwaukee Brewers,Pittsburgh Pirates,2026-08-05T23:40:54+00:00,true,true,30m,1800,2026-08-05T23:10:54+00:00,true,1,1,1,0,0,0,1,0,0,1,318,139.92,0,318,-318,0,139.92,-139.92,-1,-1,2026-08-05T23:40:06+00:00,2026-08-05T23:40:06+00:00,48
H2-v1-RN1-M2,H2-v1,1614997,0xeb6b5b543f3b93fc99f0913e144b55d57e7fa24f9594489b519b6c3487d4189c,mlb-pit-mil-2026-08-05,Milwaukee Brewers,Pittsburgh Pirates,2026-08-05T23:40:54+00:00,true,true,10m,600,2026-08-05T23:30:54+00:00,true,1,1,1,0,0,0,1,0,0,1,318,139.92,0,318,-318,0,139.92,-139.92,-1,-1,2026-08-05T23:40:06+00:00,2026-08-05T23:40:06+00:00,48
H2-v1-RN1-M2,H2-v1,1614997,0xeb6b5b543f3b93fc99f0913e144b55d57e7fa24f9594489b519b6c3487d4189c,mlb-pit-mil-2026-08-05,Milwaukee Brewers,Pittsburgh Pirates,2026-08-05T23:40:54+00:00,true,true,5m,300,2026-08-05T23:35:54+00:00,true,1,1,1,0,0,0,1,0,0,1,318,139.92,0,318,-318,0,139.92,-139.92,-1,-1,2026-08-05T23:40:06+00:00,2026-08-05T23:40:06+00:00,48
H2-v1-RN1-M2,H2-v1,1614994,0xca8788f29aef5bf45042ae2567a20e4fef6494bac01ffdad9934a727b5784edc,mlb-min-kc-2026-08-05,Kansas City Royals,Minnesota Twins,2026-08-05T23:41:00+00:00,true,true,all_pregame,,,false,0,0,0,0,0,0,0,0,0,0,0,0,0,0,0,0,0,0,0,0,,,
H2-v1-RN1-M2,H2-v1,1614994,0xca8788f29aef5bf45042ae2567a20e4fef6494bac01ffdad9934a727b5784edc,mlb-min-kc-2026-08-05,Kansas City Royals,Minnesota Twins,2026-08-05T23:41:00+00:00,true,true,6h,21600,2026-08-05T17:41:00+00:00,false,0,0,0,0,0,0,0,0,0,0,0,0,0,0,0,0,0,0,0,0,,,
H2-v1-RN1-M2,H2-v1,1614994,0xca8788f29aef5bf45042ae2567a20e4fef6494bac01ffdad9934a727b5784edc,mlb-min-kc-2026-08-05,Kansas City Royals,Minnesota Twins,2026-08-05T23:41:00+00:00,true,true,60m,3600,2026-08-05T22:41:00+00:00,false,0,0,0,0,0,0,0,0,0,0,0,0,0,0,0,0,0,0,0,0,,,
H2-v1-RN1-M2,H2-v1,1614994,0xca8788f29aef5bf45042ae2567a20e4fef6494bac01ffdad9934a727b5784edc,mlb-min-kc-2026-08-05,Kansas City Royals,Minnesota Twins,2026-08-05T23:41:00+00:00,true,true,30m,1800,2026-08-05T23:11:00+00:00,false,0,0,0,0,0,0,0,0,0,0,0,0,0,0,0,0,0,0,0,0,,,
H2-v1-RN1-M2,H2-v1,1614994,0xca8788f29aef5bf45042ae2567a20e4fef6494bac01ffdad9934a727b5784edc,mlb-min-kc-2026-08-05,Kansas City Royals,Minnesota Twins,2026-08-05T23:41:00+00:00,true,true,10m,600,2026-08-05T23:31:00+00:00,false,0,0,0,0,0,0,0,0,0,0,0,0,0,0,0,0,0,0,0,0,,,
H2-v1-RN1-M2,H2-v1,1614994,0xca8788f29aef5bf45042ae2567a20e4fef6494bac01ffdad9934a727b5784edc,mlb-min-kc-2026-08-05,Kansas City Royals,Minnesota Twins,2026-08-05T23:41:00+00:00,true,true,5m,300,2026-08-05T23:36:00+00:00,false,0,0,0,0,0,0,0,0,0,0,0,0,0,0,0,0,0,0,0,0,,,
H2-v1-RN1-M2,H2-v1,1614988,0xfa7715db801d85d5f0909d56c4cf912b3412d5b4f043880f042293a3f29e3b3c,mlb-stl-nyy-2026-08-05,New York Yankees,St. Louis Cardinals,2026-08-06T00:15:00+00:00,true,true,all_pregame,,,true,10,10,10,0,8,0,2,0,8,2,5805.198243,3136.17504556,4704.963329,1100.234914,3604.728415,2685.07873082,451.09631474,2233.98241608,0.620948374906,0.712327081118,2026-08-05T23:05:05+00:00,2026-08-06T00:14:57+00:00,3
H2-v1-RN1-M2,H2-v1,1614988,0xfa7715db801d85d5f0909d56c4cf912b3412d5b4f043880f042293a3f29e3b3c,mlb-stl-nyy-2026-08-05,New York Yankees,St. Louis Cardinals,2026-08-06T00:15:00+00:00,true,true,6h,21600,2026-08-05T18:15:00+00:00,true,10,10,10,0,8,0,2,0,8,2,5805.198243,3136.17504556,4704.963329,1100.234914,3604.728415,2685.07873082,451.09631474,2233.98241608,0.620948374906,0.712327081118,2026-08-05T23:05:05+00:00,2026-08-06T00:14:57+00:00,3
H2-v1-RN1-M2,H2-v1,1614988,0xfa7715db801d85d5f0909d56c4cf912b3412d5b4f043880f042293a3f29e3b3c,mlb-stl-nyy-2026-08-05,New York Yankees,St. Louis Cardinals,2026-08-06T00:15:00+00:00,true,true,60m,3600,2026-08-05T23:15:00+00:00,true,4,4,4,0,4,0,0,0,4,0,4447.547618,2535.77761844,4447.547618,0,4447.547618,2535.77761844,0,2535.77761844,1,1,2026-08-05T23:18:35+00:00,2026-08-06T00:14:57+00:00,3
H2-v1-RN1-M2,H2-v1,1614988,0xfa7715db801d85d5f0909d56c4cf912b3412d5b4f043880f042293a3f29e3b3c,mlb-stl-nyy-2026-08-05,New York Yankees,St. Louis Cardinals,2026-08-06T00:15:00+00:00,true,true,30m,1800,2026-08-05T23:45:00+00:00,true,2,2,2,0,2,0,0,0,2,0,4380,2496.6,4380,0,4380,2496.6,0,2496.6,1,1,2026-08-06T00:14:53+00:00,2026-08-06T00:14:57+00:00,3
H2-v1-RN1-M2,H2-v1,1614988,0xfa7715db801d85d5f0909d56c4cf912b3412d5b4f043880f042293a3f29e3b3c,mlb-stl-nyy-2026-08-05,New York Yankees,St. Louis Cardinals,2026-08-06T00:15:00+00:00,true,true,10m,600,2026-08-06T00:05:00+00:00,true,2,2,2,0,2,0,0,0,2,0,4380,2496.6,4380,0,4380,2496.6,0,2496.6,1,1,2026-08-06T00:14:53+00:00,2026-08-06T00:14:57+00:00,3
H2-v1-RN1-M2,H2-v1,1614988,0xfa7715db801d85d5f0909d56c4cf912b3412d5b4f043880f042293a3f29e3b3c,mlb-stl-nyy-2026-08-05,New York Yankees,St. Louis Cardinals,2026-08-06T00:15:00+00:00,true,true,5m,300,2026-08-06T00:10:00+00:00,true,2,2,2,0,2,0,0,0,2,0,4380,2496.6,4380,0,4380,2496.6,0,2496.6,1,1,2026-08-06T00:14:53+00:00,2026-08-06T00:14:57+00:00,3
H2-v1-RN1-M2,H2-v1,1673808,0x4dbdf2191c0660d1c9b97ce261b42cdd2ec51555574cf4863d7128083093a6b2,mlb-sd-ari-2026-08-06,Arizona Diamondbacks,San Diego Padres,2026-08-06T01:41:00+00:00,true,true,all_pregame,,,false,0,0,0,0,0,0,0,0,0,0,0,0,0,0,0,0,0,0,0,0,,,
H2-v1-RN1-M2,H2-v1,1673808,0x4dbdf2191c0660d1c9b97ce261b42cdd2ec51555574cf4863d7128083093a6b2,mlb-sd-ari-2026-08-06,Arizona Diamondbacks,San Diego Padres,2026-08-06T01:41:00+00:00,true,true,6h,21600,2026-08-05T19:41:00+00:00,false,0,0,0,0,0,0,0,0,0,0,0,0,0,0,0,0,0,0,0,0,,,
H2-v1-RN1-M2,H2-v1,1673808,0x4dbdf2191c0660d1c9b97ce261b42cdd2ec51555574cf4863d7128083093a6b2,mlb-sd-ari-2026-08-06,Arizona Diamondbacks,San Diego Padres,2026-08-06T01:41:00+00:00,true,true,60m,3600,2026-08-06T00:41:00+00:00,false,0,0,0,0,0,0,0,0,0,0,0,0,0,0,0,0,0,0,0,0,,,
H2-v1-RN1-M2,H2-v1,1673808,0x4dbdf2191c0660d1c9b97ce261b42cdd2ec51555574cf4863d7128083093a6b2,mlb-sd-ari-2026-08-06,Arizona Diamondbacks,San Diego Padres,2026-08-06T01:41:00+00:00,true,true,30m,1800,2026-08-06T01:11:00+00:00,false,0,0,0,0,0,0,0,0,0,0,0,0,0,0,0,0,0,0,0,0,,,
H2-v1-RN1-M2,H2-v1,1673808,0x4dbdf2191c0660d1c9b97ce261b42cdd2ec51555574cf4863d7128083093a6b2,mlb-sd-ari-2026-08-06,Arizona Diamondbacks,San Diego Padres,2026-08-06T01:41:00+00:00,true,true,10m,600,2026-08-06T01:31:00+00:00,false,0,0,0,0,0,0,0,0,0,0,0,0,0,0,0,0,0,0,0,0,,,
H2-v1-RN1-M2,H2-v1,1673808,0x4dbdf2191c0660d1c9b97ce261b42cdd2ec51555574cf4863d7128083093a6b2,mlb-sd-ari-2026-08-06,Arizona Diamondbacks,San Diego Padres,2026-08-06T01:41:00+00:00,true,true,5m,300,2026-08-06T01:36:00+00:00,false,0,0,0,0,0,0,0,0,0,0,0,0,0,0,0,0,0,0,0,0,,,
H2-v1-RN1-M2,H2-v1,1673754,0xa4a9f26fc604721f0c499604ea9b0c5423966d4abf19db6e0e5146eb9d2b810a,mlb-laa-bal-2026-08-06,Baltimore Orioles,Los Angeles Angels,2026-08-06T16:36:00+00:00,true,false,all_pregame,,,true,12,12,12,0,5,0,7,0,5,7,700.973904,303.78391332,213.12543,487.848474,-274.723044,137.91543216,165.86848116,-27.953049,-0.391916221749,-0.092016225265,2026-08-05T12:14:14+00:00,2026-08-06T16:35:53+00:00,7
H2-v1-RN1-M2,H2-v1,1673754,0xa4a9f26fc604721f0c499604ea9b0c5423966d4abf19db6e0e5146eb9d2b810a,mlb-laa-bal-2026-08-06,Baltimore Orioles,Los Angeles Angels,2026-08-06T16:36:00+00:00,true,false,6h,21600,2026-08-06T10:36:00+00:00,true,9,9,9,0,2,0,7,0,2,7,690.705615,297.72562281,202.857141,487.848474,-284.991333,131.85714165,165.86848116,-34.01133951,-0.4126089709,-0.114237193255,2026-08-06T16:35:09+00:00,2026-08-06T16:35:53+00:00,7
H2-v1-RN1-M2,H2-v1,1673754,0xa4a9f26fc604721f0c499604ea9b0c5423966d4abf19db6e0e5146eb9d2b810a,mlb-laa-bal-2026-08-06,Baltimore Orioles,Los Angeles Angels,2026-08-06T16:36:00+00:00,true,false,60m,3600,2026-08-06T15:36:00+00:00,true,9,9,9,0,2,0,7,0,2,7,690.705615,297.72562281,202.857141,487.848474,-284.991333,131.85714165,165.86848116,-34.01133951,-0.4126089709,-0.114237193255,2026-08-06T16:35:09+00:00,2026-08-06T16:35:53+00:00,7
H2-v1-RN1-M2,H2-v1,1673754,0xa4a9f26fc604721f0c499604ea9b0c5423966d4abf19db6e0e5146eb9d2b810a,mlb-laa-bal-2026-08-06,Baltimore Orioles,Los Angeles Angels,2026-08-06T16:36:00+00:00,true,false,30m,1800,2026-08-06T16:06:00+00:00,true,9,9,9,0,2,0,7,0,2,7,690.705615,297.72562281,202.857141,487.848474,-284.991333,131.85714165,165.86848116,-34.01133951,-0.4126089709,-0.114237193255,2026-08-06T16:35:09+00:00,2026-08-06T16:35:53+00:00,7
H2-v1-RN1-M2,H2-v1,1673754,0xa4a9f26fc604721f0c499604ea9b0c5423966d4abf19db6e0e5146eb9d2b810a,mlb-laa-bal-2026-08-06,Baltimore Orioles,Los Angeles Angels,2026-08-06T16:36:00+00:00,true,false,10m,600,2026-08-06T16:26:00+00:00,true,9,9,9,0,2,0,7,0,2,7,690.705615,297.72562281,202.857141,487.848474,-284.991333,131.85714165,165.86848116,-34.01133951,-0.4126089709,-0.114237193255,2026-08-06T16:35:09+00:00,2026-08-06T16:35:53+00:00,7
H2-v1-RN1-M2,H2-v1,1673754,0xa4a9f26fc604721f0c499604ea9b0c5423966d4abf19db6e0e5146eb9d2b810a,mlb-laa-bal-2026-08-06,Baltimore Orioles,Los Angeles Angels,2026-08-06T16:36:00+00:00,true,false,5m,300,2026-08-06T16:31:00+00:00,true,9,9,9,0,2,0,7,0,2,7,690.705615,297.72562281,202.857141,487.848474,-284.991333,131.85714165,165.86848116,-34.01133951,-0.4126089709,-0.114237193255,2026-08-06T16:35:09+00:00,2026-08-06T16:35:53+00:00,7
H2-v1-RN1-M2,H2-v1,1673793,0x2407d896eb3c54efa8cf77183654599ecbc7d01c7f0fcf997606a1d920b2fb10,mlb-oak-cin-2026-08-06,Cincinnati Reds,Athletics,2026-08-06T16:41:43+00:00,true,false,all_pregame,,,false,0,0,0,0,0,0,0,0,0,0,0,0,0,0,0,0,0,0,0,0,,,
H2-v1-RN1-M2,H2-v1,1673793,0x2407d896eb3c54efa8cf77183654599ecbc7d01c7f0fcf997606a1d920b2fb10,mlb-oak-cin-2026-08-06,Cincinnati Reds,Athletics,2026-08-06T16:41:43+00:00,true,false,6h,21600,2026-08-06T10:41:43+00:00,false,0,0,0,0,0,0,0,0,0,0,0,0,0,0,0,0,0,0,0,0,,,
H2-v1-RN1-M2,H2-v1,1673793,0x2407d896eb3c54efa8cf77183654599ecbc7d01c7f0fcf997606a1d920b2fb10,mlb-oak-cin-2026-08-06,Cincinnati Reds,Athletics,2026-08-06T16:41:43+00:00,true,false,60m,3600,2026-08-06T15:41:43+00:00,false,0,0,0,0,0,0,0,0,0,0,0,0,0,0,0,0,0,0,0,0,,,
H2-v1-RN1-M2,H2-v1,1673793,0x2407d896eb3c54efa8cf77183654599ecbc7d01c7f0fcf997606a1d920b2fb10,mlb-oak-cin-2026-08-06,Cincinnati Reds,Athletics,2026-08-06T16:41:43+00:00,true,false,30m,1800,2026-08-06T16:11:43+00:00,false,0,0,0,0,0,0,0,0,0,0,0,0,0,0,0,0,0,0,0,0,,,
H2-v1-RN1-M2,H2-v1,1673793,0x2407d896eb3c54efa8cf77183654599ecbc7d01c7f0fcf997606a1d920b2fb10,mlb-oak-cin-2026-08-06,Cincinnati Reds,Athletics,2026-08-06T16:41:43+00:00,true,false,10m,600,2026-08-06T16:31:43+00:00,false,0,0,0,0,0,0,0,0,0,0,0,0,0,0,0,0,0,0,0,0,,,
H2-v1-RN1-M2,H2-v1,1673793,0x2407d896eb3c54efa8cf77183654599ecbc7d01c7f0fcf997606a1d920b2fb10,mlb-oak-cin-2026-08-06,Cincinnati Reds,Athletics,2026-08-06T16:41:43+00:00,true,false,5m,300,2026-08-06T16:36:43+00:00,false,0,0,0,0,0,0,0,0,0,0,0,0,0,0,0,0,0,0,0,0,,,
H2-v1-RN1-M2,H2-v1,1673795,0x78d1a02e5788f1fb0b915458c5e73984b83173353986cbaf53c5f9fbe1e0aa0c,mlb-nym-cle-2026-08-06,Cleveland Guardians,New York Mets,2026-08-06T17:11:00+00:00,true,false,all_pregame,,,false,0,0,0,0,0,0,0,0,0,0,0,0,0,0,0,0,0,0,0,0,,,
H2-v1-RN1-M2,H2-v1,1673795,0x78d1a02e5788f1fb0b915458c5e73984b83173353986cbaf53c5f9fbe1e0aa0c,mlb-nym-cle-2026-08-06,Cleveland Guardians,New York Mets,2026-08-06T17:11:00+00:00,true,false,6h,21600,2026-08-06T11:11:00+00:00,false,0,0,0,0,0,0,0,0,0,0,0,0,0,0,0,0,0,0,0,0,,,
H2-v1-RN1-M2,H2-v1,1673795,0x78d1a02e5788f1fb0b915458c5e73984b83173353986cbaf53c5f9fbe1e0aa0c,mlb-nym-cle-2026-08-06,Cleveland Guardians,New York Mets,2026-08-06T17:11:00+00:00,true,false,60m,3600,2026-08-06T16:11:00+00:00,false,0,0,0,0,0,0,0,0,0,0,0,0,0,0,0,0,0,0,0,0,,,
H2-v1-RN1-M2,H2-v1,1673795,0x78d1a02e5788f1fb0b915458c5e73984b83173353986cbaf53c5f9fbe1e0aa0c,mlb-nym-cle-2026-08-06,Cleveland Guardians,New York Mets,2026-08-06T17:11:00+00:00,true,false,30m,1800,2026-08-06T16:41:00+00:00,false,0,0,0,0,0,0,0,0,0,0,0,0,0,0,0,0,0,0,0,0,,,
H2-v1-RN1-M2,H2-v1,1673795,0x78d1a02e5788f1fb0b915458c5e73984b83173353986cbaf53c5f9fbe1e0aa0c,mlb-nym-cle-2026-08-06,Cleveland Guardians,New York Mets,2026-08-06T17:11:00+00:00,true,false,10m,600,2026-08-06T17:01:00+00:00,false,0,0,0,0,0,0,0,0,0,0,0,0,0,0,0,0,0,0,0,0,,,
H2-v1-RN1-M2,H2-v1,1673795,0x78d1a02e5788f1fb0b915458c5e73984b83173353986cbaf53c5f9fbe1e0aa0c,mlb-nym-cle-2026-08-06,Cleveland Guardians,New York Mets,2026-08-06T17:11:00+00:00,true,false,5m,300,2026-08-06T17:06:00+00:00,false,0,0,0,0,0,0,0,0,0,0,0,0,0,0,0,0,0,0,0,0,,,
H2-v1-RN1-M2,H2-v1,1673842,0x8d98df1d631959e4fc45da7cb881cbe3e924a7a88ae25e898e98ae6791b2793f,mlb-pit-mil-2026-08-06,Milwaukee Brewers,Pittsburgh Pirates,2026-08-06T18:11:00+00:00,true,true,all_pregame,,,true,2,2,2,0,0,0,2,0,0,2,18.181816,8.1818172,0,18.181816,-18.181816,0,8.1818172,-8.1818172,-1,-1,2026-08-06T18:10:08+00:00,2026-08-06T18:10:08+00:00,52
H2-v1-RN1-M2,H2-v1,1673842,0x8d98df1d631959e4fc45da7cb881cbe3e924a7a88ae25e898e98ae6791b2793f,mlb-pit-mil-2026-08-06,Milwaukee Brewers,Pittsburgh Pirates,2026-08-06T18:11:00+00:00,true,true,6h,21600,2026-08-06T12:11:00+00:00,true,2,2,2,0,0,0,2,0,0,2,18.181816,8.1818172,0,18.181816,-18.181816,0,8.1818172,-8.1818172,-1,-1,2026-08-06T18:10:08+00:00,2026-08-06T18:10:08+00:00,52
H2-v1-RN1-M2,H2-v1,1673842,0x8d98df1d631959e4fc45da7cb881cbe3e924a7a88ae25e898e98ae6791b2793f,mlb-pit-mil-2026-08-06,Milwaukee Brewers,Pittsburgh Pirates,2026-08-06T18:11:00+00:00,true,true,60m,3600,2026-08-06T17:11:00+00:00,true,2,2,2,0,0,0,2,0,0,2,18.181816,8.1818172,0,18.181816,-18.181816,0,8.1818172,-8.1818172,-1,-1,2026-08-06T18:10:08+00:00,2026-08-06T18:10:08+00:00,52
H2-v1-RN1-M2,H2-v1,1673842,0x8d98df1d631959e4fc45da7cb881cbe3e924a7a88ae25e898e98ae6791b2793f,mlb-pit-mil-2026-08-06,Milwaukee Brewers,Pittsburgh Pirates,2026-08-06T18:11:00+00:00,true,true,30m,1800,2026-08-06T17:41:00+00:00,true,2,2,2,0,0,0,2,0,0,2,18.181816,8.1818172,0,18.181816,-18.181816,0,8.1818172,-8.1818172,-1,-1,2026-08-06T18:10:08+00:00,2026-08-06T18:10:08+00:00,52
H2-v1-RN1-M2,H2-v1,1673842,0x8d98df1d631959e4fc45da7cb881cbe3e924a7a88ae25e898e98ae6791b2793f,mlb-pit-mil-2026-08-06,Milwaukee Brewers,Pittsburgh Pirates,2026-08-06T18:11:00+00:00,true,true,10m,600,2026-08-06T18:01:00+00:00,true,2,2,2,0,0,0,2,0,0,2,18.181816,8.1818172,0,18.181816,-18.181816,0,8.1818172,-8.1818172,-1,-1,2026-08-06T18:10:08+00:00,2026-08-06T18:10:08+00:00,52
H2-v1-RN1-M2,H2-v1,1673842,0x8d98df1d631959e4fc45da7cb881cbe3e924a7a88ae25e898e98ae6791b2793f,mlb-pit-mil-2026-08-06,Milwaukee Brewers,Pittsburgh Pirates,2026-08-06T18:11:00+00:00,true,true,5m,300,2026-08-06T18:06:00+00:00,true,2,2,2,0,0,0,2,0,0,2,18.181816,8.1818172,0,18.181816,-18.181816,0,8.1818172,-8.1818172,-1,-1,2026-08-06T18:10:08+00:00,2026-08-06T18:10:08+00:00,52
H2-v1-RN1-M2,H2-v1,1673840,0x0228b93fb01788db845e5868100a3ebd773aeb33f0f65e0926f9e15cc015ac96,mlb-det-sea-2026-08-06,Seattle Mariners,Detroit Tigers,2026-08-06T20:11:00+00:00,true,true,all_pregame,,,false,0,0,0,0,0,0,0,0,0,0,0,0,0,0,0,0,0,0,0,0,,,
H2-v1-RN1-M2,H2-v1,1673840,0x0228b93fb01788db845e5868100a3ebd773aeb33f0f65e0926f9e15cc015ac96,mlb-det-sea-2026-08-06,Seattle Mariners,Detroit Tigers,2026-08-06T20:11:00+00:00,true,true,6h,21600,2026-08-06T14:11:00+00:00,false,0,0,0,0,0,0,0,0,0,0,0,0,0,0,0,0,0,0,0,0,,,
H2-v1-RN1-M2,H2-v1,1673840,0x0228b93fb01788db845e5868100a3ebd773aeb33f0f65e0926f9e15cc015ac96,mlb-det-sea-2026-08-06,Seattle Mariners,Detroit Tigers,2026-08-06T20:11:00+00:00,true,true,60m,3600,2026-08-06T19:11:00+00:00,false,0,0,0,0,0,0,0,0,0,0,0,0,0,0,0,0,0,0,0,0,,,
H2-v1-RN1-M2,H2-v1,1673840,0x0228b93fb01788db845e5868100a3ebd773aeb33f0f65e0926f9e15cc015ac96,mlb-det-sea-2026-08-06,Seattle Mariners,Detroit Tigers,2026-08-06T20:11:00+00:00,true,true,30m,1800,2026-08-06T19:41:00+00:00,false,0,0,0,0,0,0,0,0,0,0,0,0,0,0,0,0,0,0,0,0,,,
H2-v1-RN1-M2,H2-v1,1673840,0x0228b93fb01788db845e5868100a3ebd773aeb33f0f65e0926f9e15cc015ac96,mlb-det-sea-2026-08-06,Seattle Mariners,Detroit Tigers,2026-08-06T20:11:00+00:00,true,true,10m,600,2026-08-06T20:01:00+00:00,false,0,0,0,0,0,0,0,0,0,0,0,0,0,0,0,0,0,0,0,0,,,
H2-v1-RN1-M2,H2-v1,1673840,0x0228b93fb01788db845e5868100a3ebd773aeb33f0f65e0926f9e15cc015ac96,mlb-det-sea-2026-08-06,Seattle Mariners,Detroit Tigers,2026-08-06T20:11:00+00:00,true,true,5m,300,2026-08-06T20:06:00+00:00,false,0,0,0,0,0,0,0,0,0,0,0,0,0,0,0,0,0,0,0,0,,,
H2-v1-RN1-M2,H2-v1,1673810,0x6d3915d2e5aba59d058874238319a7e83309aaeafbc2a389f5a95f4d3d8ebcd9,mlb-wsh-phi-2026-08-06,Philadelphia Phillies,Washington Nationals,2026-08-06T22:06:00+00:00,true,true,all_pregame,,,true,2,2,2,0,1,0,1,0,1,1,72.692306,46.29230644,57.692306,15,42.692306,42.69230644,3.6,39.09230644,0.587301577694,0.844466595992,2026-08-06T22:05:06+00:00,2026-08-06T22:05:14+00:00,46
H2-v1-RN1-M2,H2-v1,1673810,0x6d3915d2e5aba59d058874238319a7e83309aaeafbc2a389f5a95f4d3d8ebcd9,mlb-wsh-phi-2026-08-06,Philadelphia Phillies,Washington Nationals,2026-08-06T22:06:00+00:00,true,true,6h,21600,2026-08-06T16:06:00+00:00,true,2,2,2,0,1,0,1,0,1,1,72.692306,46.29230644,57.692306,15,42.692306,42.69230644,3.6,39.09230644,0.587301577694,0.844466595992,2026-08-06T22:05:06+00:00,2026-08-06T22:05:14+00:00,46
H2-v1-RN1-M2,H2-v1,1673810,0x6d3915d2e5aba59d058874238319a7e83309aaeafbc2a389f5a95f4d3d8ebcd9,mlb-wsh-phi-2026-08-06,Philadelphia Phillies,Washington Nationals,2026-08-06T22:06:00+00:00,true,true,60m,3600,2026-08-06T21:06:00+00:00,true,2,2,2,0,1,0,1,0,1,1,72.692306,46.29230644,57.692306,15,42.692306,42.69230644,3.6,39.09230644,0.587301577694,0.844466595992,2026-08-06T22:05:06+00:00,2026-08-06T22:05:14+00:00,46
H2-v1-RN1-M2,H2-v1,1673810,0x6d3915d2e5aba59d058874238319a7e83309aaeafbc2a389f5a95f4d3d8ebcd9,mlb-wsh-phi-2026-08-06,Philadelphia Phillies,Washington Nationals,2026-08-06T22:06:00+00:00,true,true,30m,1800,2026-08-06T21:36:00+00:00,true,2,2,2,0,1,0,1,0,1,1,72.692306,46.29230644,57.692306,15,42.692306,42.69230644,3.6,39.09230644,0.587301577694,0.844466595992,2026-08-06T22:05:06+00:00,2026-08-06T22:05:14+00:00,46
H2-v1-RN1-M2,H2-v1,1673810,0x6d3915d2e5aba59d058874238319a7e83309aaeafbc2a389f5a95f4d3d8ebcd9,mlb-wsh-phi-2026-08-06,Philadelphia Phillies,Washington Nationals,2026-08-06T22:06:00+00:00,true,true,10m,600,2026-08-06T21:56:00+00:00,true,2,2,2,0,1,0,1,0,1,1,72.692306,46.29230644,57.692306,15,42.692306,42.69230644,3.6,39.09230644,0.587301577694,0.844466595992,2026-08-06T22:05:06+00:00,2026-08-06T22:05:14+00:00,46
H2-v1-RN1-M2,H2-v1,1673810,0x6d3915d2e5aba59d058874238319a7e83309aaeafbc2a389f5a95f4d3d8ebcd9,mlb-wsh-phi-2026-08-06,Philadelphia Phillies,Washington Nationals,2026-08-06T22:06:00+00:00,true,true,5m,300,2026-08-06T22:01:00+00:00,true,2,2,2,0,1,0,1,0,1,1,72.692306,46.29230644,57.692306,15,42.692306,42.69230644,3.6,39.09230644,0.587301577694,0.844466595992,2026-08-06T22:05:06+00:00,2026-08-06T22:05:14+00:00,46
H2-v1-RN1-M2,H2-v1,1673815,0xa5144d487f22937f5bc46c655ab3cf1063edebefef327fa08ffeed421e60688f,mlb-cws-bos-2026-08-06,Boston Red Sox,Chicago White Sox,2026-08-06T23:11:00+00:00,true,true,all_pregame,,,false,0,0,0,0,0,0,0,0,0,0,0,0,0,0,0,0,0,0,0,0,,,
H2-v1-RN1-M2,H2-v1,1673815,0xa5144d487f22937f5bc46c655ab3cf1063edebefef327fa08ffeed421e60688f,mlb-cws-bos-2026-08-06,Boston Red Sox,Chicago White Sox,2026-08-06T23:11:00+00:00,true,true,6h,21600,2026-08-06T17:11:00+00:00,false,0,0,0,0,0,0,0,0,0,0,0,0,0,0,0,0,0,0,0,0,,,
H2-v1-RN1-M2,H2-v1,1673815,0xa5144d487f22937f5bc46c655ab3cf1063edebefef327fa08ffeed421e60688f,mlb-cws-bos-2026-08-06,Boston Red Sox,Chicago White Sox,2026-08-06T23:11:00+00:00,true,true,60m,3600,2026-08-06T22:11:00+00:00,false,0,0,0,0,0,0,0,0,0,0,0,0,0,0,0,0,0,0,0,0,,,
H2-v1-RN1-M2,H2-v1,1673815,0xa5144d487f22937f5bc46c655ab3cf1063edebefef327fa08ffeed421e60688f,mlb-cws-bos-2026-08-06,Boston Red Sox,Chicago White Sox,2026-08-06T23:11:00+00:00,true,true,30m,1800,2026-08-06T22:41:00+00:00,false,0,0,0,0,0,0,0,0,0,0,0,0,0,0,0,0,0,0,0,0,,,
H2-v1-RN1-M2,H2-v1,1673815,0xa5144d487f22937f5bc46c655ab3cf1063edebefef327fa08ffeed421e60688f,mlb-cws-bos-2026-08-06,Boston Red Sox,Chicago White Sox,2026-08-06T23:11:00+00:00,true,true,10m,600,2026-08-06T23:01:00+00:00,false,0,0,0,0,0,0,0,0,0,0,0,0,0,0,0,0,0,0,0,0,,,
H2-v1-RN1-M2,H2-v1,1673815,0xa5144d487f22937f5bc46c655ab3cf1063edebefef327fa08ffeed421e60688f,mlb-cws-bos-2026-08-06,Boston Red Sox,Chicago White Sox,2026-08-06T23:11:00+00:00,true,true,5m,300,2026-08-06T23:06:00+00:00,false,0,0,0,0,0,0,0,0,0,0,0,0,0,0,0,0,0,0,0,0,,,
H2-v1-RN1-M2,H2-v1,1673812,0x75925ee36022684960b17d5d8842a0d88ab1f9125f975f9590f34496fbd066d5,mlb-mia-atl-2026-08-06,Atlanta Braves,Miami Marlins,2026-08-06T23:16:00+00:00,true,true,all_pregame,,,true,12,12,12,0,10,0,2,0,10,2,2128.201525,827.62293025,82.201525,2046,-1963.798475,50.14293025,777.48,-727.33706975,-0.922750243307,-0.878826628849,2026-08-06T23:15:12+00:00,2026-08-06T23:15:51+00:00,9
H2-v1-RN1-M2,H2-v1,1673812,0x75925ee36022684960b17d5d8842a0d88ab1f9125f975f9590f34496fbd066d5,mlb-mia-atl-2026-08-06,Atlanta Braves,Miami Marlins,2026-08-06T23:16:00+00:00,true,true,6h,21600,2026-08-06T17:16:00+00:00,true,12,12,12,0,10,0,2,0,10,2,2128.201525,827.62293025,82.201525,2046,-1963.798475,50.14293025,777.48,-727.33706975,-0.922750243307,-0.878826628849,2026-08-06T23:15:12+00:00,2026-08-06T23:15:51+00:00,9
H2-v1-RN1-M2,H2-v1,1673812,0x75925ee36022684960b17d5d8842a0d88ab1f9125f975f9590f34496fbd066d5,mlb-mia-atl-2026-08-06,Atlanta Braves,Miami Marlins,2026-08-06T23:16:00+00:00,true,true,60m,3600,2026-08-06T22:16:00+00:00,true,12,12,12,0,10,0,2,0,10,2,2128.201525,827.62293025,82.201525,2046,-1963.798475,50.14293025,777.48,-727.33706975,-0.922750243307,-0.878826628849,2026-08-06T23:15:12+00:00,2026-08-06T23:15:51+00:00,9
H2-v1-RN1-M2,H2-v1,1673812,0x75925ee36022684960b17d5d8842a0d88ab1f9125f975f9590f34496fbd066d5,mlb-mia-atl-2026-08-06,Atlanta Braves,Miami Marlins,2026-08-06T23:16:00+00:00,true,true,30m,1800,2026-08-06T22:46:00+00:00,true,12,12,12,0,10,0,2,0,10,2,2128.201525,827.62293025,82.201525,2046,-1963.798475,50.14293025,777.48,-727.33706975,-0.922750243307,-0.878826628849,2026-08-06T23:15:12+00:00,2026-08-06T23:15:51+00:00,9
H2-v1-RN1-M2,H2-v1,1673812,0x75925ee36022684960b17d5d8842a0d88ab1f9125f975f9590f34496fbd066d5,mlb-mia-atl-2026-08-06,Atlanta Braves,Miami Marlins,2026-08-06T23:16:00+00:00,true,true,10m,600,2026-08-06T23:06:00+00:00,true,12,12,12,0,10,0,2,0,10,2,2128.201525,827.62293025,82.201525,2046,-1963.798475,50.14293025,777.48,-727.33706975,-0.922750243307,-0.878826628849,2026-08-06T23:15:12+00:00,2026-08-06T23:15:51+00:00,9
H2-v1-RN1-M2,H2-v1,1673812,0x75925ee36022684960b17d5d8842a0d88ab1f9125f975f9590f34496fbd066d5,mlb-mia-atl-2026-08-06,Atlanta Braves,Miami Marlins,2026-08-06T23:16:00+00:00,true,true,5m,300,2026-08-06T23:11:00+00:00,true,12,12,12,0,10,0,2,0,10,2,2128.201525,827.62293025,82.201525,2046,-1963.798475,50.14293025,777.48,-727.33706975,-0.922750243307,-0.878826628849,2026-08-06T23:15:12+00:00,2026-08-06T23:15:51+00:00,9
H2-v1-RN1-M2,H2-v1,1673805,0x1b54546f205ce9a93ccd91b2847c7fbacd871e072f915a66a6cbe91404878788,mlb-min-kc-2026-08-06,Kansas City Royals,Minnesota Twins,2026-08-06T23:41:00+00:00,true,true,all_pregame,,,true,12,12,12,0,3,0,9,0,3,9,3823.297265,1892.13036925,1908,1915.297265,-7.297265,1030.32,861.81036925,168.50963075,-0.001908631345,0.089058150267,2026-08-06T23:40:06+00:00,2026-08-06T23:40:39+00:00,21
H2-v1-RN1-M2,H2-v1,1673805,0x1b54546f205ce9a93ccd91b2847c7fbacd871e072f915a66a6cbe91404878788,mlb-min-kc-2026-08-06,Kansas City Royals,Minnesota Twins,2026-08-06T23:41:00+00:00,true,true,6h,21600,2026-08-06T17:41:00+00:00,true,12,12,12,0,3,0,9,0,3,9,3823.297265,1892.13036925,1908,1915.297265,-7.297265,1030.32,861.81036925,168.50963075,-0.001908631345,0.089058150267,2026-08-06T23:40:06+00:00,2026-08-06T23:40:39+00:00,21
H2-v1-RN1-M2,H2-v1,1673805,0x1b54546f205ce9a93ccd91b2847c7fbacd871e072f915a66a6cbe91404878788,mlb-min-kc-2026-08-06,Kansas City Royals,Minnesota Twins,2026-08-06T23:41:00+00:00,true,true,60m,3600,2026-08-06T22:41:00+00:00,true,12,12,12,0,3,0,9,0,3,9,3823.297265,1892.13036925,1908,1915.297265,-7.297265,1030.32,861.81036925,168.50963075,-0.001908631345,0.089058150267,2026-08-06T23:40:06+00:00,2026-08-06T23:40:39+00:00,21
H2-v1-RN1-M2,H2-v1,1673805,0x1b54546f205ce9a93ccd91b2847c7fbacd871e072f915a66a6cbe91404878788,mlb-min-kc-2026-08-06,Kansas City Royals,Minnesota Twins,2026-08-06T23:41:00+00:00,true,true,30m,1800,2026-08-06T23:11:00+00:00,true,12,12,12,0,3,0,9,0,3,9,3823.297265,1892.13036925,1908,1915.297265,-7.297265,1030.32,861.81036925,168.50963075,-0.001908631345,0.089058150267,2026-08-06T23:40:06+00:00,2026-08-06T23:40:39+00:00,21
H2-v1-RN1-M2,H2-v1,1673805,0x1b54546f205ce9a93ccd91b2847c7fbacd871e072f915a66a6cbe91404878788,mlb-min-kc-2026-08-06,Kansas City Royals,Minnesota Twins,2026-08-06T23:41:00+00:00,true,true,10m,600,2026-08-06T23:31:00+00:00,true,12,12,12,0,3,0,9,0,3,9,3823.297265,1892.13036925,1908,1915.297265,-7.297265,1030.32,861.81036925,168.50963075,-0.001908631345,0.089058150267,2026-08-06T23:40:06+00:00,2026-08-06T23:40:39+00:00,21
H2-v1-RN1-M2,H2-v1,1673805,0x1b54546f205ce9a93ccd91b2847c7fbacd871e072f915a66a6cbe91404878788,mlb-min-kc-2026-08-06,Kansas City Royals,Minnesota Twins,2026-08-06T23:41:00+00:00,true,true,5m,300,2026-08-06T23:36:00+00:00,true,12,12,12,0,3,0,9,0,3,9,3823.297265,1892.13036925,1908,1915.297265,-7.297265,1030.32,861.81036925,168.50963075,-0.001908631345,0.089058150267,2026-08-06T23:40:06+00:00,2026-08-06T23:40:39+00:00,21
H2-v1-RN1-M2,H2-v1,1673845,0x71fa2b9df79ae3aed7721dfde68b16673f191b93cfcc24909ccd237fbe1a334c,mlb-nym-pit-2026-08-07,Pittsburgh Pirates,New York Mets,2026-08-07T22:42:14+00:00,true,true,all_pregame,,,true,6,6,6,0,2,0,4,0,2,4,96.315548,50.36105206,72.565554,23.749994,48.81556,39.9110547,10.44999736,29.46105734,0.506829489253,0.584996860369,2026-08-07T22:40:52+00:00,2026-08-07T22:41:19+00:00,55
H2-v1-RN1-M2,H2-v1,1673845,0x71fa2b9df79ae3aed7721dfde68b16673f191b93cfcc24909ccd237fbe1a334c,mlb-nym-pit-2026-08-07,Pittsburgh Pirates,New York Mets,2026-08-07T22:42:14+00:00,true,true,6h,21600,2026-08-07T16:42:14+00:00,true,6,6,6,0,2,0,4,0,2,4,96.315548,50.36105206,72.565554,23.749994,48.81556,39.9110547,10.44999736,29.46105734,0.506829489253,0.584996860369,2026-08-07T22:40:52+00:00,2026-08-07T22:41:19+00:00,55
H2-v1-RN1-M2,H2-v1,1673845,0x71fa2b9df79ae3aed7721dfde68b16673f191b93cfcc24909ccd237fbe1a334c,mlb-nym-pit-2026-08-07,Pittsburgh Pirates,New York Mets,2026-08-07T22:42:14+00:00,true,true,60m,3600,2026-08-07T21:42:14+00:00,true,6,6,6,0,2,0,4,0,2,4,96.315548,50.36105206,72.565554,23.749994,48.81556,39.9110547,10.44999736,29.46105734,0.506829489253,0.584996860369,2026-08-07T22:40:52+00:00,2026-08-07T22:41:19+00:00,55
H2-v1-RN1-M2,H2-v1,1673845,0x71fa2b9df79ae3aed7721dfde68b16673f191b93cfcc24909ccd237fbe1a334c,mlb-nym-pit-2026-08-07,Pittsburgh Pirates,New York Mets,2026-08-07T22:42:14+00:00,true,true,30m,1800,2026-08-07T22:12:14+00:00,true,6,6,6,0,2,0,4,0,2,4,96.315548,50.36105206,72.565554,23.749994,48.81556,39.9110547,10.44999736,29.46105734,0.506829489253,0.584996860369,2026-08-07T22:40:52+00:00,2026-08-07T22:41:19+00:00,55
H2-v1-RN1-M2,H2-v1,1673845,0x71fa2b9df79ae3aed7721dfde68b16673f191b93cfcc24909ccd237fbe1a334c,mlb-nym-pit-2026-08-07,Pittsburgh Pirates,New York Mets,2026-08-07T22:42:14+00:00,true,true,10m,600,2026-08-07T22:32:14+00:00,true,6,6,6,0,2,0,4,0,2,4,96.315548,50.36105206,72.565554,23.749994,48.81556,39.9110547,10.44999736,29.46105734,0.506829489253,0.584996860369,2026-08-07T22:40:52+00:00,2026-08-07T22:41:19+00:00,55
H2-v1-RN1-M2,H2-v1,1673845,0x71fa2b9df79ae3aed7721dfde68b16673f191b93cfcc24909ccd237fbe1a334c,mlb-nym-pit-2026-08-07,Pittsburgh Pirates,New York Mets,2026-08-07T22:42:14+00:00,true,true,5m,300,2026-08-07T22:37:14+00:00,true,6,6,6,0,2,0,4,0,2,4,96.315548,50.36105206,72.565554,23.749994,48.81556,39.9110547,10.44999736,29.46105734,0.506829489253,0.584996860369,2026-08-07T22:40:52+00:00,2026-08-07T22:41:19+00:00,55
H2-v1-RN1-M2,H2-v1,1673887,0x1834230745e97fd13fd6417f8e598f6d9b0c02bab0e15ba8838c84284d25b442,mlb-laa-mia-2026-08-07,Miami Marlins,Los Angeles Angels,2026-08-07T23:11:00+00:00,true,true,all_pregame,,,false,0,0,0,0,0,0,0,0,0,0,0,0,0,0,0,0,0,0,0,0,,,
H2-v1-RN1-M2,H2-v1,1673887,0x1834230745e97fd13fd6417f8e598f6d9b0c02bab0e15ba8838c84284d25b442,mlb-laa-mia-2026-08-07,Miami Marlins,Los Angeles Angels,2026-08-07T23:11:00+00:00,true,true,6h,21600,2026-08-07T17:11:00+00:00,false,0,0,0,0,0,0,0,0,0,0,0,0,0,0,0,0,0,0,0,0,,,
H2-v1-RN1-M2,H2-v1,1673887,0x1834230745e97fd13fd6417f8e598f6d9b0c02bab0e15ba8838c84284d25b442,mlb-laa-mia-2026-08-07,Miami Marlins,Los Angeles Angels,2026-08-07T23:11:00+00:00,true,true,60m,3600,2026-08-07T22:11:00+00:00,false,0,0,0,0,0,0,0,0,0,0,0,0,0,0,0,0,0,0,0,0,,,
H2-v1-RN1-M2,H2-v1,1673887,0x1834230745e97fd13fd6417f8e598f6d9b0c02bab0e15ba8838c84284d25b442,mlb-laa-mia-2026-08-07,Miami Marlins,Los Angeles Angels,2026-08-07T23:11:00+00:00,true,true,30m,1800,2026-08-07T22:41:00+00:00,false,0,0,0,0,0,0,0,0,0,0,0,0,0,0,0,0,0,0,0,0,,,
H2-v1-RN1-M2,H2-v1,1673887,0x1834230745e97fd13fd6417f8e598f6d9b0c02bab0e15ba8838c84284d25b442,mlb-laa-mia-2026-08-07,Miami Marlins,Los Angeles Angels,2026-08-07T23:11:00+00:00,true,true,10m,600,2026-08-07T23:01:00+00:00,false,0,0,0,0,0,0,0,0,0,0,0,0,0,0,0,0,0,0,0,0,,,
H2-v1-RN1-M2,H2-v1,1673887,0x1834230745e97fd13fd6417f8e598f6d9b0c02bab0e15ba8838c84284d25b442,mlb-laa-mia-2026-08-07,Miami Marlins,Los Angeles Angels,2026-08-07T23:11:00+00:00,true,true,5m,300,2026-08-07T23:06:00+00:00,false,0,0,0,0,0,0,0,0,0,0,0,0,0,0,0,0,0,0,0,0,,,
H2-v1-RN1-M2,H2-v1,1673882,0x977c0519cc902a6bf7a8a6015ab745581615790f3f19b6f98b88c38054790d68,mlb-oak-bos-2026-08-07,Boston Red Sox,Athletics,2026-08-07T23:11:00+00:00,true,true,all_pregame,,,true,1,1,1,0,1,0,0,0,1,0,117,83.07,117,0,117,83.07,0,83.07,1,1,2026-08-07T23:10:04+00:00,2026-08-07T23:10:04+00:00,56
H2-v1-RN1-M2,H2-v1,1673882,0x977c0519cc902a6bf7a8a6015ab745581615790f3f19b6f98b88c38054790d68,mlb-oak-bos-2026-08-07,Boston Red Sox,Athletics,2026-08-07T23:11:00+00:00,true,true,6h,21600,2026-08-07T17:11:00+00:00,true,1,1,1,0,1,0,0,0,1,0,117,83.07,117,0,117,83.07,0,83.07,1,1,2026-08-07T23:10:04+00:00,2026-08-07T23:10:04+00:00,56
H2-v1-RN1-M2,H2-v1,1673882,0x977c0519cc902a6bf7a8a6015ab745581615790f3f19b6f98b88c38054790d68,mlb-oak-bos-2026-08-07,Boston Red Sox,Athletics,2026-08-07T23:11:00+00:00,true,true,60m,3600,2026-08-07T22:11:00+00:00,true,1,1,1,0,1,0,0,0,1,0,117,83.07,117,0,117,83.07,0,83.07,1,1,2026-08-07T23:10:04+00:00,2026-08-07T23:10:04+00:00,56
H2-v1-RN1-M2,H2-v1,1673882,0x977c0519cc902a6bf7a8a6015ab745581615790f3f19b6f98b88c38054790d68,mlb-oak-bos-2026-08-07,Boston Red Sox,Athletics,2026-08-07T23:11:00+00:00,true,true,30m,1800,2026-08-07T22:41:00+00:00,true,1,1,1,0,1,0,0,0,1,0,117,83.07,117,0,117,83.07,0,83.07,1,1,2026-08-07T23:10:04+00:00,2026-08-07T23:10:04+00:00,56
H2-v1-RN1-M2,H2-v1,1673882,0x977c0519cc902a6bf7a8a6015ab745581615790f3f19b6f98b88c38054790d68,mlb-oak-bos-2026-08-07,Boston Red Sox,Athletics,2026-08-07T23:11:00+00:00,true,true,10m,600,2026-08-07T23:01:00+00:00,true,1,1,1,0,1,0,0,0,1,0,117,83.07,117,0,117,83.07,0,83.07,1,1,2026-08-07T23:10:04+00:00,2026-08-07T23:10:04+00:00,56
H2-v1-RN1-M2,H2-v1,1673882,0x977c0519cc902a6bf7a8a6015ab745581615790f3f19b6f98b88c38054790d68,mlb-oak-bos-2026-08-07,Boston Red Sox,Athletics,2026-08-07T23:11:00+00:00,true,true,5m,300,2026-08-07T23:06:00+00:00,true,1,1,1,0,1,0,0,0,1,0,117,83.07,117,0,117,83.07,0,83.07,1,1,2026-08-07T23:10:04+00:00,2026-08-07T23:10:04+00:00,56
H2-v1-RN1-M2,H2-v1,1673893,0x396c671d5f43d443da553cecd9a2922ae6f3ef60fef77961d47c554241817409,mlb-cle-cws-2026-08-07,Chicago White Sox,Cleveland Guardians,2026-08-07T23:41:00+00:00,true,true,all_pregame,,,false,0,0,0,0,0,0,0,0,0,0,0,0,0,0,0,0,0,0,0,0,,,
H2-v1-RN1-M2,H2-v1,1673893,0x396c671d5f43d443da553cecd9a2922ae6f3ef60fef77961d47c554241817409,mlb-cle-cws-2026-08-07,Chicago White Sox,Cleveland Guardians,2026-08-07T23:41:00+00:00,true,true,6h,21600,2026-08-07T17:41:00+00:00,false,0,0,0,0,0,0,0,0,0,0,0,0,0,0,0,0,0,0,0,0,,,
H2-v1-RN1-M2,H2-v1,1673893,0x396c671d5f43d443da553cecd9a2922ae6f3ef60fef77961d47c554241817409,mlb-cle-cws-2026-08-07,Chicago White Sox,Cleveland Guardians,2026-08-07T23:41:00+00:00,true,true,60m,3600,2026-08-07T22:41:00+00:00,false,0,0,0,0,0,0,0,0,0,0,0,0,0,0,0,0,0,0,0,0,,,
H2-v1-RN1-M2,H2-v1,1673893,0x396c671d5f43d443da553cecd9a2922ae6f3ef60fef77961d47c554241817409,mlb-cle-cws-2026-08-07,Chicago White Sox,Cleveland Guardians,2026-08-07T23:41:00+00:00,true,true,30m,1800,2026-08-07T23:11:00+00:00,false,0,0,0,0,0,0,0,0,0,0,0,0,0,0,0,0,0,0,0,0,,,
H2-v1-RN1-M2,H2-v1,1673893,0x396c671d5f43d443da553cecd9a2922ae6f3ef60fef77961d47c554241817409,mlb-cle-cws-2026-08-07,Chicago White Sox,Cleveland Guardians,2026-08-07T23:41:00+00:00,true,true,10m,600,2026-08-07T23:31:00+00:00,false,0,0,0,0,0,0,0,0,0,0,0,0,0,0,0,0,0,0,0,0,,,
H2-v1-RN1-M2,H2-v1,1673893,0x396c671d5f43d443da553cecd9a2922ae6f3ef60fef77961d47c554241817409,mlb-cle-cws-2026-08-07,Chicago White Sox,Cleveland Guardians,2026-08-07T23:41:00+00:00,true,true,5m,300,2026-08-07T23:36:00+00:00,false,0,0,0,0,0,0,0,0,0,0,0,0,0,0,0,0,0,0,0,0,,,
H2-v1-RN1-M2,H2-v1,1673903,0x538589f4b0ba89623a2067830f6e137c0ed13eb4414cb8d5755abf19e9f94419,mlb-min-mil-2026-08-07,Milwaukee Brewers,Minnesota Twins,2026-08-07T23:41:00+00:00,true,true,all_pregame,,,false,0,0,0,0,0,0,0,0,0,0,0,0,0,0,0,0,0,0,0,0,,,
H2-v1-RN1-M2,H2-v1,1673903,0x538589f4b0ba89623a2067830f6e137c0ed13eb4414cb8d5755abf19e9f94419,mlb-min-mil-2026-08-07,Milwaukee Brewers,Minnesota Twins,2026-08-07T23:41:00+00:00,true,true,6h,21600,2026-08-07T17:41:00+00:00,false,0,0,0,0,0,0,0,0,0,0,0,0,0,0,0,0,0,0,0,0,,,
H2-v1-RN1-M2,H2-v1,1673903,0x538589f4b0ba89623a2067830f6e137c0ed13eb4414cb8d5755abf19e9f94419,mlb-min-mil-2026-08-07,Milwaukee Brewers,Minnesota Twins,2026-08-07T23:41:00+00:00,true,true,60m,3600,2026-08-07T22:41:00+00:00,false,0,0,0,0,0,0,0,0,0,0,0,0,0,0,0,0,0,0,0,0,,,
H2-v1-RN1-M2,H2-v1,1673903,0x538589f4b0ba89623a2067830f6e137c0ed13eb4414cb8d5755abf19e9f94419,mlb-min-mil-2026-08-07,Milwaukee Brewers,Minnesota Twins,2026-08-07T23:41:00+00:00,true,true,30m,1800,2026-08-07T23:11:00+00:00,false,0,0,0,0,0,0,0,0,0,0,0,0,0,0,0,0,0,0,0,0,,,
H2-v1-RN1-M2,H2-v1,1673903,0x538589f4b0ba89623a2067830f6e137c0ed13eb4414cb8d5755abf19e9f94419,mlb-min-mil-2026-08-07,Milwaukee Brewers,Minnesota Twins,2026-08-07T23:41:00+00:00,true,true,10m,600,2026-08-07T23:31:00+00:00,false,0,0,0,0,0,0,0,0,0,0,0,0,0,0,0,0,0,0,0,0,,,
H2-v1-RN1-M2,H2-v1,1673903,0x538589f4b0ba89623a2067830f6e137c0ed13eb4414cb8d5755abf19e9f94419,mlb-min-mil-2026-08-07,Milwaukee Brewers,Minnesota Twins,2026-08-07T23:41:00+00:00,true,true,5m,300,2026-08-07T23:36:00+00:00,false,0,0,0,0,0,0,0,0,0,0,0,0,0,0,0,0,0,0,0,0,,,
H2-v1-RN1-M2,H2-v1,1673863,0x85103a46008451b326ce5cac11e4377e7c06baef3631a6a78e6ddfc593d68a5d,mlb-cin-wsh-2026-08-07,Washington Nationals,Cincinnati Reds,2026-08-07T23:46:00+00:00,true,true,all_pregame,,,true,54,54,54,0,19,0,35,0,19,35,882.516071,445.54611435,565.553167,316.962904,248.590263,299.74317851,145.80293584,153.94024267,0.281683553613,0.345509112776,2026-08-07T22:52:27+00:00,2026-08-07T23:23:15+00:00,1365
H2-v1-RN1-M2,H2-v1,1673863,0x85103a46008451b326ce5cac11e4377e7c06baef3631a6a78e6ddfc593d68a5d,mlb-cin-wsh-2026-08-07,Washington Nationals,Cincinnati Reds,2026-08-07T23:46:00+00:00,true,true,6h,21600,2026-08-07T17:46:00+00:00,true,54,54,54,0,19,0,35,0,19,35,882.516071,445.54611435,565.553167,316.962904,248.590263,299.74317851,145.80293584,153.94024267,0.281683553613,0.345509112776,2026-08-07T22:52:27+00:00,2026-08-07T23:23:15+00:00,1365
H2-v1-RN1-M2,H2-v1,1673863,0x85103a46008451b326ce5cac11e4377e7c06baef3631a6a78e6ddfc593d68a5d,mlb-cin-wsh-2026-08-07,Washington Nationals,Cincinnati Reds,2026-08-07T23:46:00+00:00,true,true,60m,3600,2026-08-07T22:46:00+00:00,true,54,54,54,0,19,0,35,0,19,35,882.516071,445.54611435,565.553167,316.962904,248.590263,299.74317851,145.80293584,153.94024267,0.281683553613,0.345509112776,2026-08-07T22:52:27+00:00,2026-08-07T23:23:15+00:00,1365
H2-v1-RN1-M2,H2-v1,1673863,0x85103a46008451b326ce5cac11e4377e7c06baef3631a6a78e6ddfc593d68a5d,mlb-cin-wsh-2026-08-07,Washington Nationals,Cincinnati Reds,2026-08-07T23:46:00+00:00,true,true,30m,1800,2026-08-07T23:16:00+00:00,true,13,13,13,0,4,0,9,0,4,9,398.871532,206.35154265,326.723399,72.148133,254.575266,173.16340147,33.18814118,139.97526029,0.638238745,0.678333965874,2026-08-07T23:18:18+00:00,2026-08-07T23:23:15+00:00,1365
H2-v1-RN1-M2,H2-v1,1673863,0x85103a46008451b326ce5cac11e4377e7c06baef3631a6a78e6ddfc593d68a5d,mlb-cin-wsh-2026-08-07,Washington Nationals,Cincinnati Reds,2026-08-07T23:46:00+00:00,true,true,10m,600,2026-08-07T23:36:00+00:00,false,0,0,0,0,0,0,0,0,0,0,0,0,0,0,0,0,0,0,0,0,,,
H2-v1-RN1-M2,H2-v1,1673863,0x85103a46008451b326ce5cac11e4377e7c06baef3631a6a78e6ddfc593d68a5d,mlb-cin-wsh-2026-08-07,Washington Nationals,Cincinnati Reds,2026-08-07T23:46:00+00:00,true,true,5m,300,2026-08-07T23:41:00+00:00,false,0,0,0,0,0,0,0,0,0,0,0,0,0,0,0,0,0,0,0,0,,,
H2-v1-RN1-M2,H2-v1,1673846,0xc3d4ea1d592f030ba20a226a4825b83ee10dd0fd428650e60011109c8a617346,mlb-tor-phi-2026-08-07,Philadelphia Phillies,Toronto Blue Jays,2026-08-08T00:41:00+00:00,true,true,all_pregame,,,true,10,10,10,0,8,0,2,0,8,2,816.811078,426.07748166,489.155706,327.655372,161.500334,317.9512089,108.12627276,209.82493614,0.197720548056,0.492457229428,2026-08-06T15:12:15+00:00,2026-08-08T00:07:48+00:00,1992
H2-v1-RN1-M2,H2-v1,1673846,0xc3d4ea1d592f030ba20a226a4825b83ee10dd0fd428650e60011109c8a617346,mlb-tor-phi-2026-08-07,Philadelphia Phillies,Toronto Blue Jays,2026-08-08T00:41:00+00:00,true,true,6h,21600,2026-08-07T18:41:00+00:00,true,9,9,9,0,8,0,1,0,8,1,504.081078,322.87658166,489.155706,14.925372,474.230334,317.9512089,4.92537276,313.02583614,0.940781859699,0.969490678236,2026-08-07T22:40:24+00:00,2026-08-08T00:07:48+00:00,1992
H2-v1-RN1-M2,H2-v1,1673846,0xc3d4ea1d592f030ba20a226a4825b83ee10dd0fd428650e60011109c8a617346,mlb-tor-phi-2026-08-07,Philadelphia Phillies,Toronto Blue Jays,2026-08-08T00:41:00+00:00,true,true,60m,3600,2026-08-07T23:41:00+00:00,true,2,2,2,0,1,0,1,0,1,1,42.125372,22.60537276,27.2,14.925372,12.274628,17.68,4.92537276,12.75462724,0.291383254728,0.564229901246,2026-08-08T00:05:00+00:00,2026-08-08T00:07:48+00:00,1992
H2-v1-RN1-M2,H2-v1,1673846,0xc3d4ea1d592f030ba20a226a4825b83ee10dd0fd428650e60011109c8a617346,mlb-tor-phi-2026-08-07,Philadelphia Phillies,Toronto Blue Jays,2026-08-08T00:41:00+00:00,true,true,30m,1800,2026-08-08T00:11:00+00:00,false,0,0,0,0,0,0,0,0,0,0,0,0,0,0,0,0,0,0,0,0,,,
H2-v1-RN1-M2,H2-v1,1673846,0xc3d4ea1d592f030ba20a226a4825b83ee10dd0fd428650e60011109c8a617346,mlb-tor-phi-2026-08-07,Philadelphia Phillies,Toronto Blue Jays,2026-08-08T00:41:00+00:00,true,true,10m,600,2026-08-08T00:31:00+00:00,false,0,0,0,0,0,0,0,0,0,0,0,0,0,0,0,0,0,0,0,0,,,
H2-v1-RN1-M2,H2-v1,1673846,0xc3d4ea1d592f030ba20a226a4825b83ee10dd0fd428650e60011109c8a617346,mlb-tor-phi-2026-08-07,Philadelphia Phillies,Toronto Blue Jays,2026-08-08T00:41:00+00:00,true,true,5m,300,2026-08-08T00:36:00+00:00,false,0,0,0,0,0,0,0,0,0,0,0,0,0,0,0,0,0,0,0,0,,,
H2-v1-RN1-M2,H2-v1,1673885,0x2f40b48f8d3177ec141fc216669c06206f37c359c0ace9cde11925055c0638a1,mlb-atl-nyy-2026-08-07,New York Yankees,Atlanta Braves,2026-08-08T01:01:00+00:00,true,true,all_pregame,,,false,0,0,0,0,0,0,0,0,0,0,0,0,0,0,0,0,0,0,0,0,,,
H2-v1-RN1-M2,H2-v1,1673885,0x2f40b48f8d3177ec141fc216669c06206f37c359c0ace9cde11925055c0638a1,mlb-atl-nyy-2026-08-07,New York Yankees,Atlanta Braves,2026-08-08T01:01:00+00:00,true,true,6h,21600,2026-08-07T19:01:00+00:00,false,0,0,0,0,0,0,0,0,0,0,0,0,0,0,0,0,0,0,0,0,,,
H2-v1-RN1-M2,H2-v1,1673885,0x2f40b48f8d3177ec141fc216669c06206f37c359c0ace9cde11925055c0638a1,mlb-atl-nyy-2026-08-07,New York Yankees,Atlanta Braves,2026-08-08T01:01:00+00:00,true,true,60m,3600,2026-08-08T00:01:00+00:00,false,0,0,0,0,0,0,0,0,0,0,0,0,0,0,0,0,0,0,0,0,,,
H2-v1-RN1-M2,H2-v1,1673885,0x2f40b48f8d3177ec141fc216669c06206f37c359c0ace9cde11925055c0638a1,mlb-atl-nyy-2026-08-07,New York Yankees,Atlanta Braves,2026-08-08T01:01:00+00:00,true,true,30m,1800,2026-08-08T00:31:00+00:00,false,0,0,0,0,0,0,0,0,0,0,0,0,0,0,0,0,0,0,0,0,,,
H2-v1-RN1-M2,H2-v1,1673885,0x2f40b48f8d3177ec141fc216669c06206f37c359c0ace9cde11925055c0638a1,mlb-atl-nyy-2026-08-07,New York Yankees,Atlanta Braves,2026-08-08T01:01:00+00:00,true,true,10m,600,2026-08-08T00:51:00+00:00,false,0,0,0,0,0,0,0,0,0,0,0,0,0,0,0,0,0,0,0,0,,,
H2-v1-RN1-M2,H2-v1,1673885,0x2f40b48f8d3177ec141fc216669c06206f37c359c0ace9cde11925055c0638a1,mlb-atl-nyy-2026-08-07,New York Yankees,Atlanta Braves,2026-08-08T01:01:00+00:00,true,true,5m,300,2026-08-08T00:56:00+00:00,false,0,0,0,0,0,0,0,0,0,0,0,0,0,0,0,0,0,0,0,0,,,
