feature_version,cohort_version,market_id,condition_id,slug,home_team,away_team,canonical_commence_time,include_broad,include_tight,window,window_seconds,window_start,has_data,move_available,poll_count,multi_family_poll_count,first_home_prob,last_home_prob,sharp_home_move,min_home_prob,max_home_prob,home_prob_range,first_poll_time,last_poll_time,last_poll_seconds_before_start,mean_family_count,min_family_count,max_family_count,first_poll_family_count,last_poll_family_count,median_source_lag_seconds,max_source_lag_seconds
H2-v1-SHARP-M3,H2-v1,1595162,0xf447965f2669b7aa3e5f5d320b2cdd8c19943f8bfb90abbde31202d88aa9c56d,mlb-laa-bal-2026-08-04,Baltimore Orioles,Los Angeles Angels,2026-08-04T22:36:00+00:00,true,true,all_pregame,,,true,true,10,10,0.5792079207920793,0.5819070904645476,0.0026991696724683,0.5792079207920793,0.5922330097087379,0.0130250889166586,2026-08-04T12:53:01.230532+00:00,2026-08-04T22:00:02.809990+00:00,2157.19001,3,3,3,3,3,9.4980175,22.387362
H2-v1-SHARP-M3,H2-v1,1595162,0xf447965f2669b7aa3e5f5d320b2cdd8c19943f8bfb90abbde31202d88aa9c56d,mlb-laa-bal-2026-08-04,Baltimore Orioles,Los Angeles Angels,2026-08-04T22:36:00+00:00,true,true,6h,21600,2026-08-04T16:36:00+00:00,true,true,9,9,0.5853658536585367,0.5819070904645476,-0.0034587631939891,0.5819070904645476,0.5922330097087379,0.0103259192441903,2026-08-04T18:00:01.992379+00:00,2026-08-04T22:00:02.809990+00:00,2157.19001,3,3,3,3,3,9.003656,22.387362
H2-v1-SHARP-M3,H2-v1,1595162,0xf447965f2669b7aa3e5f5d320b2cdd8c19943f8bfb90abbde31202d88aa9c56d,mlb-laa-bal-2026-08-04,Baltimore Orioles,Los Angeles Angels,2026-08-04T22:36:00+00:00,true,true,60m,3600,2026-08-04T21:36:00+00:00,true,true,2,2,0.5819070904645476,0.5819070904645476,0,0.5819070904645476,0.5819070904645476,0,2026-08-04T21:45:01.964130+00:00,2026-08-04T22:00:02.809990+00:00,2157.19001,3,3,3,3,3,6.63706,12.80999
H2-v1-SHARP-M3,H2-v1,1595162,0xf447965f2669b7aa3e5f5d320b2cdd8c19943f8bfb90abbde31202d88aa9c56d,mlb-laa-bal-2026-08-04,Baltimore Orioles,Los Angeles Angels,2026-08-04T22:36:00+00:00,true,true,30m,1800,2026-08-04T22:06:00+00:00,false,false,0,0,,,,,,,,,,,,,,,,
H2-v1-SHARP-M3,H2-v1,1595162,0xf447965f2669b7aa3e5f5d320b2cdd8c19943f8bfb90abbde31202d88aa9c56d,mlb-laa-bal-2026-08-04,Baltimore Orioles,Los Angeles Angels,2026-08-04T22:36:00+00:00,true,true,10m,600,2026-08-04T22:26:00+00:00,false,false,0,0,,,,,,,,,,,,,,,,
H2-v1-SHARP-M3,H2-v1,1595162,0xf447965f2669b7aa3e5f5d320b2cdd8c19943f8bfb90abbde31202d88aa9c56d,mlb-laa-bal-2026-08-04,Baltimore Orioles,Los Angeles Angels,2026-08-04T22:36:00+00:00,true,true,5m,300,2026-08-04T22:31:00+00:00,false,false,0,0,,,,,,,,,,,,,,,,
H2-v1-SHARP-M3,H2-v1,1595163,0xd58033380ea1ab708e42f01d636ca60a8da6272f660bbfdc2e4c1acf27d1872d,mlb-oak-cin-2026-08-04,Cincinnati Reds,Athletics,2026-08-04T22:40:41+00:00,true,true,all_pregame,,,true,true,10,10,0.5550000000000002,0.5513784461152882,-0.003621553884712,0.55,0.5594059405940595,0.0094059405940595,2026-08-04T12:53:01.230532+00:00,2026-08-04T22:00:02.809990+00:00,2438.19001,3,3,3,3,3,9.4980175,22.387362
H2-v1-SHARP-M3,H2-v1,1595163,0xd58033380ea1ab708e42f01d636ca60a8da6272f660bbfdc2e4c1acf27d1872d,mlb-oak-cin-2026-08-04,Cincinnati Reds,Athletics,2026-08-04T22:40:41+00:00,true,true,6h,21600,2026-08-04T16:40:41+00:00,true,true,9,9,0.5558312655086849,0.5513784461152882,-0.0044528193933967,0.55,0.5594059405940595,0.0094059405940595,2026-08-04T18:00:01.992379+00:00,2026-08-04T22:00:02.809990+00:00,2438.19001,3,3,3,3,3,9.003656,22.387362
H2-v1-SHARP-M3,H2-v1,1595163,0xd58033380ea1ab708e42f01d636ca60a8da6272f660bbfdc2e4c1acf27d1872d,mlb-oak-cin-2026-08-04,Cincinnati Reds,Athletics,2026-08-04T22:40:41+00:00,true,true,60m,3600,2026-08-04T21:40:41+00:00,true,true,2,2,0.55,0.5513784461152882,0.0013784461152882,0.55,0.5513784461152882,0.0013784461152882,2026-08-04T21:45:01.964130+00:00,2026-08-04T22:00:02.809990+00:00,2438.19001,3,3,3,3,3,6.63706,12.80999
H2-v1-SHARP-M3,H2-v1,1595163,0xd58033380ea1ab708e42f01d636ca60a8da6272f660bbfdc2e4c1acf27d1872d,mlb-oak-cin-2026-08-04,Cincinnati Reds,Athletics,2026-08-04T22:40:41+00:00,true,true,30m,1800,2026-08-04T22:10:41+00:00,false,false,0,0,,,,,,,,,,,,,,,,
H2-v1-SHARP-M3,H2-v1,1595163,0xd58033380ea1ab708e42f01d636ca60a8da6272f660bbfdc2e4c1acf27d1872d,mlb-oak-cin-2026-08-04,Cincinnati Reds,Athletics,2026-08-04T22:40:41+00:00,true,true,10m,600,2026-08-04T22:30:41+00:00,false,false,0,0,,,,,,,,,,,,,,,,
H2-v1-SHARP-M3,H2-v1,1595163,0xd58033380ea1ab708e42f01d636ca60a8da6272f660bbfdc2e4c1acf27d1872d,mlb-oak-cin-2026-08-04,Cincinnati Reds,Athletics,2026-08-04T22:40:41+00:00,true,true,5m,300,2026-08-04T22:35:41+00:00,false,false,0,0,,,,,,,,,,,,,,,,
H2-v1-SHARP-M3,H2-v1,1595165,0x3250991062dee7e768335a2dca0b5282e8e3bf461120775a1f94de78cd7d55c6,mlb-nym-cle-2026-08-04,Cleveland Guardians,New York Mets,2026-08-04T22:41:36+00:00,true,true,all_pregame,,,true,true,10,10,0.58679706601467,0.5558312655086849,-0.0309658005059851,0.5558312655086849,0.5888077858880778,0.0329765203793929,2026-08-04T12:53:01.230532+00:00,2026-08-04T22:00:02.809990+00:00,2493.19001,3,3,3,3,3,9.4980175,22.387362
H2-v1-SHARP-M3,H2-v1,1595165,0x3250991062dee7e768335a2dca0b5282e8e3bf461120775a1f94de78cd7d55c6,mlb-nym-cle-2026-08-04,Cleveland Guardians,New York Mets,2026-08-04T22:41:36+00:00,true,true,6h,21600,2026-08-04T16:41:36+00:00,true,true,9,9,0.5888077858880778,0.5558312655086849,-0.0329765203793929,0.5558312655086849,0.5888077858880778,0.0329765203793929,2026-08-04T18:00:01.992379+00:00,2026-08-04T22:00:02.809990+00:00,2493.19001,3,3,3,3,3,9.003656,22.387362
H2-v1-SHARP-M3,H2-v1,1595165,0x3250991062dee7e768335a2dca0b5282e8e3bf461120775a1f94de78cd7d55c6,mlb-nym-cle-2026-08-04,Cleveland Guardians,New York Mets,2026-08-04T22:41:36+00:00,true,true,60m,3600,2026-08-04T21:41:36+00:00,true,true,2,2,0.5572139303482587,0.5558312655086849,-0.0013826648395738,0.5558312655086849,0.5572139303482587,0.0013826648395738,2026-08-04T21:45:01.964130+00:00,2026-08-04T22:00:02.809990+00:00,2493.19001,3,3,3,3,3,6.63706,12.80999
H2-v1-SHARP-M3,H2-v1,1595165,0x3250991062dee7e768335a2dca0b5282e8e3bf461120775a1f94de78cd7d55c6,mlb-nym-cle-2026-08-04,Cleveland Guardians,New York Mets,2026-08-04T22:41:36+00:00,true,true,30m,1800,2026-08-04T22:11:36+00:00,false,false,0,0,,,,,,,,,,,,,,,,
H2-v1-SHARP-M3,H2-v1,1595165,0x3250991062dee7e768335a2dca0b5282e8e3bf461120775a1f94de78cd7d55c6,mlb-nym-cle-2026-08-04,Cleveland Guardians,New York Mets,2026-08-04T22:41:36+00:00,true,true,10m,600,2026-08-04T22:31:36+00:00,false,false,0,0,,,,,,,,,,,,,,,,
H2-v1-SHARP-M3,H2-v1,1595165,0x3250991062dee7e768335a2dca0b5282e8e3bf461120775a1f94de78cd7d55c6,mlb-nym-cle-2026-08-04,Cleveland Guardians,New York Mets,2026-08-04T22:41:36+00:00,true,true,5m,300,2026-08-04T22:36:36+00:00,false,false,0,0,,,,,,,,,,,,,,,,
H2-v1-SHARP-M3,H2-v1,1595169,0x90dab0680f465b0e4f505295d1b138b2982a86a2eafa92b6530c5035efa7a716,mlb-wsh-phi-2026-08-04,Philadelphia Phillies,Washington Nationals,2026-08-04T22:42:34+00:00,true,true,all_pregame,,,true,true,10,10,0.7113402061855669,0.7381889763779528,0.0268487701923859,0.7113402061855669,0.7432432432432433,0.0319030370576764,2026-08-04T12:53:01.230532+00:00,2026-08-04T22:00:02.809990+00:00,2551.19001,3,3,3,3,3,9.4980175,22.387362
H2-v1-SHARP-M3,H2-v1,1595169,0x90dab0680f465b0e4f505295d1b138b2982a86a2eafa92b6530c5035efa7a716,mlb-wsh-phi-2026-08-04,Philadelphia Phillies,Washington Nationals,2026-08-04T22:42:34+00:00,true,true,6h,21600,2026-08-04T16:42:34+00:00,true,true,9,9,0.7200811359026369,0.7381889763779528,0.0181078404753159,0.7200811359026369,0.7432432432432433,0.0231621073406064,2026-08-04T18:00:01.992379+00:00,2026-08-04T22:00:02.809990+00:00,2551.19001,3,3,3,3,3,9.003656,22.387362
H2-v1-SHARP-M3,H2-v1,1595169,0x90dab0680f465b0e4f505295d1b138b2982a86a2eafa92b6530c5035efa7a716,mlb-wsh-phi-2026-08-04,Philadelphia Phillies,Washington Nationals,2026-08-04T22:42:34+00:00,true,true,60m,3600,2026-08-04T21:42:34+00:00,true,true,2,2,0.7432432432432433,0.7381889763779528,-0.0050542668652905,0.7381889763779528,0.7432432432432433,0.0050542668652905,2026-08-04T21:45:01.964130+00:00,2026-08-04T22:00:02.809990+00:00,2551.19001,3,3,3,3,3,6.63706,12.80999
H2-v1-SHARP-M3,H2-v1,1595169,0x90dab0680f465b0e4f505295d1b138b2982a86a2eafa92b6530c5035efa7a716,mlb-wsh-phi-2026-08-04,Philadelphia Phillies,Washington Nationals,2026-08-04T22:42:34+00:00,true,true,30m,1800,2026-08-04T22:12:34+00:00,false,false,0,0,,,,,,,,,,,,,,,,
H2-v1-SHARP-M3,H2-v1,1595169,0x90dab0680f465b0e4f505295d1b138b2982a86a2eafa92b6530c5035efa7a716,mlb-wsh-phi-2026-08-04,Philadelphia Phillies,Washington Nationals,2026-08-04T22:42:34+00:00,true,true,10m,600,2026-08-04T22:32:34+00:00,false,false,0,0,,,,,,,,,,,,,,,,
H2-v1-SHARP-M3,H2-v1,1595169,0x90dab0680f465b0e4f505295d1b138b2982a86a2eafa92b6530c5035efa7a716,mlb-wsh-phi-2026-08-04,Philadelphia Phillies,Washington Nationals,2026-08-04T22:42:34+00:00,true,true,5m,300,2026-08-04T22:37:34+00:00,false,false,0,0,,,,,,,,,,,,,,,,
H2-v1-SHARP-M3,H2-v1,1595170,0x9e2cefa4b629c7943658c606dde621781ce9ba317908fe26b312518fb8562ebd,mlb-stl-nyy-2026-08-04,New York Yankees,St. Louis Cardinals,2026-08-04T23:06:00+00:00,true,true,all_pregame,,,true,true,12,12,0.6175771971496438,0.6545454545454545,0.0369682573958107,0.6175771971496438,0.6545454545454545,0.0369682573958107,2026-08-04T12:53:01.230532+00:00,2026-08-04T23:00:02.055369+00:00,357.944631,3,3,3,3,3,9.4980175,22.387362
H2-v1-SHARP-M3,H2-v1,1595170,0x9e2cefa4b629c7943658c606dde621781ce9ba317908fe26b312518fb8562ebd,mlb-stl-nyy-2026-08-04,New York Yankees,St. Louis Cardinals,2026-08-04T23:06:00+00:00,true,true,6h,21600,2026-08-04T17:06:00+00:00,true,true,11,11,0.6435185185185185,0.6545454545454545,0.011026936026936,0.6367924528301887,0.6545454545454545,0.0177530017152658,2026-08-04T18:00:01.992379+00:00,2026-08-04T23:00:02.055369+00:00,357.944631,3,3,3,3,3,9.003656,22.387362
H2-v1-SHARP-M3,H2-v1,1595170,0x9e2cefa4b629c7943658c606dde621781ce9ba317908fe26b312518fb8562ebd,mlb-stl-nyy-2026-08-04,New York Yankees,St. Louis Cardinals,2026-08-04T23:06:00+00:00,true,true,60m,3600,2026-08-04T22:06:00+00:00,true,true,2,2,0.6545454545454545,0.6545454545454545,0,0.6545454545454545,0.6545454545454545,0,2026-08-04T22:45:01.709640+00:00,2026-08-04T23:00:02.055369+00:00,357.944631,3,3,3,3,3,7.1325045,14.055369
H2-v1-SHARP-M3,H2-v1,1595170,0x9e2cefa4b629c7943658c606dde621781ce9ba317908fe26b312518fb8562ebd,mlb-stl-nyy-2026-08-04,New York Yankees,St. Louis Cardinals,2026-08-04T23:06:00+00:00,true,true,30m,1800,2026-08-04T22:36:00+00:00,true,true,2,2,0.6545454545454545,0.6545454545454545,0,0.6545454545454545,0.6545454545454545,0,2026-08-04T22:45:01.709640+00:00,2026-08-04T23:00:02.055369+00:00,357.944631,3,3,3,3,3,7.1325045,14.055369
H2-v1-SHARP-M3,H2-v1,1595170,0x9e2cefa4b629c7943658c606dde621781ce9ba317908fe26b312518fb8562ebd,mlb-stl-nyy-2026-08-04,New York Yankees,St. Louis Cardinals,2026-08-04T23:06:00+00:00,true,true,10m,600,2026-08-04T22:56:00+00:00,true,false,1,1,0.6545454545454545,0.6545454545454545,,0.6545454545454545,0.6545454545454545,0,2026-08-04T23:00:02.055369+00:00,2026-08-04T23:00:02.055369+00:00,357.944631,3,3,3,3,3,4.055369,14.055369
H2-v1-SHARP-M3,H2-v1,1595170,0x9e2cefa4b629c7943658c606dde621781ce9ba317908fe26b312518fb8562ebd,mlb-stl-nyy-2026-08-04,New York Yankees,St. Louis Cardinals,2026-08-04T23:06:00+00:00,true,true,5m,300,2026-08-04T23:01:00+00:00,false,false,0,0,,,,,,,,,,,,,,,,
H2-v1-SHARP-M3,H2-v1,1595171,0x04c98da98e911555ae84b84ee8391166710b856ebd757706fa86d22a8dbd5d8d,mlb-cws-bos-2026-08-04,Boston Red Sox,Chicago White Sox,2026-08-04T23:11:00+00:00,true,true,all_pregame,,,true,true,12,12,0.5468354430379747,0.5763546798029557,0.029519236764981,0.5468354430379747,0.5763546798029557,0.029519236764981,2026-08-04T12:53:01.230532+00:00,2026-08-04T23:00:02.055369+00:00,657.944631,3,3,3,3,3,9.4980175,22.387362
H2-v1-SHARP-M3,H2-v1,1595171,0x04c98da98e911555ae84b84ee8391166710b856ebd757706fa86d22a8dbd5d8d,mlb-cws-bos-2026-08-04,Boston Red Sox,Chicago White Sox,2026-08-04T23:11:00+00:00,true,true,6h,21600,2026-08-04T17:11:00+00:00,true,true,11,11,0.5522388059701492,0.5763546798029557,0.0241158738328065,0.5522388059701492,0.5763546798029557,0.0241158738328065,2026-08-04T18:00:01.992379+00:00,2026-08-04T23:00:02.055369+00:00,657.944631,3,3,3,3,3,9.003656,22.387362
H2-v1-SHARP-M3,H2-v1,1595171,0x04c98da98e911555ae84b84ee8391166710b856ebd757706fa86d22a8dbd5d8d,mlb-cws-bos-2026-08-04,Boston Red Sox,Chicago White Sox,2026-08-04T23:11:00+00:00,true,true,60m,3600,2026-08-04T22:11:00+00:00,true,true,2,2,0.575,0.5763546798029557,0.0013546798029557,0.575,0.5763546798029557,0.0013546798029557,2026-08-04T22:45:01.709640+00:00,2026-08-04T23:00:02.055369+00:00,657.944631,3,3,3,3,3,7.1325045,14.055369
H2-v1-SHARP-M3,H2-v1,1595171,0x04c98da98e911555ae84b84ee8391166710b856ebd757706fa86d22a8dbd5d8d,mlb-cws-bos-2026-08-04,Boston Red Sox,Chicago White Sox,2026-08-04T23:11:00+00:00,true,true,30m,1800,2026-08-04T22:41:00+00:00,true,true,2,2,0.575,0.5763546798029557,0.0013546798029557,0.575,0.5763546798029557,0.0013546798029557,2026-08-04T22:45:01.709640+00:00,2026-08-04T23:00:02.055369+00:00,657.944631,3,3,3,3,3,7.1325045,14.055369
H2-v1-SHARP-M3,H2-v1,1595171,0x04c98da98e911555ae84b84ee8391166710b856ebd757706fa86d22a8dbd5d8d,mlb-cws-bos-2026-08-04,Boston Red Sox,Chicago White Sox,2026-08-04T23:11:00+00:00,true,true,10m,600,2026-08-04T23:01:00+00:00,false,false,0,0,,,,,,,,,,,,,,,,
H2-v1-SHARP-M3,H2-v1,1595171,0x04c98da98e911555ae84b84ee8391166710b856ebd757706fa86d22a8dbd5d8d,mlb-cws-bos-2026-08-04,Boston Red Sox,Chicago White Sox,2026-08-04T23:11:00+00:00,true,true,5m,300,2026-08-04T23:06:00+00:00,false,false,0,0,,,,,,,,,,,,,,,,
H2-v1-SHARP-M3,H2-v1,1595175,0xf40ac3bf4acb00311559af96e17ac875a5838e95ca62763dfcfad40c732da261,mlb-mia-atl-2026-08-04,Atlanta Braves,Miami Marlins,2026-08-04T23:16:00+00:00,true,true,all_pregame,,,true,true,12,12,0.5798525798525799,0.5902439024390244,0.0103913225864445,0.5728395061728395,0.5902439024390244,0.0174043962661849,2026-08-04T12:53:01.230532+00:00,2026-08-04T23:00:02.055369+00:00,957.944631,3,3,3,3,3,9.4980175,22.387362
H2-v1-SHARP-M3,H2-v1,1595175,0xf40ac3bf4acb00311559af96e17ac875a5838e95ca62763dfcfad40c732da261,mlb-mia-atl-2026-08-04,Atlanta Braves,Miami Marlins,2026-08-04T23:16:00+00:00,true,true,6h,21600,2026-08-04T17:16:00+00:00,true,true,11,11,0.5728395061728395,0.5902439024390244,0.0174043962661849,0.5728395061728395,0.5902439024390244,0.0174043962661849,2026-08-04T18:00:01.992379+00:00,2026-08-04T23:00:02.055369+00:00,957.944631,3,3,3,3,3,9.003656,22.387362
H2-v1-SHARP-M3,H2-v1,1595175,0xf40ac3bf4acb00311559af96e17ac875a5838e95ca62763dfcfad40c732da261,mlb-mia-atl-2026-08-04,Atlanta Braves,Miami Marlins,2026-08-04T23:16:00+00:00,true,true,60m,3600,2026-08-04T22:16:00+00:00,true,true,2,2,0.5888077858880778,0.5902439024390244,0.0014361165509466,0.5888077858880778,0.5902439024390244,0.0014361165509466,2026-08-04T22:45:01.709640+00:00,2026-08-04T23:00:02.055369+00:00,957.944631,3,3,3,3,3,7.1325045,14.055369
H2-v1-SHARP-M3,H2-v1,1595175,0xf40ac3bf4acb00311559af96e17ac875a5838e95ca62763dfcfad40c732da261,mlb-mia-atl-2026-08-04,Atlanta Braves,Miami Marlins,2026-08-04T23:16:00+00:00,true,true,30m,1800,2026-08-04T22:46:00+00:00,true,false,1,1,0.5902439024390244,0.5902439024390244,,0.5902439024390244,0.5902439024390244,0,2026-08-04T23:00:02.055369+00:00,2026-08-04T23:00:02.055369+00:00,957.944631,3,3,3,3,3,4.055369,14.055369
H2-v1-SHARP-M3,H2-v1,1595175,0xf40ac3bf4acb00311559af96e17ac875a5838e95ca62763dfcfad40c732da261,mlb-mia-atl-2026-08-04,Atlanta Braves,Miami Marlins,2026-08-04T23:16:00+00:00,true,true,10m,600,2026-08-04T23:06:00+00:00,false,false,0,0,,,,,,,,,,,,,,,,
H2-v1-SHARP-M3,H2-v1,1595175,0xf40ac3bf4acb00311559af96e17ac875a5838e95ca62763dfcfad40c732da261,mlb-mia-atl-2026-08-04,Atlanta Braves,Miami Marlins,2026-08-04T23:16:00+00:00,true,true,5m,300,2026-08-04T23:11:00+00:00,false,false,0,0,,,,,,,,,,,,,,,,
H2-v1-SHARP-M3,H2-v1,1595176,0x89ae4bd727cfb265d512f605df0827d6f1d9dc263e2ea669e93063365977ef67,mlb-pit-mil-2026-08-04,Milwaukee Brewers,Pittsburgh Pirates,2026-08-04T23:40:00+00:00,true,true,all_pregame,,,true,true,12,12,0.5951219512195122,0.57,-0.0251219512195122,0.57,0.5951219512195122,0.0251219512195122,2026-08-04T12:53:01.230532+00:00,2026-08-04T23:00:02.055369+00:00,2397.944631,3,3,3,3,3,9.4980175,22.387362
H2-v1-SHARP-M3,H2-v1,1595176,0x89ae4bd727cfb265d512f605df0827d6f1d9dc263e2ea669e93063365977ef67,mlb-pit-mil-2026-08-04,Milwaukee Brewers,Pittsburgh Pirates,2026-08-04T23:40:00+00:00,true,true,6h,21600,2026-08-04T17:40:00+00:00,true,true,11,11,0.5804878048780489,0.57,-0.0104878048780489,0.57,0.5819070904645476,0.0119070904645476,2026-08-04T18:00:01.992379+00:00,2026-08-04T23:00:02.055369+00:00,2397.944631,3,3,3,3,3,9.003656,22.387362
H2-v1-SHARP-M3,H2-v1,1595176,0x89ae4bd727cfb265d512f605df0827d6f1d9dc263e2ea669e93063365977ef67,mlb-pit-mil-2026-08-04,Milwaukee Brewers,Pittsburgh Pirates,2026-08-04T23:40:00+00:00,true,true,60m,3600,2026-08-04T22:40:00+00:00,true,true,2,2,0.57,0.57,0,0.57,0.57,0,2026-08-04T22:45:01.709640+00:00,2026-08-04T23:00:02.055369+00:00,2397.944631,3,3,3,3,3,7.1325045,14.055369
H2-v1-SHARP-M3,H2-v1,1595176,0x89ae4bd727cfb265d512f605df0827d6f1d9dc263e2ea669e93063365977ef67,mlb-pit-mil-2026-08-04,Milwaukee Brewers,Pittsburgh Pirates,2026-08-04T23:40:00+00:00,true,true,30m,1800,2026-08-04T23:10:00+00:00,false,false,0,0,,,,,,,,,,,,,,,,
H2-v1-SHARP-M3,H2-v1,1595176,0x89ae4bd727cfb265d512f605df0827d6f1d9dc263e2ea669e93063365977ef67,mlb-pit-mil-2026-08-04,Milwaukee Brewers,Pittsburgh Pirates,2026-08-04T23:40:00+00:00,true,true,10m,600,2026-08-04T23:30:00+00:00,false,false,0,0,,,,,,,,,,,,,,,,
H2-v1-SHARP-M3,H2-v1,1595176,0x89ae4bd727cfb265d512f605df0827d6f1d9dc263e2ea669e93063365977ef67,mlb-pit-mil-2026-08-04,Milwaukee Brewers,Pittsburgh Pirates,2026-08-04T23:40:00+00:00,true,true,5m,300,2026-08-04T23:35:00+00:00,false,false,0,0,,,,,,,,,,,,,,,,
H2-v1-SHARP-M3,H2-v1,1595178,0xb7cbbb1ae06d551cc95a17840350dda741d6f88aa5005d1a5a4e49f5de800980,mlb-min-kc-2026-08-04,Kansas City Royals,Minnesota Twins,2026-08-04T23:41:00+00:00,true,true,all_pregame,,,true,true,12,12,0.4292803970223325,0.425061425061425,-0.0042189719609075,0.4236453201970444,0.4292803970223325,0.0056350768252881,2026-08-04T12:53:01.230532+00:00,2026-08-04T23:00:02.055369+00:00,2457.944631,3,3,3,3,3,9.4980175,22.387362
H2-v1-SHARP-M3,H2-v1,1595178,0xb7cbbb1ae06d551cc95a17840350dda741d6f88aa5005d1a5a4e49f5de800980,mlb-min-kc-2026-08-04,Kansas City Royals,Minnesota Twins,2026-08-04T23:41:00+00:00,true,true,6h,21600,2026-08-04T17:41:00+00:00,true,true,11,11,0.425061425061425,0.425061425061425,0,0.4236453201970444,0.425061425061425,0.0014161048643806,2026-08-04T18:00:01.992379+00:00,2026-08-04T23:00:02.055369+00:00,2457.944631,3,3,3,3,3,9.003656,22.387362
H2-v1-SHARP-M3,H2-v1,1595178,0xb7cbbb1ae06d551cc95a17840350dda741d6f88aa5005d1a5a4e49f5de800980,mlb-min-kc-2026-08-04,Kansas City Royals,Minnesota Twins,2026-08-04T23:41:00+00:00,true,true,60m,3600,2026-08-04T22:41:00+00:00,true,true,2,2,0.425061425061425,0.425061425061425,0,0.425061425061425,0.425061425061425,0,2026-08-04T22:45:01.709640+00:00,2026-08-04T23:00:02.055369+00:00,2457.944631,3,3,3,3,3,7.1325045,14.055369
H2-v1-SHARP-M3,H2-v1,1595178,0xb7cbbb1ae06d551cc95a17840350dda741d6f88aa5005d1a5a4e49f5de800980,mlb-min-kc-2026-08-04,Kansas City Royals,Minnesota Twins,2026-08-04T23:41:00+00:00,true,true,30m,1800,2026-08-04T23:11:00+00:00,false,false,0,0,,,,,,,,,,,,,,,,
H2-v1-SHARP-M3,H2-v1,1595178,0xb7cbbb1ae06d551cc95a17840350dda741d6f88aa5005d1a5a4e49f5de800980,mlb-min-kc-2026-08-04,Kansas City Royals,Minnesota Twins,2026-08-04T23:41:00+00:00,true,true,10m,600,2026-08-04T23:31:00+00:00,false,false,0,0,,,,,,,,,,,,,,,,
H2-v1-SHARP-M3,H2-v1,1595178,0xb7cbbb1ae06d551cc95a17840350dda741d6f88aa5005d1a5a4e49f5de800980,mlb-min-kc-2026-08-04,Kansas City Royals,Minnesota Twins,2026-08-04T23:41:00+00:00,true,true,5m,300,2026-08-04T23:36:00+00:00,false,false,0,0,,,,,,,,,,,,,,,,
H2-v1-SHARP-M3,H2-v1,1615001,0x7e80d3794e50e7fb8626efb9a7826fd6deedd621f48e609a04f453235d6b7e60,mlb-det-sea-2026-08-05,Seattle Mariners,Detroit Tigers,2026-08-05T01:41:00+00:00,true,true,all_pregame,,,true,true,12,12,0.5614035087719298,0.531328320802005,-0.0300751879699248,0.525,0.5614035087719298,0.0364035087719298,2026-08-04T12:53:01.230532+00:00,2026-08-04T23:00:02.055369+00:00,9657.944631,3,3,3,3,3,9.4980175,22.387362
H2-v1-SHARP-M3,H2-v1,1615001,0x7e80d3794e50e7fb8626efb9a7826fd6deedd621f48e609a04f453235d6b7e60,mlb-det-sea-2026-08-05,Seattle Mariners,Detroit Tigers,2026-08-05T01:41:00+00:00,true,true,6h,21600,2026-08-04T19:41:00+00:00,true,true,8,8,0.5289672544080604,0.531328320802005,0.0023610663939446,0.5276381909547738,0.5363408521303258,0.008702661175552,2026-08-04T19:45:01.941108+00:00,2026-08-04T23:00:02.055369+00:00,9657.944631,3,3,3,3,3,7.810167,22.387362
H2-v1-SHARP-M3,H2-v1,1615001,0x7e80d3794e50e7fb8626efb9a7826fd6deedd621f48e609a04f453235d6b7e60,mlb-det-sea-2026-08-05,Seattle Mariners,Detroit Tigers,2026-08-05T01:41:00+00:00,true,true,60m,3600,2026-08-05T00:41:00+00:00,false,false,0,0,,,,,,,,,,,,,,,,
H2-v1-SHARP-M3,H2-v1,1615001,0x7e80d3794e50e7fb8626efb9a7826fd6deedd621f48e609a04f453235d6b7e60,mlb-det-sea-2026-08-05,Seattle Mariners,Detroit Tigers,2026-08-05T01:41:00+00:00,true,true,30m,1800,2026-08-05T01:11:00+00:00,false,false,0,0,,,,,,,,,,,,,,,,
H2-v1-SHARP-M3,H2-v1,1615001,0x7e80d3794e50e7fb8626efb9a7826fd6deedd621f48e609a04f453235d6b7e60,mlb-det-sea-2026-08-05,Seattle Mariners,Detroit Tigers,2026-08-05T01:41:00+00:00,true,true,10m,600,2026-08-05T01:31:00+00:00,false,false,0,0,,,,,,,,,,,,,,,,
H2-v1-SHARP-M3,H2-v1,1615001,0x7e80d3794e50e7fb8626efb9a7826fd6deedd621f48e609a04f453235d6b7e60,mlb-det-sea-2026-08-05,Seattle Mariners,Detroit Tigers,2026-08-05T01:41:00+00:00,true,true,5m,300,2026-08-05T01:36:00+00:00,false,false,0,0,,,,,,,,,,,,,,,,
H2-v1-SHARP-M3,H2-v1,1614998,0x76daa37c1941c4bd4c5906e3471f879f662bf5da5f40a29ee0bb33322b9a2dcc,mlb-sd-ari-2026-08-05,Arizona Diamondbacks,San Diego Padres,2026-08-05T01:41:00+00:00,true,true,all_pregame,,,true,true,12,12,0.5477386934673367,0.5241730279898218,-0.0235656654775149,0.5166240409207161,0.5477386934673367,0.0311146525466206,2026-08-04T12:53:01.230532+00:00,2026-08-04T23:00:02.055369+00:00,9657.944631,3,3,3,3,3,9.4980175,22.387362
H2-v1-SHARP-M3,H2-v1,1614998,0x76daa37c1941c4bd4c5906e3471f879f662bf5da5f40a29ee0bb33322b9a2dcc,mlb-sd-ari-2026-08-05,Arizona Diamondbacks,San Diego Padres,2026-08-05T01:41:00+00:00,true,true,6h,21600,2026-08-04T19:41:00+00:00,true,true,8,8,0.5263157894736843,0.5241730279898218,-0.0021427614838625,0.5166240409207161,0.5263157894736843,0.0096917485529682,2026-08-04T19:45:01.941108+00:00,2026-08-04T23:00:02.055369+00:00,9657.944631,3,3,3,3,3,7.810167,22.387362
H2-v1-SHARP-M3,H2-v1,1614998,0x76daa37c1941c4bd4c5906e3471f879f662bf5da5f40a29ee0bb33322b9a2dcc,mlb-sd-ari-2026-08-05,Arizona Diamondbacks,San Diego Padres,2026-08-05T01:41:00+00:00,true,true,60m,3600,2026-08-05T00:41:00+00:00,false,false,0,0,,,,,,,,,,,,,,,,
H2-v1-SHARP-M3,H2-v1,1614998,0x76daa37c1941c4bd4c5906e3471f879f662bf5da5f40a29ee0bb33322b9a2dcc,mlb-sd-ari-2026-08-05,Arizona Diamondbacks,San Diego Padres,2026-08-05T01:41:00+00:00,true,true,30m,1800,2026-08-05T01:11:00+00:00,false,false,0,0,,,,,,,,,,,,,,,,
H2-v1-SHARP-M3,H2-v1,1614998,0x76daa37c1941c4bd4c5906e3471f879f662bf5da5f40a29ee0bb33322b9a2dcc,mlb-sd-ari-2026-08-05,Arizona Diamondbacks,San Diego Padres,2026-08-05T01:41:00+00:00,true,true,10m,600,2026-08-05T01:31:00+00:00,false,false,0,0,,,,,,,,,,,,,,,,
H2-v1-SHARP-M3,H2-v1,1614998,0x76daa37c1941c4bd4c5906e3471f879f662bf5da5f40a29ee0bb33322b9a2dcc,mlb-sd-ari-2026-08-05,Arizona Diamondbacks,San Diego Padres,2026-08-05T01:41:00+00:00,true,true,5m,300,2026-08-05T01:36:00+00:00,false,false,0,0,,,,,,,,,,,,,,,,
H2-v1-SHARP-M3,H2-v1,1614971,0x83175ebfdbce08270cc11b4f741f364f158ba707af2d1d46ed44657f0e60befd,mlb-tor-hou-2026-08-05,Houston Astros,Toronto Blue Jays,2026-08-05T18:10:03+00:00,true,true,all_pregame,,,true,true,12,7,0.49175824175824173,0.6732891832229579,0.18153094146471617,0.49175824175824173,0.6732891832229579,0.18153094146471617,2026-08-04T18:45:02.244229+00:00,2026-08-05T18:00:13.551283+00:00,589.448717,1.666666666666666666666666666666666666667,1,3,1,3,11.3804615,23.917302
H2-v1-SHARP-M3,H2-v1,1614971,0x83175ebfdbce08270cc11b4f741f364f158ba707af2d1d46ed44657f0e60befd,mlb-tor-hou-2026-08-05,Houston Astros,Toronto Blue Jays,2026-08-05T18:10:03+00:00,true,true,6h,21600,2026-08-05T12:10:03+00:00,true,false,1,1,0.6732891832229579,0.6732891832229579,,0.6732891832229579,0.6732891832229579,0,2026-08-05T18:00:13.551283+00:00,2026-08-05T18:00:13.551283+00:00,589.448717,3,3,3,3,3,11.051283,22.551283
H2-v1-SHARP-M3,H2-v1,1614971,0x83175ebfdbce08270cc11b4f741f364f158ba707af2d1d46ed44657f0e60befd,mlb-tor-hou-2026-08-05,Houston Astros,Toronto Blue Jays,2026-08-05T18:10:03+00:00,true,true,60m,3600,2026-08-05T17:10:03+00:00,true,false,1,1,0.6732891832229579,0.6732891832229579,,0.6732891832229579,0.6732891832229579,0,2026-08-05T18:00:13.551283+00:00,2026-08-05T18:00:13.551283+00:00,589.448717,3,3,3,3,3,11.051283,22.551283
H2-v1-SHARP-M3,H2-v1,1614971,0x83175ebfdbce08270cc11b4f741f364f158ba707af2d1d46ed44657f0e60befd,mlb-tor-hou-2026-08-05,Houston Astros,Toronto Blue Jays,2026-08-05T18:10:03+00:00,true,true,30m,1800,2026-08-05T17:40:03+00:00,true,false,1,1,0.6732891832229579,0.6732891832229579,,0.6732891832229579,0.6732891832229579,0,2026-08-05T18:00:13.551283+00:00,2026-08-05T18:00:13.551283+00:00,589.448717,3,3,3,3,3,11.051283,22.551283
H2-v1-SHARP-M3,H2-v1,1614971,0x83175ebfdbce08270cc11b4f741f364f158ba707af2d1d46ed44657f0e60befd,mlb-tor-hou-2026-08-05,Houston Astros,Toronto Blue Jays,2026-08-05T18:10:03+00:00,true,true,10m,600,2026-08-05T18:00:03+00:00,true,false,1,1,0.6732891832229579,0.6732891832229579,,0.6732891832229579,0.6732891832229579,0,2026-08-05T18:00:13.551283+00:00,2026-08-05T18:00:13.551283+00:00,589.448717,3,3,3,3,3,11.051283,22.551283
H2-v1-SHARP-M3,H2-v1,1614971,0x83175ebfdbce08270cc11b4f741f364f158ba707af2d1d46ed44657f0e60befd,mlb-tor-hou-2026-08-05,Houston Astros,Toronto Blue Jays,2026-08-05T18:10:03+00:00,true,true,5m,300,2026-08-05T18:05:03+00:00,false,false,0,0,,,,,,,,,,,,,,,,
H2-v1-SHARP-M3,H2-v1,1614975,0xb3ffa74d46d4f6329a448d7bd7cfe55cc6e1c1f55b828c8bed6b02f13195d114,mlb-lad-chc-2026-08-05,Chicago Cubs,Los Angeles Dodgers,2026-08-05T18:21:00+00:00,true,true,all_pregame,,,true,true,10,6,0.5315068493150684,0.525,-0.0065068493150684,0.525,0.5315068493150684,0.0065068493150684,2026-08-04T19:45:01.941108+00:00,2026-08-05T18:00:13.551283+00:00,1246.448717,1.7,1,3,1,3,11.509815,23.917302
H2-v1-SHARP-M3,H2-v1,1614975,0xb3ffa74d46d4f6329a448d7bd7cfe55cc6e1c1f55b828c8bed6b02f13195d114,mlb-lad-chc-2026-08-05,Chicago Cubs,Los Angeles Dodgers,2026-08-05T18:21:00+00:00,true,true,6h,21600,2026-08-05T12:21:00+00:00,true,false,1,1,0.525,0.525,,0.525,0.525,0,2026-08-05T18:00:13.551283+00:00,2026-08-05T18:00:13.551283+00:00,1246.448717,3,3,3,3,3,11.051283,22.551283
H2-v1-SHARP-M3,H2-v1,1614975,0xb3ffa74d46d4f6329a448d7bd7cfe55cc6e1c1f55b828c8bed6b02f13195d114,mlb-lad-chc-2026-08-05,Chicago Cubs,Los Angeles Dodgers,2026-08-05T18:21:00+00:00,true,true,60m,3600,2026-08-05T17:21:00+00:00,true,false,1,1,0.525,0.525,,0.525,0.525,0,2026-08-05T18:00:13.551283+00:00,2026-08-05T18:00:13.551283+00:00,1246.448717,3,3,3,3,3,11.051283,22.551283
H2-v1-SHARP-M3,H2-v1,1614975,0xb3ffa74d46d4f6329a448d7bd7cfe55cc6e1c1f55b828c8bed6b02f13195d114,mlb-lad-chc-2026-08-05,Chicago Cubs,Los Angeles Dodgers,2026-08-05T18:21:00+00:00,true,true,30m,1800,2026-08-05T17:51:00+00:00,true,false,1,1,0.525,0.525,,0.525,0.525,0,2026-08-05T18:00:13.551283+00:00,2026-08-05T18:00:13.551283+00:00,1246.448717,3,3,3,3,3,11.051283,22.551283
H2-v1-SHARP-M3,H2-v1,1614975,0xb3ffa74d46d4f6329a448d7bd7cfe55cc6e1c1f55b828c8bed6b02f13195d114,mlb-lad-chc-2026-08-05,Chicago Cubs,Los Angeles Dodgers,2026-08-05T18:21:00+00:00,true,true,10m,600,2026-08-05T18:11:00+00:00,false,false,0,0,,,,,,,,,,,,,,,,
H2-v1-SHARP-M3,H2-v1,1614975,0xb3ffa74d46d4f6329a448d7bd7cfe55cc6e1c1f55b828c8bed6b02f13195d114,mlb-lad-chc-2026-08-05,Chicago Cubs,Los Angeles Dodgers,2026-08-05T18:21:00+00:00,true,true,5m,300,2026-08-05T18:16:00+00:00,false,false,0,0,,,,,,,,,,,,,,,,
H2-v1-SHARP-M3,H2-v1,1614979,0xbdc3c22670dd289f732ffccc83cb0cc1036b2389bbd76cb378bae46db03e1ed8,mlb-sf-tex-2026-08-05,Texas Rangers,San Francisco Giants,2026-08-05T18:36:00+00:00,true,true,all_pregame,,,true,true,6,4,0.6181818181818182,0.5922330097087379,-0.0259488084730803,0.5922330097087379,0.6181818181818182,0.0259488084730803,2026-08-04T21:45:01.964130+00:00,2026-08-05T18:00:13.551283+00:00,2146.448717,1.833333333333333333333333333333333333333,1,3,1,3,10.9306365,23.917302
H2-v1-SHARP-M3,H2-v1,1614979,0xbdc3c22670dd289f732ffccc83cb0cc1036b2389bbd76cb378bae46db03e1ed8,mlb-sf-tex-2026-08-05,Texas Rangers,San Francisco Giants,2026-08-05T18:36:00+00:00,true,true,6h,21600,2026-08-05T12:36:00+00:00,true,false,1,1,0.5922330097087379,0.5922330097087379,,0.5922330097087379,0.5922330097087379,0,2026-08-05T18:00:13.551283+00:00,2026-08-05T18:00:13.551283+00:00,2146.448717,3,3,3,3,3,11.051283,22.551283
H2-v1-SHARP-M3,H2-v1,1614979,0xbdc3c22670dd289f732ffccc83cb0cc1036b2389bbd76cb378bae46db03e1ed8,mlb-sf-tex-2026-08-05,Texas Rangers,San Francisco Giants,2026-08-05T18:36:00+00:00,true,true,60m,3600,2026-08-05T17:36:00+00:00,true,false,1,1,0.5922330097087379,0.5922330097087379,,0.5922330097087379,0.5922330097087379,0,2026-08-05T18:00:13.551283+00:00,2026-08-05T18:00:13.551283+00:00,2146.448717,3,3,3,3,3,11.051283,22.551283
H2-v1-SHARP-M3,H2-v1,1614979,0xbdc3c22670dd289f732ffccc83cb0cc1036b2389bbd76cb378bae46db03e1ed8,mlb-sf-tex-2026-08-05,Texas Rangers,San Francisco Giants,2026-08-05T18:36:00+00:00,true,true,30m,1800,2026-08-05T18:06:00+00:00,false,false,0,0,,,,,,,,,,,,,,,,
H2-v1-SHARP-M3,H2-v1,1614979,0xbdc3c22670dd289f732ffccc83cb0cc1036b2389bbd76cb378bae46db03e1ed8,mlb-sf-tex-2026-08-05,Texas Rangers,San Francisco Giants,2026-08-05T18:36:00+00:00,true,true,10m,600,2026-08-05T18:26:00+00:00,false,false,0,0,,,,,,,,,,,,,,,,
H2-v1-SHARP-M3,H2-v1,1614979,0xbdc3c22670dd289f732ffccc83cb0cc1036b2389bbd76cb378bae46db03e1ed8,mlb-sf-tex-2026-08-05,Texas Rangers,San Francisco Giants,2026-08-05T18:36:00+00:00,true,true,5m,300,2026-08-05T18:31:00+00:00,false,false,0,0,,,,,,,,,,,,,,,,
H2-v1-SHARP-M3,H2-v1,1614976,0x34aae0d3ca8f99d1ecee2e60f748f6e39a9447040bcd7db0ef2dbdfa5f9309f6,mlb-tb-col-2026-08-05,Colorado Rockies,Tampa Bay Rays,2026-08-05T19:11:00+00:00,true,true,all_pregame,,,true,true,14,9,0.424731182795699,0.4132029339853301,-0.0115282488103689,0.4077669902912622,0.424731182795699,0.0169641925044368,2026-08-04T18:45:02.244229+00:00,2026-08-05T19:00:02.356984+00:00,657.643016,1.857142857142857142857142857142857142857,1,3,1,3,11.1304615,23.917302
H2-v1-SHARP-M3,H2-v1,1614976,0x34aae0d3ca8f99d1ecee2e60f748f6e39a9447040bcd7db0ef2dbdfa5f9309f6,mlb-tb-col-2026-08-05,Colorado Rockies,Tampa Bay Rays,2026-08-05T19:11:00+00:00,true,true,6h,21600,2026-08-05T13:11:00+00:00,true,true,3,3,0.4077669902912622,0.4132029339853301,0.0054359436940679,0.4077669902912622,0.4132029339853301,0.0054359436940679,2026-08-05T18:00:13.551283+00:00,2026-08-05T19:00:02.356984+00:00,657.643016,3,3,3,3,3,11.051283,22.551283
H2-v1-SHARP-M3,H2-v1,1614976,0x34aae0d3ca8f99d1ecee2e60f748f6e39a9447040bcd7db0ef2dbdfa5f9309f6,mlb-tb-col-2026-08-05,Colorado Rockies,Tampa Bay Rays,2026-08-05T19:11:00+00:00,true,true,60m,3600,2026-08-05T18:11:00+00:00,true,true,2,2,0.41047415583644887,0.4132029339853301,0.00272877814888123,0.41047415583644887,0.4132029339853301,0.00272877814888123,2026-08-05T18:45:01.986126+00:00,2026-08-05T19:00:02.356984+00:00,657.643016,3,3,3,3,3,9.921555,20.356984
H2-v1-SHARP-M3,H2-v1,1614976,0x34aae0d3ca8f99d1ecee2e60f748f6e39a9447040bcd7db0ef2dbdfa5f9309f6,mlb-tb-col-2026-08-05,Colorado Rockies,Tampa Bay Rays,2026-08-05T19:11:00+00:00,true,true,30m,1800,2026-08-05T18:41:00+00:00,true,true,2,2,0.41047415583644887,0.4132029339853301,0.00272877814888123,0.41047415583644887,0.4132029339853301,0.00272877814888123,2026-08-05T18:45:01.986126+00:00,2026-08-05T19:00:02.356984+00:00,657.643016,3,3,3,3,3,9.921555,20.356984
H2-v1-SHARP-M3,H2-v1,1614976,0x34aae0d3ca8f99d1ecee2e60f748f6e39a9447040bcd7db0ef2dbdfa5f9309f6,mlb-tb-col-2026-08-05,Colorado Rockies,Tampa Bay Rays,2026-08-05T19:11:00+00:00,true,true,10m,600,2026-08-05T19:01:00+00:00,false,false,0,0,,,,,,,,,,,,,,,,
H2-v1-SHARP-M3,H2-v1,1614976,0x34aae0d3ca8f99d1ecee2e60f748f6e39a9447040bcd7db0ef2dbdfa5f9309f6,mlb-tb-col-2026-08-05,Colorado Rockies,Tampa Bay Rays,2026-08-05T19:11:00+00:00,true,true,5m,300,2026-08-05T19:06:00+00:00,false,false,0,0,,,,,,,,,,,,,,,,
H2-v1-SHARP-M3,H2-v1,1614981,0x48cd516b8e121227e822eef65706ac231431ccb2695a61bf5528ec653af43f0b,mlb-laa-bal-2026-08-05,Baltimore Orioles,Los Angeles Angels,2026-08-05T22:36:00+00:00,true,true,all_pregame,,,true,true,16,8,0.5504087193460491,0.55403503573941705,0.00362631639336795,0.531328320802005,0.56208216077783235,0.03075383997582735,2026-08-04T18:45:02.244229+00:00,2026-08-05T20:00:02.773993+00:00,9357.226007,1.8125,1,3,1,3,11.1304615,23.917302
H2-v1-SHARP-M3,H2-v1,1614981,0x48cd516b8e121227e822eef65706ac231431ccb2695a61bf5528ec653af43f0b,mlb-laa-bal-2026-08-05,Baltimore Orioles,Los Angeles Angels,2026-08-05T22:36:00+00:00,true,true,6h,21600,2026-08-05T16:36:00+00:00,true,true,5,5,0.531328320802005,0.55403503573941705,0.02270671493741205,0.531328320802005,0.55403503573941705,0.02270671493741205,2026-08-05T18:00:13.551283+00:00,2026-08-05T20:00:02.773993+00:00,9357.226007,3,3,3,3,3,11.051283,22.551283
H2-v1-SHARP-M3,H2-v1,1614981,0x48cd516b8e121227e822eef65706ac231431ccb2695a61bf5528ec653af43f0b,mlb-laa-bal-2026-08-05,Baltimore Orioles,Los Angeles Angels,2026-08-05T22:36:00+00:00,true,true,60m,3600,2026-08-05T21:36:00+00:00,false,false,0,0,,,,,,,,,,,,,,,,
H2-v1-SHARP-M3,H2-v1,1614981,0x48cd516b8e121227e822eef65706ac231431ccb2695a61bf5528ec653af43f0b,mlb-laa-bal-2026-08-05,Baltimore Orioles,Los Angeles Angels,2026-08-05T22:36:00+00:00,true,true,30m,1800,2026-08-05T22:06:00+00:00,false,false,0,0,,,,,,,,,,,,,,,,
H2-v1-SHARP-M3,H2-v1,1614981,0x48cd516b8e121227e822eef65706ac231431ccb2695a61bf5528ec653af43f0b,mlb-laa-bal-2026-08-05,Baltimore Orioles,Los Angeles Angels,2026-08-05T22:36:00+00:00,true,true,10m,600,2026-08-05T22:26:00+00:00,false,false,0,0,,,,,,,,,,,,,,,,
H2-v1-SHARP-M3,H2-v1,1614981,0x48cd516b8e121227e822eef65706ac231431ccb2695a61bf5528ec653af43f0b,mlb-laa-bal-2026-08-05,Baltimore Orioles,Los Angeles Angels,2026-08-05T22:36:00+00:00,true,true,5m,300,2026-08-05T22:31:00+00:00,false,false,0,0,,,,,,,,,,,,,,,,
H2-v1-SHARP-M3,H2-v1,1614983,0x31adeb60257394cd5b4656841e37063fa5f0dba7796097490351b834cc0407a8,mlb-oak-cin-2026-08-05,Cincinnati Reds,Athletics,2026-08-05T22:40:37+00:00,true,true,all_pregame,,,true,true,12,8,0.5714285714285714,0.5905707196029777,0.0191421481744063,0.554295167198393,0.5905707196029777,0.0362755524045847,2026-08-04T20:45:02.503656+00:00,2026-08-05T20:00:02.773993+00:00,9634.226007,2.083333333333333333333333333333333333333,1,3,1,3,11.1304615,23.917302
H2-v1-SHARP-M3,H2-v1,1614983,0x31adeb60257394cd5b4656841e37063fa5f0dba7796097490351b834cc0407a8,mlb-oak-cin-2026-08-05,Cincinnati Reds,Athletics,2026-08-05T22:40:37+00:00,true,true,6h,21600,2026-08-05T16:40:37+00:00,true,true,5,5,0.5853658536585367,0.5905707196029777,0.005204865944441,0.5853658536585367,0.5905707196029777,0.005204865944441,2026-08-05T18:00:13.551283+00:00,2026-08-05T20:00:02.773993+00:00,9634.226007,3,3,3,3,3,11.051283,22.551283
H2-v1-SHARP-M3,H2-v1,1614983,0x31adeb60257394cd5b4656841e37063fa5f0dba7796097490351b834cc0407a8,mlb-oak-cin-2026-08-05,Cincinnati Reds,Athletics,2026-08-05T22:40:37+00:00,true,true,60m,3600,2026-08-05T21:40:37+00:00,false,false,0,0,,,,,,,,,,,,,,,,
H2-v1-SHARP-M3,H2-v1,1614983,0x31adeb60257394cd5b4656841e37063fa5f0dba7796097490351b834cc0407a8,mlb-oak-cin-2026-08-05,Cincinnati Reds,Athletics,2026-08-05T22:40:37+00:00,true,true,30m,1800,2026-08-05T22:10:37+00:00,false,false,0,0,,,,,,,,,,,,,,,,
H2-v1-SHARP-M3,H2-v1,1614983,0x31adeb60257394cd5b4656841e37063fa5f0dba7796097490351b834cc0407a8,mlb-oak-cin-2026-08-05,Cincinnati Reds,Athletics,2026-08-05T22:40:37+00:00,true,true,10m,600,2026-08-05T22:30:37+00:00,false,false,0,0,,,,,,,,,,,,,,,,
H2-v1-SHARP-M3,H2-v1,1614983,0x31adeb60257394cd5b4656841e37063fa5f0dba7796097490351b834cc0407a8,mlb-oak-cin-2026-08-05,Cincinnati Reds,Athletics,2026-08-05T22:40:37+00:00,true,true,5m,300,2026-08-05T22:35:37+00:00,false,false,0,0,,,,,,,,,,,,,,,,
H2-v1-SHARP-M3,H2-v1,1614985,0xea15cab9ea12ef28d076215969375a7be059f78c948a34bb5ea38d4ff2d2cb7c,mlb-nym-cle-2026-08-05,Cleveland Guardians,New York Mets,2026-08-05T22:41:42+00:00,true,true,all_pregame,,,true,true,16,8,0.4807692307692309,0.5102040816326531,0.0294348508634222,0.4725274725274725,0.5138539042821159,0.0413264317546434,2026-08-04T18:45:02.244229+00:00,2026-08-05T20:00:02.773993+00:00,9699.226007,1.8125,1,3,1,3,11.1304615,23.917302
H2-v1-SHARP-M3,H2-v1,1614985,0xea15cab9ea12ef28d076215969375a7be059f78c948a34bb5ea38d4ff2d2cb7c,mlb-nym-cle-2026-08-05,Cleveland Guardians,New York Mets,2026-08-05T22:41:42+00:00,true,true,6h,21600,2026-08-05T16:41:42+00:00,true,true,5,5,0.5138539042821159,0.5102040816326531,-0.0036498226494628,0.5102040816326531,0.5138539042821159,0.0036498226494628,2026-08-05T18:00:13.551283+00:00,2026-08-05T20:00:02.773993+00:00,9699.226007,3,3,3,3,3,11.051283,22.551283
H2-v1-SHARP-M3,H2-v1,1614985,0xea15cab9ea12ef28d076215969375a7be059f78c948a34bb5ea38d4ff2d2cb7c,mlb-nym-cle-2026-08-05,Cleveland Guardians,New York Mets,2026-08-05T22:41:42+00:00,true,true,60m,3600,2026-08-05T21:41:42+00:00,false,false,0,0,,,,,,,,,,,,,,,,
H2-v1-SHARP-M3,H2-v1,1614985,0xea15cab9ea12ef28d076215969375a7be059f78c948a34bb5ea38d4ff2d2cb7c,mlb-nym-cle-2026-08-05,Cleveland Guardians,New York Mets,2026-08-05T22:41:42+00:00,true,true,30m,1800,2026-08-05T22:11:42+00:00,false,false,0,0,,,,,,,,,,,,,,,,
H2-v1-SHARP-M3,H2-v1,1614985,0xea15cab9ea12ef28d076215969375a7be059f78c948a34bb5ea38d4ff2d2cb7c,mlb-nym-cle-2026-08-05,Cleveland Guardians,New York Mets,2026-08-05T22:41:42+00:00,true,true,10m,600,2026-08-05T22:31:42+00:00,false,false,0,0,,,,,,,,,,,,,,,,
H2-v1-SHARP-M3,H2-v1,1614985,0xea15cab9ea12ef28d076215969375a7be059f78c948a34bb5ea38d4ff2d2cb7c,mlb-nym-cle-2026-08-05,Cleveland Guardians,New York Mets,2026-08-05T22:41:42+00:00,true,true,5m,300,2026-08-05T22:36:42+00:00,false,false,0,0,,,,,,,,,,,,,,,,
H2-v1-SHARP-M3,H2-v1,1614987,0xb689520c8ea8f583f21327df7d9e45896be56072ea2c3fdf6e75ccdd84b2e5e0,mlb-wsh-phi-2026-08-05,Philadelphia Phillies,Washington Nationals,2026-08-05T23:05:00+00:00,true,true,all_pregame,,,true,true,18,10,0.5904255319148937,0.6433566433566432,0.0529311114417495,0.5829508196721312,0.6529680365296804,0.0700172168575492,2026-08-04T18:45:02.244229+00:00,2026-08-05T23:00:02.618195+00:00,297.381805,1.944444444444444444444444444444444444444,1,3,1,3,10.9306365,23.917302
H2-v1-SHARP-M3,H2-v1,1614987,0xb689520c8ea8f583f21327df7d9e45896be56072ea2c3fdf6e75ccdd84b2e5e0,mlb-wsh-phi-2026-08-05,Philadelphia Phillies,Washington Nationals,2026-08-05T23:05:00+00:00,true,true,6h,21600,2026-08-05T17:05:00+00:00,true,true,7,7,0.6420323325635103,0.6433566433566432,0.0013243107931329,0.6420323325635103,0.6529680365296804,0.0109357039661701,2026-08-05T18:00:13.551283+00:00,2026-08-05T23:00:02.618195+00:00,297.381805,3,3,3,3,3,10.773993,22.551283
H2-v1-SHARP-M3,H2-v1,1614987,0xb689520c8ea8f583f21327df7d9e45896be56072ea2c3fdf6e75ccdd84b2e5e0,mlb-wsh-phi-2026-08-05,Philadelphia Phillies,Washington Nationals,2026-08-05T23:05:00+00:00,true,true,60m,3600,2026-08-05T22:05:00+00:00,true,true,2,2,0.6529680365296804,0.6433566433566432,-0.0096113931730372,0.6433566433566432,0.6529680365296804,0.0096113931730372,2026-08-05T22:45:02.724892+00:00,2026-08-05T23:00:02.618195+00:00,297.381805,3,3,3,3,3,7.4215435,19.618195
H2-v1-SHARP-M3,H2-v1,1614987,0xb689520c8ea8f583f21327df7d9e45896be56072ea2c3fdf6e75ccdd84b2e5e0,mlb-wsh-phi-2026-08-05,Philadelphia Phillies,Washington Nationals,2026-08-05T23:05:00+00:00,true,true,30m,1800,2026-08-05T22:35:00+00:00,true,true,2,2,0.6529680365296804,0.6433566433566432,-0.0096113931730372,0.6433566433566432,0.6529680365296804,0.0096113931730372,2026-08-05T22:45:02.724892+00:00,2026-08-05T23:00:02.618195+00:00,297.381805,3,3,3,3,3,7.4215435,19.618195
H2-v1-SHARP-M3,H2-v1,1614987,0xb689520c8ea8f583f21327df7d9e45896be56072ea2c3fdf6e75ccdd84b2e5e0,mlb-wsh-phi-2026-08-05,Philadelphia Phillies,Washington Nationals,2026-08-05T23:05:00+00:00,true,true,10m,600,2026-08-05T22:55:00+00:00,true,false,1,1,0.6433566433566432,0.6433566433566432,,0.6433566433566432,0.6433566433566432,0,2026-08-05T23:00:02.618195+00:00,2026-08-05T23:00:02.618195+00:00,297.381805,3,3,3,3,3,8.118195,19.618195
H2-v1-SHARP-M3,H2-v1,1614987,0xb689520c8ea8f583f21327df7d9e45896be56072ea2c3fdf6e75ccdd84b2e5e0,mlb-wsh-phi-2026-08-05,Philadelphia Phillies,Washington Nationals,2026-08-05T23:05:00+00:00,true,true,5m,300,2026-08-05T23:00:00+00:00,true,false,1,1,0.6433566433566432,0.6433566433566432,,0.6433566433566432,0.6433566433566432,0,2026-08-05T23:00:02.618195+00:00,2026-08-05T23:00:02.618195+00:00,297.381805,3,3,3,3,3,8.118195,19.618195
H2-v1-SHARP-M3,H2-v1,1614992,0x71cc5dd0766e0306f331cb61a56419ca1aa24e65c9a5b3abdd79172aa1123a9e,mlb-cws-bos-2026-08-05,Boston Red Sox,Chicago White Sox,2026-08-05T23:11:00+00:00,true,true,all_pregame,,,true,true,18,8,0.5164835164835164,0.5749385749385749,0.0584550584550585,0.5164835164835164,0.5749385749385749,0.0584550584550585,2026-08-04T18:45:02.244229+00:00,2026-08-05T23:00:02.618195+00:00,657.381805,1.833333333333333333333333333333333333333,1,3,1,3,10.9306365,23.917302
H2-v1-SHARP-M3,H2-v1,1614992,0x71cc5dd0766e0306f331cb61a56419ca1aa24e65c9a5b3abdd79172aa1123a9e,mlb-cws-bos-2026-08-05,Boston Red Sox,Chicago White Sox,2026-08-05T23:11:00+00:00,true,true,6h,21600,2026-08-05T17:11:00+00:00,true,true,7,7,0.55,0.5749385749385749,0.0249385749385749,0.55,0.5749385749385749,0.0249385749385749,2026-08-05T18:00:13.551283+00:00,2026-08-05T23:00:02.618195+00:00,657.381805,3,3,3,3,3,10.773993,22.551283
H2-v1-SHARP-M3,H2-v1,1614992,0x71cc5dd0766e0306f331cb61a56419ca1aa24e65c9a5b3abdd79172aa1123a9e,mlb-cws-bos-2026-08-05,Boston Red Sox,Chicago White Sox,2026-08-05T23:11:00+00:00,true,true,60m,3600,2026-08-05T22:11:00+00:00,true,true,2,2,0.5714285714285714,0.5749385749385749,0.0035100035100035,0.5714285714285714,0.5749385749385749,0.0035100035100035,2026-08-05T22:45:02.724892+00:00,2026-08-05T23:00:02.618195+00:00,657.381805,3,3,3,3,3,7.4215435,19.618195
H2-v1-SHARP-M3,H2-v1,1614992,0x71cc5dd0766e0306f331cb61a56419ca1aa24e65c9a5b3abdd79172aa1123a9e,mlb-cws-bos-2026-08-05,Boston Red Sox,Chicago White Sox,2026-08-05T23:11:00+00:00,true,true,30m,1800,2026-08-05T22:41:00+00:00,true,true,2,2,0.5714285714285714,0.5749385749385749,0.0035100035100035,0.5714285714285714,0.5749385749385749,0.0035100035100035,2026-08-05T22:45:02.724892+00:00,2026-08-05T23:00:02.618195+00:00,657.381805,3,3,3,3,3,7.4215435,19.618195
H2-v1-SHARP-M3,H2-v1,1614992,0x71cc5dd0766e0306f331cb61a56419ca1aa24e65c9a5b3abdd79172aa1123a9e,mlb-cws-bos-2026-08-05,Boston Red Sox,Chicago White Sox,2026-08-05T23:11:00+00:00,true,true,10m,600,2026-08-05T23:01:00+00:00,false,false,0,0,,,,,,,,,,,,,,,,
H2-v1-SHARP-M3,H2-v1,1614992,0x71cc5dd0766e0306f331cb61a56419ca1aa24e65c9a5b3abdd79172aa1123a9e,mlb-cws-bos-2026-08-05,Boston Red Sox,Chicago White Sox,2026-08-05T23:11:00+00:00,true,true,5m,300,2026-08-05T23:06:00+00:00,false,false,0,0,,,,,,,,,,,,,,,,
H2-v1-SHARP-M3,H2-v1,1614991,0x10a3732cba02a69e466314f3a114684571613c1b4f36c3f3b7e9681ef5e87196,mlb-mia-atl-2026-08-05,Atlanta Braves,Miami Marlins,2026-08-05T23:16:00+00:00,true,true,all_pregame,,,true,true,18,8,0.5342465753424658,0.5486284289276808,0.014381853585215,0.5342465753424658,0.5486284289276808,0.014381853585215,2026-08-04T18:45:02.244229+00:00,2026-08-05T23:00:02.618195+00:00,957.381805,1.833333333333333333333333333333333333333,1,3,1,3,10.9306365,23.917302
H2-v1-SHARP-M3,H2-v1,1614991,0x10a3732cba02a69e466314f3a114684571613c1b4f36c3f3b7e9681ef5e87196,mlb-mia-atl-2026-08-05,Atlanta Braves,Miami Marlins,2026-08-05T23:16:00+00:00,true,true,6h,21600,2026-08-05T17:16:00+00:00,true,true,7,7,0.5363408521303258,0.5486284289276808,0.012287576797355,0.5349999999999999,0.5486284289276808,0.0136284289276809,2026-08-05T18:00:13.551283+00:00,2026-08-05T23:00:02.618195+00:00,957.381805,3,3,3,3,3,10.773993,22.551283
H2-v1-SHARP-M3,H2-v1,1614991,0x10a3732cba02a69e466314f3a114684571613c1b4f36c3f3b7e9681ef5e87196,mlb-mia-atl-2026-08-05,Atlanta Braves,Miami Marlins,2026-08-05T23:16:00+00:00,true,true,60m,3600,2026-08-05T22:16:00+00:00,true,true,2,2,0.5413533834586466,0.5486284289276808,0.0072750454690342,0.5413533834586466,0.5486284289276808,0.0072750454690342,2026-08-05T22:45:02.724892+00:00,2026-08-05T23:00:02.618195+00:00,957.381805,3,3,3,3,3,7.4215435,19.618195
H2-v1-SHARP-M3,H2-v1,1614991,0x10a3732cba02a69e466314f3a114684571613c1b4f36c3f3b7e9681ef5e87196,mlb-mia-atl-2026-08-05,Atlanta Braves,Miami Marlins,2026-08-05T23:16:00+00:00,true,true,30m,1800,2026-08-05T22:46:00+00:00,true,false,1,1,0.5486284289276808,0.5486284289276808,,0.5486284289276808,0.5486284289276808,0,2026-08-05T23:00:02.618195+00:00,2026-08-05T23:00:02.618195+00:00,957.381805,3,3,3,3,3,8.118195,19.618195
H2-v1-SHARP-M3,H2-v1,1614991,0x10a3732cba02a69e466314f3a114684571613c1b4f36c3f3b7e9681ef5e87196,mlb-mia-atl-2026-08-05,Atlanta Braves,Miami Marlins,2026-08-05T23:16:00+00:00,true,true,10m,600,2026-08-05T23:06:00+00:00,false,false,0,0,,,,,,,,,,,,,,,,
H2-v1-SHARP-M3,H2-v1,1614991,0x10a3732cba02a69e466314f3a114684571613c1b4f36c3f3b7e9681ef5e87196,mlb-mia-atl-2026-08-05,Atlanta Braves,Miami Marlins,2026-08-05T23:16:00+00:00,true,true,5m,300,2026-08-05T23:11:00+00:00,false,false,0,0,,,,,,,,,,,,,,,,
H2-v1-SHARP-M3,H2-v1,1614997,0xeb6b5b543f3b93fc99f0913e144b55d57e7fa24f9594489b519b6c3487d4189c,mlb-pit-mil-2026-08-05,Milwaukee Brewers,Pittsburgh Pirates,2026-08-05T23:40:54+00:00,true,true,all_pregame,,,true,true,14,8,0.5315068493150684,0.5449999999999999,0.0134931506849315,0.5315068493150684,0.54778213327831645,0.01627528396324805,2026-08-04T20:45:02.503656+00:00,2026-08-05T23:00:02.618195+00:00,2451.381805,2.071428571428571428571428571428571428571,1,3,1,3,10.9306365,23.917302
H2-v1-SHARP-M3,H2-v1,1614997,0xeb6b5b543f3b93fc99f0913e144b55d57e7fa24f9594489b519b6c3487d4189c,mlb-pit-mil-2026-08-05,Milwaukee Brewers,Pittsburgh Pirates,2026-08-05T23:40:54+00:00,true,true,6h,21600,2026-08-05T17:40:54+00:00,true,true,7,7,0.5454545454545454,0.5449999999999999,-0.0004545454545455,0.5449999999999999,0.5459057071960297,0.0009057071960298,2026-08-05T18:00:13.551283+00:00,2026-08-05T23:00:02.618195+00:00,2451.381805,3,3,3,3,3,10.773993,22.551283
H2-v1-SHARP-M3,H2-v1,1614997,0xeb6b5b543f3b93fc99f0913e144b55d57e7fa24f9594489b519b6c3487d4189c,mlb-pit-mil-2026-08-05,Milwaukee Brewers,Pittsburgh Pirates,2026-08-05T23:40:54+00:00,true,true,60m,3600,2026-08-05T22:40:54+00:00,true,true,2,2,0.5449999999999999,0.5449999999999999,0,0.5449999999999999,0.5449999999999999,0,2026-08-05T22:45:02.724892+00:00,2026-08-05T23:00:02.618195+00:00,2451.381805,3,3,3,3,3,7.4215435,19.618195
H2-v1-SHARP-M3,H2-v1,1614997,0xeb6b5b543f3b93fc99f0913e144b55d57e7fa24f9594489b519b6c3487d4189c,mlb-pit-mil-2026-08-05,Milwaukee Brewers,Pittsburgh Pirates,2026-08-05T23:40:54+00:00,true,true,30m,1800,2026-08-05T23:10:54+00:00,false,false,0,0,,,,,,,,,,,,,,,,
H2-v1-SHARP-M3,H2-v1,1614997,0xeb6b5b543f3b93fc99f0913e144b55d57e7fa24f9594489b519b6c3487d4189c,mlb-pit-mil-2026-08-05,Milwaukee Brewers,Pittsburgh Pirates,2026-08-05T23:40:54+00:00,true,true,10m,600,2026-08-05T23:30:54+00:00,false,false,0,0,,,,,,,,,,,,,,,,
H2-v1-SHARP-M3,H2-v1,1614997,0xeb6b5b543f3b93fc99f0913e144b55d57e7fa24f9594489b519b6c3487d4189c,mlb-pit-mil-2026-08-05,Milwaukee Brewers,Pittsburgh Pirates,2026-08-05T23:40:54+00:00,true,true,5m,300,2026-08-05T23:35:54+00:00,false,false,0,0,,,,,,,,,,,,,,,,
H2-v1-SHARP-M3,H2-v1,1614994,0xca8788f29aef5bf45042ae2567a20e4fef6494bac01ffdad9934a727b5784edc,mlb-min-kc-2026-08-05,Kansas City Royals,Minnesota Twins,2026-08-05T23:41:00+00:00,true,true,all_pregame,,,true,true,18,8,0.5137362637362637,0.531328320802005,0.0175920570657413,0.5096418732782371,0.5316455696202531,0.022003696342016,2026-08-04T18:45:02.244229+00:00,2026-08-05T23:00:02.618195+00:00,2457.381805,1.833333333333333333333333333333333333333,1,3,1,3,10.9306365,23.917302
H2-v1-SHARP-M3,H2-v1,1614994,0xca8788f29aef5bf45042ae2567a20e4fef6494bac01ffdad9934a727b5784edc,mlb-min-kc-2026-08-05,Kansas City Royals,Minnesota Twins,2026-08-05T23:41:00+00:00,true,true,6h,21600,2026-08-05T17:41:00+00:00,true,true,7,7,0.53,0.531328320802005,0.001328320802005,0.53,0.5316455696202531,0.0016455696202531,2026-08-05T18:00:13.551283+00:00,2026-08-05T23:00:02.618195+00:00,2457.381805,3,3,3,3,3,10.773993,22.551283
H2-v1-SHARP-M3,H2-v1,1614994,0xca8788f29aef5bf45042ae2567a20e4fef6494bac01ffdad9934a727b5784edc,mlb-min-kc-2026-08-05,Kansas City Royals,Minnesota Twins,2026-08-05T23:41:00+00:00,true,true,60m,3600,2026-08-05T22:41:00+00:00,true,true,2,2,0.531328320802005,0.531328320802005,0,0.531328320802005,0.531328320802005,0,2026-08-05T22:45:02.724892+00:00,2026-08-05T23:00:02.618195+00:00,2457.381805,3,3,3,3,3,7.4215435,19.618195
H2-v1-SHARP-M3,H2-v1,1614994,0xca8788f29aef5bf45042ae2567a20e4fef6494bac01ffdad9934a727b5784edc,mlb-min-kc-2026-08-05,Kansas City Royals,Minnesota Twins,2026-08-05T23:41:00+00:00,true,true,30m,1800,2026-08-05T23:11:00+00:00,false,false,0,0,,,,,,,,,,,,,,,,
H2-v1-SHARP-M3,H2-v1,1614994,0xca8788f29aef5bf45042ae2567a20e4fef6494bac01ffdad9934a727b5784edc,mlb-min-kc-2026-08-05,Kansas City Royals,Minnesota Twins,2026-08-05T23:41:00+00:00,true,true,10m,600,2026-08-05T23:31:00+00:00,false,false,0,0,,,,,,,,,,,,,,,,
H2-v1-SHARP-M3,H2-v1,1614994,0xca8788f29aef5bf45042ae2567a20e4fef6494bac01ffdad9934a727b5784edc,mlb-min-kc-2026-08-05,Kansas City Royals,Minnesota Twins,2026-08-05T23:41:00+00:00,true,true,5m,300,2026-08-05T23:36:00+00:00,false,false,0,0,,,,,,,,,,,,,,,,
H2-v1-SHARP-M3,H2-v1,1614988,0xfa7715db801d85d5f0909d56c4cf912b3412d5b4f043880f042293a3f29e3b3c,mlb-stl-nyy-2026-08-05,New York Yankees,St. Louis Cardinals,2026-08-06T00:15:00+00:00,true,true,all_pregame,,,true,true,20,10,0.5691056910569106,0.5876543209876544,0.0185486299307438,0.5691056910569106,0.5956416464891041,0.0265359554321935,2026-08-04T18:45:02.244229+00:00,2026-08-06T00:00:03.326775+00:00,896.673225,1.95,1,3,1,3,10.7919915,23.917302
H2-v1-SHARP-M3,H2-v1,1614988,0xfa7715db801d85d5f0909d56c4cf912b3412d5b4f043880f042293a3f29e3b3c,mlb-stl-nyy-2026-08-05,New York Yankees,St. Louis Cardinals,2026-08-06T00:15:00+00:00,true,true,6h,21600,2026-08-05T18:15:00+00:00,true,true,8,8,0.5922330097087379,0.5876543209876544,-0.0045786887210835,0.58679706601467,0.5956416464891041,0.0088445804744341,2026-08-05T18:45:01.986126+00:00,2026-08-06T00:00:03.326775+00:00,896.673225,3,3,3,3,3,8.222485,20.356984
H2-v1-SHARP-M3,H2-v1,1614988,0xfa7715db801d85d5f0909d56c4cf912b3412d5b4f043880f042293a3f29e3b3c,mlb-stl-nyy-2026-08-05,New York Yankees,St. Louis Cardinals,2026-08-06T00:15:00+00:00,true,true,60m,3600,2026-08-05T23:15:00+00:00,true,true,2,2,0.5896805896805897,0.5876543209876544,-0.0020262686929353,0.5876543209876544,0.5896805896805897,0.0020262686929353,2026-08-05T23:45:02.059248+00:00,2026-08-06T00:00:03.326775+00:00,896.673225,3,3,3,3,3,5.6930115,8.326775
H2-v1-SHARP-M3,H2-v1,1614988,0xfa7715db801d85d5f0909d56c4cf912b3412d5b4f043880f042293a3f29e3b3c,mlb-stl-nyy-2026-08-05,New York Yankees,St. Louis Cardinals,2026-08-06T00:15:00+00:00,true,true,30m,1800,2026-08-05T23:45:00+00:00,true,true,2,2,0.5896805896805897,0.5876543209876544,-0.0020262686929353,0.5876543209876544,0.5896805896805897,0.0020262686929353,2026-08-05T23:45:02.059248+00:00,2026-08-06T00:00:03.326775+00:00,896.673225,3,3,3,3,3,5.6930115,8.326775
H2-v1-SHARP-M3,H2-v1,1614988,0xfa7715db801d85d5f0909d56c4cf912b3412d5b4f043880f042293a3f29e3b3c,mlb-stl-nyy-2026-08-05,New York Yankees,St. Louis Cardinals,2026-08-06T00:15:00+00:00,true,true,10m,600,2026-08-06T00:05:00+00:00,false,false,0,0,,,,,,,,,,,,,,,,
H2-v1-SHARP-M3,H2-v1,1614988,0xfa7715db801d85d5f0909d56c4cf912b3412d5b4f043880f042293a3f29e3b3c,mlb-stl-nyy-2026-08-05,New York Yankees,St. Louis Cardinals,2026-08-06T00:15:00+00:00,true,true,5m,300,2026-08-06T00:10:00+00:00,false,false,0,0,,,,,,,,,,,,,,,,
H2-v1-SHARP-M3,H2-v1,1673808,0x4dbdf2191c0660d1c9b97ce261b42cdd2ec51555574cf4863d7128083093a6b2,mlb-sd-ari-2026-08-06,Arizona Diamondbacks,San Diego Padres,2026-08-06T01:41:00+00:00,true,true,all_pregame,,,true,true,16,11,0.5,0.4371859296482412,-0.0628140703517588,0.4371859296482412,0.5,0.0628140703517588,2026-08-04T21:00:02.179226+00:00,2026-08-06T00:45:03.053753+00:00,3356.946247,2.3125,1,3,1,3,9.550384,23.917302
H2-v1-SHARP-M3,H2-v1,1673808,0x4dbdf2191c0660d1c9b97ce261b42cdd2ec51555574cf4863d7128083093a6b2,mlb-sd-ari-2026-08-06,Arizona Diamondbacks,San Diego Padres,2026-08-06T01:41:00+00:00,true,true,6h,21600,2026-08-05T19:41:00+00:00,true,true,7,7,0.457286432160804,0.4371859296482412,-0.0201005025125628,0.4371859296482412,0.457286432160804,0.0201005025125628,2026-08-05T19:45:02.350364+00:00,2026-08-06T00:45:03.053753+00:00,3356.946247,3,3,3,3,3,8.118195,19.618195
H2-v1-SHARP-M3,H2-v1,1673808,0x4dbdf2191c0660d1c9b97ce261b42cdd2ec51555574cf4863d7128083093a6b2,mlb-sd-ari-2026-08-06,Arizona Diamondbacks,San Diego Padres,2026-08-06T01:41:00+00:00,true,true,60m,3600,2026-08-06T00:41:00+00:00,true,false,1,1,0.4371859296482412,0.4371859296482412,,0.4371859296482412,0.4371859296482412,0,2026-08-06T00:45:03.053753+00:00,2026-08-06T00:45:03.053753+00:00,3356.946247,3,3,3,3,3,3.553753,5.053753
H2-v1-SHARP-M3,H2-v1,1673808,0x4dbdf2191c0660d1c9b97ce261b42cdd2ec51555574cf4863d7128083093a6b2,mlb-sd-ari-2026-08-06,Arizona Diamondbacks,San Diego Padres,2026-08-06T01:41:00+00:00,true,true,30m,1800,2026-08-06T01:11:00+00:00,false,false,0,0,,,,,,,,,,,,,,,,
H2-v1-SHARP-M3,H2-v1,1673808,0x4dbdf2191c0660d1c9b97ce261b42cdd2ec51555574cf4863d7128083093a6b2,mlb-sd-ari-2026-08-06,Arizona Diamondbacks,San Diego Padres,2026-08-06T01:41:00+00:00,true,true,10m,600,2026-08-06T01:31:00+00:00,false,false,0,0,,,,,,,,,,,,,,,,
H2-v1-SHARP-M3,H2-v1,1673808,0x4dbdf2191c0660d1c9b97ce261b42cdd2ec51555574cf4863d7128083093a6b2,mlb-sd-ari-2026-08-06,Arizona Diamondbacks,San Diego Padres,2026-08-06T01:41:00+00:00,true,true,5m,300,2026-08-06T01:36:00+00:00,false,false,0,0,,,,,,,,,,,,,,,,
H2-v1-SHARP-M3,H2-v1,1673754,0xa4a9f26fc604721f0c499604ea9b0c5423966d4abf19db6e0e5146eb9d2b810a,mlb-laa-bal-2026-08-06,Baltimore Orioles,Los Angeles Angels,2026-08-06T16:36:00+00:00,true,false,all_pregame,,,true,true,9,6,0.5828877005347594,0.59047619047619045,0.00758848994143105,0.5828877005347594,0.5967831712870929,0.0138954707523335,2026-08-05T18:45:01.986126+00:00,2026-08-06T00:45:03.053753+00:00,57056.946247,1.666666666666666666666666666666666666667,1,2,1,2,5.773993,20.356984
H2-v1-SHARP-M3,H2-v1,1673754,0xa4a9f26fc604721f0c499604ea9b0c5423966d4abf19db6e0e5146eb9d2b810a,mlb-laa-bal-2026-08-06,Baltimore Orioles,Los Angeles Angels,2026-08-06T16:36:00+00:00,true,false,6h,21600,2026-08-06T10:36:00+00:00,false,false,0,0,,,,,,,,,,,,,,,,
H2-v1-SHARP-M3,H2-v1,1673754,0xa4a9f26fc604721f0c499604ea9b0c5423966d4abf19db6e0e5146eb9d2b810a,mlb-laa-bal-2026-08-06,Baltimore Orioles,Los Angeles Angels,2026-08-06T16:36:00+00:00,true,false,60m,3600,2026-08-06T15:36:00+00:00,false,false,0,0,,,,,,,,,,,,,,,,
H2-v1-SHARP-M3,H2-v1,1673754,0xa4a9f26fc604721f0c499604ea9b0c5423966d4abf19db6e0e5146eb9d2b810a,mlb-laa-bal-2026-08-06,Baltimore Orioles,Los Angeles Angels,2026-08-06T16:36:00+00:00,true,false,30m,1800,2026-08-06T16:06:00+00:00,false,false,0,0,,,,,,,,,,,,,,,,
H2-v1-SHARP-M3,H2-v1,1673754,0xa4a9f26fc604721f0c499604ea9b0c5423966d4abf19db6e0e5146eb9d2b810a,mlb-laa-bal-2026-08-06,Baltimore Orioles,Los Angeles Angels,2026-08-06T16:36:00+00:00,true,false,10m,600,2026-08-06T16:26:00+00:00,false,false,0,0,,,,,,,,,,,,,,,,
H2-v1-SHARP-M3,H2-v1,1673754,0xa4a9f26fc604721f0c499604ea9b0c5423966d4abf19db6e0e5146eb9d2b810a,mlb-laa-bal-2026-08-06,Baltimore Orioles,Los Angeles Angels,2026-08-06T16:36:00+00:00,true,false,5m,300,2026-08-06T16:31:00+00:00,false,false,0,0,,,,,,,,,,,,,,,,
H2-v1-SHARP-M3,H2-v1,1673793,0x2407d896eb3c54efa8cf77183654599ecbc7d01c7f0fcf997606a1d920b2fb10,mlb-oak-cin-2026-08-06,Cincinnati Reds,Athletics,2026-08-06T16:41:43+00:00,true,false,all_pregame,,,true,true,9,5,0.5978835978835979,0.59141754303044625,-0.00646605485315165,0.59141754303044625,0.6109660574412532,0.01954851441080695,2026-08-05T18:45:01.986126+00:00,2026-08-06T00:45:03.053753+00:00,57399.946247,1.555555555555555555555555555555555555556,1,2,1,2,7.826775,20.356984
H2-v1-SHARP-M3,H2-v1,1673793,0x2407d896eb3c54efa8cf77183654599ecbc7d01c7f0fcf997606a1d920b2fb10,mlb-oak-cin-2026-08-06,Cincinnati Reds,Athletics,2026-08-06T16:41:43+00:00,true,false,6h,21600,2026-08-06T10:41:43+00:00,false,false,0,0,,,,,,,,,,,,,,,,
H2-v1-SHARP-M3,H2-v1,1673793,0x2407d896eb3c54efa8cf77183654599ecbc7d01c7f0fcf997606a1d920b2fb10,mlb-oak-cin-2026-08-06,Cincinnati Reds,Athletics,2026-08-06T16:41:43+00:00,true,false,60m,3600,2026-08-06T15:41:43+00:00,false,false,0,0,,,,,,,,,,,,,,,,
H2-v1-SHARP-M3,H2-v1,1673793,0x2407d896eb3c54efa8cf77183654599ecbc7d01c7f0fcf997606a1d920b2fb10,mlb-oak-cin-2026-08-06,Cincinnati Reds,Athletics,2026-08-06T16:41:43+00:00,true,false,30m,1800,2026-08-06T16:11:43+00:00,false,false,0,0,,,,,,,,,,,,,,,,
H2-v1-SHARP-M3,H2-v1,1673793,0x2407d896eb3c54efa8cf77183654599ecbc7d01c7f0fcf997606a1d920b2fb10,mlb-oak-cin-2026-08-06,Cincinnati Reds,Athletics,2026-08-06T16:41:43+00:00,true,false,10m,600,2026-08-06T16:31:43+00:00,false,false,0,0,,,,,,,,,,,,,,,,
H2-v1-SHARP-M3,H2-v1,1673793,0x2407d896eb3c54efa8cf77183654599ecbc7d01c7f0fcf997606a1d920b2fb10,mlb-oak-cin-2026-08-06,Cincinnati Reds,Athletics,2026-08-06T16:41:43+00:00,true,false,5m,300,2026-08-06T16:36:43+00:00,false,false,0,0,,,,,,,,,,,,,,,,
H2-v1-SHARP-M3,H2-v1,1673795,0x78d1a02e5788f1fb0b915458c5e73984b83173353986cbaf53c5f9fbe1e0aa0c,mlb-nym-cle-2026-08-06,Cleveland Guardians,New York Mets,2026-08-06T17:11:00+00:00,true,false,all_pregame,,,true,true,9,5,0.49725274725274715,0.49348069994494653,-0.00377204730780062,0.492172341573096695,0.5054945054945055,0.013322163921408805,2026-08-05T18:45:01.986126+00:00,2026-08-06T00:45:03.053753+00:00,59156.946247,1.555555555555555555555555555555555555556,1,2,1,2,7.826775,20.356984
H2-v1-SHARP-M3,H2-v1,1673795,0x78d1a02e5788f1fb0b915458c5e73984b83173353986cbaf53c5f9fbe1e0aa0c,mlb-nym-cle-2026-08-06,Cleveland Guardians,New York Mets,2026-08-06T17:11:00+00:00,true,false,6h,21600,2026-08-06T11:11:00+00:00,false,false,0,0,,,,,,,,,,,,,,,,
H2-v1-SHARP-M3,H2-v1,1673795,0x78d1a02e5788f1fb0b915458c5e73984b83173353986cbaf53c5f9fbe1e0aa0c,mlb-nym-cle-2026-08-06,Cleveland Guardians,New York Mets,2026-08-06T17:11:00+00:00,true,false,60m,3600,2026-08-06T16:11:00+00:00,false,false,0,0,,,,,,,,,,,,,,,,
H2-v1-SHARP-M3,H2-v1,1673795,0x78d1a02e5788f1fb0b915458c5e73984b83173353986cbaf53c5f9fbe1e0aa0c,mlb-nym-cle-2026-08-06,Cleveland Guardians,New York Mets,2026-08-06T17:11:00+00:00,true,false,30m,1800,2026-08-06T16:41:00+00:00,false,false,0,0,,,,,,,,,,,,,,,,
H2-v1-SHARP-M3,H2-v1,1673795,0x78d1a02e5788f1fb0b915458c5e73984b83173353986cbaf53c5f9fbe1e0aa0c,mlb-nym-cle-2026-08-06,Cleveland Guardians,New York Mets,2026-08-06T17:11:00+00:00,true,false,10m,600,2026-08-06T17:01:00+00:00,false,false,0,0,,,,,,,,,,,,,,,,
H2-v1-SHARP-M3,H2-v1,1673795,0x78d1a02e5788f1fb0b915458c5e73984b83173353986cbaf53c5f9fbe1e0aa0c,mlb-nym-cle-2026-08-06,Cleveland Guardians,New York Mets,2026-08-06T17:11:00+00:00,true,false,5m,300,2026-08-06T17:06:00+00:00,false,false,0,0,,,,,,,,,,,,,,,,
H2-v1-SHARP-M3,H2-v1,1673842,0x8d98df1d631959e4fc45da7cb881cbe3e924a7a88ae25e898e98ae6791b2793f,mlb-pit-mil-2026-08-06,Milwaukee Brewers,Pittsburgh Pirates,2026-08-06T18:11:00+00:00,true,true,all_pregame,,,true,true,10,6,0.5437158469945356,0.5399999999999999,-0.0037158469945357,0.5399999999999999,0.55752625117453,0.0175262511745301,2026-08-05T18:45:01.986126+00:00,2026-08-06T18:00:12.635763+00:00,647.364237,1.7,1,3,1,3,8.800384,20.356984
H2-v1-SHARP-M3,H2-v1,1673842,0x8d98df1d631959e4fc45da7cb881cbe3e924a7a88ae25e898e98ae6791b2793f,mlb-pit-mil-2026-08-06,Milwaukee Brewers,Pittsburgh Pirates,2026-08-06T18:11:00+00:00,true,true,6h,21600,2026-08-06T12:11:00+00:00,true,false,1,1,0.5399999999999999,0.5399999999999999,,0.5399999999999999,0.5399999999999999,0,2026-08-06T18:00:12.635763+00:00,2026-08-06T18:00:12.635763+00:00,647.364237,3,3,3,3,3,15.635763,15.635763
H2-v1-SHARP-M3,H2-v1,1673842,0x8d98df1d631959e4fc45da7cb881cbe3e924a7a88ae25e898e98ae6791b2793f,mlb-pit-mil-2026-08-06,Milwaukee Brewers,Pittsburgh Pirates,2026-08-06T18:11:00+00:00,true,true,60m,3600,2026-08-06T17:11:00+00:00,true,false,1,1,0.5399999999999999,0.5399999999999999,,0.5399999999999999,0.5399999999999999,0,2026-08-06T18:00:12.635763+00:00,2026-08-06T18:00:12.635763+00:00,647.364237,3,3,3,3,3,15.635763,15.635763
H2-v1-SHARP-M3,H2-v1,1673842,0x8d98df1d631959e4fc45da7cb881cbe3e924a7a88ae25e898e98ae6791b2793f,mlb-pit-mil-2026-08-06,Milwaukee Brewers,Pittsburgh Pirates,2026-08-06T18:11:00+00:00,true,true,30m,1800,2026-08-06T17:41:00+00:00,true,false,1,1,0.5399999999999999,0.5399999999999999,,0.5399999999999999,0.5399999999999999,0,2026-08-06T18:00:12.635763+00:00,2026-08-06T18:00:12.635763+00:00,647.364237,3,3,3,3,3,15.635763,15.635763
H2-v1-SHARP-M3,H2-v1,1673842,0x8d98df1d631959e4fc45da7cb881cbe3e924a7a88ae25e898e98ae6791b2793f,mlb-pit-mil-2026-08-06,Milwaukee Brewers,Pittsburgh Pirates,2026-08-06T18:11:00+00:00,true,true,10m,600,2026-08-06T18:01:00+00:00,false,false,0,0,,,,,,,,,,,,,,,,
H2-v1-SHARP-M3,H2-v1,1673842,0x8d98df1d631959e4fc45da7cb881cbe3e924a7a88ae25e898e98ae6791b2793f,mlb-pit-mil-2026-08-06,Milwaukee Brewers,Pittsburgh Pirates,2026-08-06T18:11:00+00:00,true,true,5m,300,2026-08-06T18:06:00+00:00,false,false,0,0,,,,,,,,,,,,,,,,
H2-v1-SHARP-M3,H2-v1,1673840,0x0228b93fb01788db845e5868100a3ebd773aeb33f0f65e0926f9e15cc015ac96,mlb-det-sea-2026-08-06,Seattle Mariners,Detroit Tigers,2026-08-06T20:11:00+00:00,true,true,all_pregame,,,true,true,10,6,0.5382513661202185,0.5263157894736843,-0.0119355766465342,0.5263157894736843,0.54260688015043415,0.01629109067674985,2026-08-05T18:45:01.986126+00:00,2026-08-06T18:00:12.635763+00:00,7847.364237,1.7,1,3,1,3,8.800384,20.356984
H2-v1-SHARP-M3,H2-v1,1673840,0x0228b93fb01788db845e5868100a3ebd773aeb33f0f65e0926f9e15cc015ac96,mlb-det-sea-2026-08-06,Seattle Mariners,Detroit Tigers,2026-08-06T20:11:00+00:00,true,true,6h,21600,2026-08-06T14:11:00+00:00,true,false,1,1,0.5263157894736843,0.5263157894736843,,0.5263157894736843,0.5263157894736843,0,2026-08-06T18:00:12.635763+00:00,2026-08-06T18:00:12.635763+00:00,7847.364237,3,3,3,3,3,15.635763,15.635763
H2-v1-SHARP-M3,H2-v1,1673840,0x0228b93fb01788db845e5868100a3ebd773aeb33f0f65e0926f9e15cc015ac96,mlb-det-sea-2026-08-06,Seattle Mariners,Detroit Tigers,2026-08-06T20:11:00+00:00,true,true,60m,3600,2026-08-06T19:11:00+00:00,false,false,0,0,,,,,,,,,,,,,,,,
H2-v1-SHARP-M3,H2-v1,1673840,0x0228b93fb01788db845e5868100a3ebd773aeb33f0f65e0926f9e15cc015ac96,mlb-det-sea-2026-08-06,Seattle Mariners,Detroit Tigers,2026-08-06T20:11:00+00:00,true,true,30m,1800,2026-08-06T19:41:00+00:00,false,false,0,0,,,,,,,,,,,,,,,,
H2-v1-SHARP-M3,H2-v1,1673840,0x0228b93fb01788db845e5868100a3ebd773aeb33f0f65e0926f9e15cc015ac96,mlb-det-sea-2026-08-06,Seattle Mariners,Detroit Tigers,2026-08-06T20:11:00+00:00,true,true,10m,600,2026-08-06T20:01:00+00:00,false,false,0,0,,,,,,,,,,,,,,,,
H2-v1-SHARP-M3,H2-v1,1673840,0x0228b93fb01788db845e5868100a3ebd773aeb33f0f65e0926f9e15cc015ac96,mlb-det-sea-2026-08-06,Seattle Mariners,Detroit Tigers,2026-08-06T20:11:00+00:00,true,true,5m,300,2026-08-06T20:06:00+00:00,false,false,0,0,,,,,,,,,,,,,,,,
H2-v1-SHARP-M3,H2-v1,1673810,0x6d3915d2e5aba59d058874238319a7e83309aaeafbc2a389f5a95f4d3d8ebcd9,mlb-wsh-phi-2026-08-06,Philadelphia Phillies,Washington Nationals,2026-08-06T22:06:00+00:00,true,true,all_pregame,,,true,true,12,8,0.7206208425720619,0.745697896749522,0.0250770541774601,0.7061503416856492,0.7518796992481203,0.0457293575624711,2026-08-05T18:45:01.986126+00:00,2026-08-06T21:45:02.869331+00:00,1257.130669,1.916666666666666666666666666666666666667,1,3,1,3,6.7758335,20.356984
H2-v1-SHARP-M3,H2-v1,1673810,0x6d3915d2e5aba59d058874238319a7e83309aaeafbc2a389f5a95f4d3d8ebcd9,mlb-wsh-phi-2026-08-06,Philadelphia Phillies,Washington Nationals,2026-08-06T22:06:00+00:00,true,true,6h,21600,2026-08-06T16:06:00+00:00,true,true,3,3,0.7518796992481203,0.745697896749522,-0.0061818024985983,0.7418111753371868,0.7518796992481203,0.0100685239109335,2026-08-06T18:00:12.635763+00:00,2026-08-06T21:45:02.869331+00:00,1257.130669,3,3,3,3,3,5.502363,19.502363
H2-v1-SHARP-M3,H2-v1,1673810,0x6d3915d2e5aba59d058874238319a7e83309aaeafbc2a389f5a95f4d3d8ebcd9,mlb-wsh-phi-2026-08-06,Philadelphia Phillies,Washington Nationals,2026-08-06T22:06:00+00:00,true,true,60m,3600,2026-08-06T21:06:00+00:00,true,false,1,1,0.745697896749522,0.745697896749522,,0.745697896749522,0.745697896749522,0,2026-08-06T21:45:02.869331+00:00,2026-08-06T21:45:02.869331+00:00,1257.130669,3,3,3,3,3,4.869331,13.869331
H2-v1-SHARP-M3,H2-v1,1673810,0x6d3915d2e5aba59d058874238319a7e83309aaeafbc2a389f5a95f4d3d8ebcd9,mlb-wsh-phi-2026-08-06,Philadelphia Phillies,Washington Nationals,2026-08-06T22:06:00+00:00,true,true,30m,1800,2026-08-06T21:36:00+00:00,true,false,1,1,0.745697896749522,0.745697896749522,,0.745697896749522,0.745697896749522,0,2026-08-06T21:45:02.869331+00:00,2026-08-06T21:45:02.869331+00:00,1257.130669,3,3,3,3,3,4.869331,13.869331
H2-v1-SHARP-M3,H2-v1,1673810,0x6d3915d2e5aba59d058874238319a7e83309aaeafbc2a389f5a95f4d3d8ebcd9,mlb-wsh-phi-2026-08-06,Philadelphia Phillies,Washington Nationals,2026-08-06T22:06:00+00:00,true,true,10m,600,2026-08-06T21:56:00+00:00,false,false,0,0,,,,,,,,,,,,,,,,
H2-v1-SHARP-M3,H2-v1,1673810,0x6d3915d2e5aba59d058874238319a7e83309aaeafbc2a389f5a95f4d3d8ebcd9,mlb-wsh-phi-2026-08-06,Philadelphia Phillies,Washington Nationals,2026-08-06T22:06:00+00:00,true,true,5m,300,2026-08-06T22:01:00+00:00,false,false,0,0,,,,,,,,,,,,,,,,
H2-v1-SHARP-M3,H2-v1,1673815,0xa5144d487f22937f5bc46c655ab3cf1063edebefef327fa08ffeed421e60688f,mlb-cws-bos-2026-08-06,Boston Red Sox,Chicago White Sox,2026-08-06T23:11:00+00:00,true,true,all_pregame,,,true,true,13,7,0.6089238845144357,0.6451612903225806,0.0362374058081449,0.6005089058524172,0.6451612903225806,0.0446523844701634,2026-08-05T18:45:01.986126+00:00,2026-08-06T23:00:02.340366+00:00,657.659634,1.846153846153846153846153846153846153846,1,3,1,3,5.502363,20.356984
H2-v1-SHARP-M3,H2-v1,1673815,0xa5144d487f22937f5bc46c655ab3cf1063edebefef327fa08ffeed421e60688f,mlb-cws-bos-2026-08-06,Boston Red Sox,Chicago White Sox,2026-08-06T23:11:00+00:00,true,true,6h,21600,2026-08-06T17:11:00+00:00,true,true,4,4,0.6340326340326341,0.6451612903225806,0.0111286562899465,0.6340326340326341,0.6451612903225806,0.0111286562899465,2026-08-06T18:00:12.635763+00:00,2026-08-06T23:00:02.340366+00:00,657.659634,3,3,3,3,3,5.185847,19.502363
H2-v1-SHARP-M3,H2-v1,1673815,0xa5144d487f22937f5bc46c655ab3cf1063edebefef327fa08ffeed421e60688f,mlb-cws-bos-2026-08-06,Boston Red Sox,Chicago White Sox,2026-08-06T23:11:00+00:00,true,true,60m,3600,2026-08-06T22:11:00+00:00,true,false,1,1,0.6451612903225806,0.6451612903225806,,0.6451612903225806,0.6451612903225806,0,2026-08-06T23:00:02.340366+00:00,2026-08-06T23:00:02.340366+00:00,657.659634,3,3,3,3,3,2.340366,11.340366
H2-v1-SHARP-M3,H2-v1,1673815,0xa5144d487f22937f5bc46c655ab3cf1063edebefef327fa08ffeed421e60688f,mlb-cws-bos-2026-08-06,Boston Red Sox,Chicago White Sox,2026-08-06T23:11:00+00:00,true,true,30m,1800,2026-08-06T22:41:00+00:00,true,false,1,1,0.6451612903225806,0.6451612903225806,,0.6451612903225806,0.6451612903225806,0,2026-08-06T23:00:02.340366+00:00,2026-08-06T23:00:02.340366+00:00,657.659634,3,3,3,3,3,2.340366,11.340366
H2-v1-SHARP-M3,H2-v1,1673815,0xa5144d487f22937f5bc46c655ab3cf1063edebefef327fa08ffeed421e60688f,mlb-cws-bos-2026-08-06,Boston Red Sox,Chicago White Sox,2026-08-06T23:11:00+00:00,true,true,10m,600,2026-08-06T23:01:00+00:00,false,false,0,0,,,,,,,,,,,,,,,,
H2-v1-SHARP-M3,H2-v1,1673815,0xa5144d487f22937f5bc46c655ab3cf1063edebefef327fa08ffeed421e60688f,mlb-cws-bos-2026-08-06,Boston Red Sox,Chicago White Sox,2026-08-06T23:11:00+00:00,true,true,5m,300,2026-08-06T23:06:00+00:00,false,false,0,0,,,,,,,,,,,,,,,,
H2-v1-SHARP-M3,H2-v1,1673812,0x75925ee36022684960b17d5d8842a0d88ab1f9125f975f9590f34496fbd066d5,mlb-mia-atl-2026-08-06,Atlanta Braves,Miami Marlins,2026-08-06T23:16:00+00:00,true,true,all_pregame,,,true,true,12,7,0.5752688172043011,0.6072289156626507,0.0319600984583496,0.5749385749385749,0.6072289156626507,0.0322903407240758,2026-08-05T19:00:02.356984+00:00,2026-08-06T23:00:02.340366+00:00,957.659634,1.916666666666666666666666666666666666667,1,3,1,3,6.664569,20.356984
H2-v1-SHARP-M3,H2-v1,1673812,0x75925ee36022684960b17d5d8842a0d88ab1f9125f975f9590f34496fbd066d5,mlb-mia-atl-2026-08-06,Atlanta Braves,Miami Marlins,2026-08-06T23:16:00+00:00,true,true,6h,21600,2026-08-06T17:16:00+00:00,true,true,4,4,0.5749385749385749,0.6072289156626507,0.0322903407240758,0.5749385749385749,0.6072289156626507,0.0322903407240758,2026-08-06T18:00:12.635763+00:00,2026-08-06T23:00:02.340366+00:00,957.659634,3,3,3,3,3,5.185847,19.502363
H2-v1-SHARP-M3,H2-v1,1673812,0x75925ee36022684960b17d5d8842a0d88ab1f9125f975f9590f34496fbd066d5,mlb-mia-atl-2026-08-06,Atlanta Braves,Miami Marlins,2026-08-06T23:16:00+00:00,true,true,60m,3600,2026-08-06T22:16:00+00:00,true,false,1,1,0.6072289156626507,0.6072289156626507,,0.6072289156626507,0.6072289156626507,0,2026-08-06T23:00:02.340366+00:00,2026-08-06T23:00:02.340366+00:00,957.659634,3,3,3,3,3,2.340366,11.340366
H2-v1-SHARP-M3,H2-v1,1673812,0x75925ee36022684960b17d5d8842a0d88ab1f9125f975f9590f34496fbd066d5,mlb-mia-atl-2026-08-06,Atlanta Braves,Miami Marlins,2026-08-06T23:16:00+00:00,true,true,30m,1800,2026-08-06T22:46:00+00:00,true,false,1,1,0.6072289156626507,0.6072289156626507,,0.6072289156626507,0.6072289156626507,0,2026-08-06T23:00:02.340366+00:00,2026-08-06T23:00:02.340366+00:00,957.659634,3,3,3,3,3,2.340366,11.340366
H2-v1-SHARP-M3,H2-v1,1673812,0x75925ee36022684960b17d5d8842a0d88ab1f9125f975f9590f34496fbd066d5,mlb-mia-atl-2026-08-06,Atlanta Braves,Miami Marlins,2026-08-06T23:16:00+00:00,true,true,10m,600,2026-08-06T23:06:00+00:00,false,false,0,0,,,,,,,,,,,,,,,,
H2-v1-SHARP-M3,H2-v1,1673812,0x75925ee36022684960b17d5d8842a0d88ab1f9125f975f9590f34496fbd066d5,mlb-mia-atl-2026-08-06,Atlanta Braves,Miami Marlins,2026-08-06T23:16:00+00:00,true,true,5m,300,2026-08-06T23:11:00+00:00,false,false,0,0,,,,,,,,,,,,,,,,
H2-v1-SHARP-M3,H2-v1,1673805,0x1b54546f205ce9a93ccd91b2847c7fbacd871e072f915a66a6cbe91404878788,mlb-min-kc-2026-08-06,Kansas City Royals,Minnesota Twins,2026-08-06T23:41:00+00:00,true,true,all_pregame,,,true,true,12,6,0.5192307692307693,0.55,0.0307692307692307,0.5121293800539084,0.5522388059701492,0.0401094259162408,2026-08-05T19:00:02.356984+00:00,2026-08-06T23:00:02.340366+00:00,2457.659634,1.833333333333333333333333333333333333333,1,3,1,3,6.664569,20.356984
H2-v1-SHARP-M3,H2-v1,1673805,0x1b54546f205ce9a93ccd91b2847c7fbacd871e072f915a66a6cbe91404878788,mlb-min-kc-2026-08-06,Kansas City Royals,Minnesota Twins,2026-08-06T23:41:00+00:00,true,true,6h,21600,2026-08-06T17:41:00+00:00,true,true,4,4,0.5386533665835411,0.55,0.0113466334164589,0.5386533665835411,0.5522388059701492,0.0135854393866081,2026-08-06T18:00:12.635763+00:00,2026-08-06T23:00:02.340366+00:00,2457.659634,3,3,3,3,3,5.185847,19.502363
H2-v1-SHARP-M3,H2-v1,1673805,0x1b54546f205ce9a93ccd91b2847c7fbacd871e072f915a66a6cbe91404878788,mlb-min-kc-2026-08-06,Kansas City Royals,Minnesota Twins,2026-08-06T23:41:00+00:00,true,true,60m,3600,2026-08-06T22:41:00+00:00,true,false,1,1,0.55,0.55,,0.55,0.55,0,2026-08-06T23:00:02.340366+00:00,2026-08-06T23:00:02.340366+00:00,2457.659634,3,3,3,3,3,2.340366,11.340366
H2-v1-SHARP-M3,H2-v1,1673805,0x1b54546f205ce9a93ccd91b2847c7fbacd871e072f915a66a6cbe91404878788,mlb-min-kc-2026-08-06,Kansas City Royals,Minnesota Twins,2026-08-06T23:41:00+00:00,true,true,30m,1800,2026-08-06T23:11:00+00:00,false,false,0,0,,,,,,,,,,,,,,,,
H2-v1-SHARP-M3,H2-v1,1673805,0x1b54546f205ce9a93ccd91b2847c7fbacd871e072f915a66a6cbe91404878788,mlb-min-kc-2026-08-06,Kansas City Royals,Minnesota Twins,2026-08-06T23:41:00+00:00,true,true,10m,600,2026-08-06T23:31:00+00:00,false,false,0,0,,,,,,,,,,,,,,,,
H2-v1-SHARP-M3,H2-v1,1673805,0x1b54546f205ce9a93ccd91b2847c7fbacd871e072f915a66a6cbe91404878788,mlb-min-kc-2026-08-06,Kansas City Royals,Minnesota Twins,2026-08-06T23:41:00+00:00,true,true,5m,300,2026-08-06T23:36:00+00:00,false,false,0,0,,,,,,,,,,,,,,,,
H2-v1-SHARP-M3,H2-v1,1673845,0x71fa2b9df79ae3aed7721dfde68b16673f191b93cfcc24909ccd237fbe1a334c,mlb-nym-pit-2026-08-07,Pittsburgh Pirates,New York Mets,2026-08-07T22:42:14+00:00,true,true,all_pregame,,,true,true,14,13,0.5597826086956522,0.5522388059701492,-0.007543802725503,0.5522388059701492,0.56823473347402825,0.01599592750387905,2026-08-06T21:45:02.869331+00:00,2026-08-07T22:00:03.372802+00:00,2530.627198,2.571428571428571428571428571428571428571,1,3,1,3,10.9001875,32.113546
H2-v1-SHARP-M3,H2-v1,1673845,0x71fa2b9df79ae3aed7721dfde68b16673f191b93cfcc24909ccd237fbe1a334c,mlb-nym-pit-2026-08-07,Pittsburgh Pirates,New York Mets,2026-08-07T22:42:14+00:00,true,true,6h,21600,2026-08-07T16:42:14+00:00,true,true,9,9,0.5522388059701492,0.5522388059701492,0,0.5522388059701492,0.5594059405940595,0.0071671346239103,2026-08-07T18:00:02.829250+00:00,2026-08-07T22:00:03.372802+00:00,2530.627198,3,3,3,3,3,12.872802,32.113546
H2-v1-SHARP-M3,H2-v1,1673845,0x71fa2b9df79ae3aed7721dfde68b16673f191b93cfcc24909ccd237fbe1a334c,mlb-nym-pit-2026-08-07,Pittsburgh Pirates,New York Mets,2026-08-07T22:42:14+00:00,true,true,60m,3600,2026-08-07T21:42:14+00:00,true,true,2,2,0.5536159600997507,0.5522388059701492,-0.0013771541296015,0.5522388059701492,0.5536159600997507,0.0013771541296015,2026-08-07T21:45:02.708592+00:00,2026-08-07T22:00:03.372802+00:00,2530.627198,3,3,3,3,3,12.790697,24.372802
H2-v1-SHARP-M3,H2-v1,1673845,0x71fa2b9df79ae3aed7721dfde68b16673f191b93cfcc24909ccd237fbe1a334c,mlb-nym-pit-2026-08-07,Pittsburgh Pirates,New York Mets,2026-08-07T22:42:14+00:00,true,true,30m,1800,2026-08-07T22:12:14+00:00,false,false,0,0,,,,,,,,,,,,,,,,
H2-v1-SHARP-M3,H2-v1,1673845,0x71fa2b9df79ae3aed7721dfde68b16673f191b93cfcc24909ccd237fbe1a334c,mlb-nym-pit-2026-08-07,Pittsburgh Pirates,New York Mets,2026-08-07T22:42:14+00:00,true,true,10m,600,2026-08-07T22:32:14+00:00,false,false,0,0,,,,,,,,,,,,,,,,
H2-v1-SHARP-M3,H2-v1,1673845,0x71fa2b9df79ae3aed7721dfde68b16673f191b93cfcc24909ccd237fbe1a334c,mlb-nym-pit-2026-08-07,Pittsburgh Pirates,New York Mets,2026-08-07T22:42:14+00:00,true,true,5m,300,2026-08-07T22:37:14+00:00,false,false,0,0,,,,,,,,,,,,,,,,
H2-v1-SHARP-M3,H2-v1,1673887,0x1834230745e97fd13fd6417f8e598f6d9b0c02bab0e15ba8838c84284d25b442,mlb-laa-mia-2026-08-07,Miami Marlins,Los Angeles Angels,2026-08-07T23:11:00+00:00,true,true,all_pregame,,,true,true,17,14,0.5941644562334217,0.5784313725490196,-0.0157330836844021,0.5784313725490196,0.598177430202962,0.0197460576539424,2026-08-06T21:00:02.502363+00:00,2026-08-07T23:00:03.995609+00:00,656.004391,2.470588235294117647058823529411764705882,1,3,1,3,10.502363,32.113546
H2-v1-SHARP-M3,H2-v1,1673887,0x1834230745e97fd13fd6417f8e598f6d9b0c02bab0e15ba8838c84284d25b442,mlb-laa-mia-2026-08-07,Miami Marlins,Los Angeles Angels,2026-08-07T23:11:00+00:00,true,true,6h,21600,2026-08-07T17:11:00+00:00,true,true,11,11,0.5784313725490196,0.5784313725490196,0,0.5784313725490196,0.5853658536585367,0.0069344811095171,2026-08-07T18:00:02.829250+00:00,2026-08-07T23:00:03.995609+00:00,656.004391,3,3,3,3,3,12.708592,32.113546
H2-v1-SHARP-M3,H2-v1,1673887,0x1834230745e97fd13fd6417f8e598f6d9b0c02bab0e15ba8838c84284d25b442,mlb-laa-mia-2026-08-07,Miami Marlins,Los Angeles Angels,2026-08-07T23:11:00+00:00,true,true,60m,3600,2026-08-07T22:11:00+00:00,true,true,2,2,0.58230706075533665,0.5784313725490196,-0.00387568820631705,0.5784313725490196,0.58230706075533665,0.00387568820631705,2026-08-07T22:45:01.947561+00:00,2026-08-07T23:00:03.995609+00:00,656.004391,3,3,3,3,3,10.971585,19.947561
H2-v1-SHARP-M3,H2-v1,1673887,0x1834230745e97fd13fd6417f8e598f6d9b0c02bab0e15ba8838c84284d25b442,mlb-laa-mia-2026-08-07,Miami Marlins,Los Angeles Angels,2026-08-07T23:11:00+00:00,true,true,30m,1800,2026-08-07T22:41:00+00:00,true,true,2,2,0.58230706075533665,0.5784313725490196,-0.00387568820631705,0.5784313725490196,0.58230706075533665,0.00387568820631705,2026-08-07T22:45:01.947561+00:00,2026-08-07T23:00:03.995609+00:00,656.004391,3,3,3,3,3,10.971585,19.947561
H2-v1-SHARP-M3,H2-v1,1673887,0x1834230745e97fd13fd6417f8e598f6d9b0c02bab0e15ba8838c84284d25b442,mlb-laa-mia-2026-08-07,Miami Marlins,Los Angeles Angels,2026-08-07T23:11:00+00:00,true,true,10m,600,2026-08-07T23:01:00+00:00,false,false,0,0,,,,,,,,,,,,,,,,
H2-v1-SHARP-M3,H2-v1,1673887,0x1834230745e97fd13fd6417f8e598f6d9b0c02bab0e15ba8838c84284d25b442,mlb-laa-mia-2026-08-07,Miami Marlins,Los Angeles Angels,2026-08-07T23:11:00+00:00,true,true,5m,300,2026-08-07T23:06:00+00:00,false,false,0,0,,,,,,,,,,,,,,,,
H2-v1-SHARP-M3,H2-v1,1673882,0x977c0519cc902a6bf7a8a6015ab745581615790f3f19b6f98b88c38054790d68,mlb-oak-bos-2026-08-07,Boston Red Sox,Athletics,2026-08-07T23:11:00+00:00,true,true,all_pregame,,,true,true,15,14,0.6776470588235294,0.7157676348547718,0.0381205760312424,0.6773939830897293,0.7172131147540984,0.0398191316643691,2026-08-06T23:00:02.340366+00:00,2026-08-07T23:00:03.995609+00:00,656.004391,2.666666666666666666666666666666666666667,1,3,1,3,12.327371,32.113546
H2-v1-SHARP-M3,H2-v1,1673882,0x977c0519cc902a6bf7a8a6015ab745581615790f3f19b6f98b88c38054790d68,mlb-oak-bos-2026-08-07,Boston Red Sox,Athletics,2026-08-07T23:11:00+00:00,true,true,6h,21600,2026-08-07T17:11:00+00:00,true,true,11,11,0.7128099173553719,0.7157676348547718,0.0029577174993999,0.7083333333333334,0.7172131147540984,0.008879781420765,2026-08-07T18:00:02.829250+00:00,2026-08-07T23:00:03.995609+00:00,656.004391,3,3,3,3,3,12.708592,32.113546
H2-v1-SHARP-M3,H2-v1,1673882,0x977c0519cc902a6bf7a8a6015ab745581615790f3f19b6f98b88c38054790d68,mlb-oak-bos-2026-08-07,Boston Red Sox,Athletics,2026-08-07T23:11:00+00:00,true,true,60m,3600,2026-08-07T22:11:00+00:00,true,true,2,2,0.7157464212678937,0.7157676348547718,0.0000212135868781,0.7157464212678937,0.7157676348547718,0.0000212135868781,2026-08-07T22:45:01.947561+00:00,2026-08-07T23:00:03.995609+00:00,656.004391,3,3,3,3,3,10.971585,19.947561
H2-v1-SHARP-M3,H2-v1,1673882,0x977c0519cc902a6bf7a8a6015ab745581615790f3f19b6f98b88c38054790d68,mlb-oak-bos-2026-08-07,Boston Red Sox,Athletics,2026-08-07T23:11:00+00:00,true,true,30m,1800,2026-08-07T22:41:00+00:00,true,true,2,2,0.7157464212678937,0.7157676348547718,0.0000212135868781,0.7157464212678937,0.7157676348547718,0.0000212135868781,2026-08-07T22:45:01.947561+00:00,2026-08-07T23:00:03.995609+00:00,656.004391,3,3,3,3,3,10.971585,19.947561
H2-v1-SHARP-M3,H2-v1,1673882,0x977c0519cc902a6bf7a8a6015ab745581615790f3f19b6f98b88c38054790d68,mlb-oak-bos-2026-08-07,Boston Red Sox,Athletics,2026-08-07T23:11:00+00:00,true,true,10m,600,2026-08-07T23:01:00+00:00,false,false,0,0,,,,,,,,,,,,,,,,
H2-v1-SHARP-M3,H2-v1,1673882,0x977c0519cc902a6bf7a8a6015ab745581615790f3f19b6f98b88c38054790d68,mlb-oak-bos-2026-08-07,Boston Red Sox,Athletics,2026-08-07T23:11:00+00:00,true,true,5m,300,2026-08-07T23:06:00+00:00,false,false,0,0,,,,,,,,,,,,,,,,
H2-v1-SHARP-M3,H2-v1,1673893,0x396c671d5f43d443da553cecd9a2922ae6f3ef60fef77961d47c554241817409,mlb-cle-cws-2026-08-07,Chicago White Sox,Cleveland Guardians,2026-08-07T23:41:00+00:00,true,true,all_pregame,,,true,true,15,14,0.4807692307692309,0.42716049382716054,-0.05360873694207036,0.425061425061425,0.4807692307692309,0.0557078057078059,2026-08-06T23:00:02.340366+00:00,2026-08-07T23:00:03.995609+00:00,2456.004391,2.666666666666666666666666666666666666667,1,3,1,3,12.327371,32.113546
H2-v1-SHARP-M3,H2-v1,1673893,0x396c671d5f43d443da553cecd9a2922ae6f3ef60fef77961d47c554241817409,mlb-cle-cws-2026-08-07,Chicago White Sox,Cleveland Guardians,2026-08-07T23:41:00+00:00,true,true,6h,21600,2026-08-07T17:41:00+00:00,true,true,11,11,0.425061425061425,0.42716049382716054,0.00209906876573554,0.425061425061425,0.43353949853709125,0.00847807347566625,2026-08-07T18:00:02.829250+00:00,2026-08-07T23:00:03.995609+00:00,2456.004391,3,3,3,3,3,12.708592,32.113546
H2-v1-SHARP-M3,H2-v1,1673893,0x396c671d5f43d443da553cecd9a2922ae6f3ef60fef77961d47c554241817409,mlb-cle-cws-2026-08-07,Chicago White Sox,Cleveland Guardians,2026-08-07T23:41:00+00:00,true,true,60m,3600,2026-08-07T22:41:00+00:00,true,true,2,2,0.42716049382716054,0.42716049382716054,0,0.42716049382716054,0.42716049382716054,0,2026-08-07T22:45:01.947561+00:00,2026-08-07T23:00:03.995609+00:00,2456.004391,3,3,3,3,3,10.971585,19.947561
H2-v1-SHARP-M3,H2-v1,1673893,0x396c671d5f43d443da553cecd9a2922ae6f3ef60fef77961d47c554241817409,mlb-cle-cws-2026-08-07,Chicago White Sox,Cleveland Guardians,2026-08-07T23:41:00+00:00,true,true,30m,1800,2026-08-07T23:11:00+00:00,false,false,0,0,,,,,,,,,,,,,,,,
H2-v1-SHARP-M3,H2-v1,1673893,0x396c671d5f43d443da553cecd9a2922ae6f3ef60fef77961d47c554241817409,mlb-cle-cws-2026-08-07,Chicago White Sox,Cleveland Guardians,2026-08-07T23:41:00+00:00,true,true,10m,600,2026-08-07T23:31:00+00:00,false,false,0,0,,,,,,,,,,,,,,,,
H2-v1-SHARP-M3,H2-v1,1673893,0x396c671d5f43d443da553cecd9a2922ae6f3ef60fef77961d47c554241817409,mlb-cle-cws-2026-08-07,Chicago White Sox,Cleveland Guardians,2026-08-07T23:41:00+00:00,true,true,5m,300,2026-08-07T23:36:00+00:00,false,false,0,0,,,,,,,,,,,,,,,,
H2-v1-SHARP-M3,H2-v1,1673903,0x538589f4b0ba89623a2067830f6e137c0ed13eb4414cb8d5755abf19e9f94419,mlb-min-mil-2026-08-07,Milwaukee Brewers,Minnesota Twins,2026-08-07T23:41:00+00:00,true,true,all_pregame,,,true,true,12,11,0.5978835978835979,0.6208530805687204,0.0229694826851225,0.5978835978835979,0.6208530805687204,0.0229694826851225,2026-08-07T04:45:02.209344+00:00,2026-08-07T23:00:03.995609+00:00,2456.004391,2.833333333333333333333333333333333333333,1,3,1,3,12.6021005,32.113546
H2-v1-SHARP-M3,H2-v1,1673903,0x538589f4b0ba89623a2067830f6e137c0ed13eb4414cb8d5755abf19e9f94419,mlb-min-mil-2026-08-07,Milwaukee Brewers,Minnesota Twins,2026-08-07T23:41:00+00:00,true,true,6h,21600,2026-08-07T17:41:00+00:00,true,true,11,11,0.6193853427895982,0.6208530805687204,0.0014677377791222,0.6157517899761337,0.6208530805687204,0.0051012905925867,2026-08-07T18:00:02.829250+00:00,2026-08-07T23:00:03.995609+00:00,2456.004391,3,3,3,3,3,12.708592,32.113546
H2-v1-SHARP-M3,H2-v1,1673903,0x538589f4b0ba89623a2067830f6e137c0ed13eb4414cb8d5755abf19e9f94419,mlb-min-mil-2026-08-07,Milwaukee Brewers,Minnesota Twins,2026-08-07T23:41:00+00:00,true,true,60m,3600,2026-08-07T22:41:00+00:00,true,true,2,2,0.6208530805687204,0.6208530805687204,0,0.6208530805687204,0.6208530805687204,0,2026-08-07T22:45:01.947561+00:00,2026-08-07T23:00:03.995609+00:00,2456.004391,3,3,3,3,3,10.971585,19.947561
H2-v1-SHARP-M3,H2-v1,1673903,0x538589f4b0ba89623a2067830f6e137c0ed13eb4414cb8d5755abf19e9f94419,mlb-min-mil-2026-08-07,Milwaukee Brewers,Minnesota Twins,2026-08-07T23:41:00+00:00,true,true,30m,1800,2026-08-07T23:11:00+00:00,false,false,0,0,,,,,,,,,,,,,,,,
H2-v1-SHARP-M3,H2-v1,1673903,0x538589f4b0ba89623a2067830f6e137c0ed13eb4414cb8d5755abf19e9f94419,mlb-min-mil-2026-08-07,Milwaukee Brewers,Minnesota Twins,2026-08-07T23:41:00+00:00,true,true,10m,600,2026-08-07T23:31:00+00:00,false,false,0,0,,,,,,,,,,,,,,,,
H2-v1-SHARP-M3,H2-v1,1673903,0x538589f4b0ba89623a2067830f6e137c0ed13eb4414cb8d5755abf19e9f94419,mlb-min-mil-2026-08-07,Milwaukee Brewers,Minnesota Twins,2026-08-07T23:41:00+00:00,true,true,5m,300,2026-08-07T23:36:00+00:00,false,false,0,0,,,,,,,,,,,,,,,,
H2-v1-SHARP-M3,H2-v1,1673863,0x85103a46008451b326ce5cac11e4377e7c06baef3631a6a78e6ddfc593d68a5d,mlb-cin-wsh-2026-08-07,Washington Nationals,Cincinnati Reds,2026-08-07T23:46:00+00:00,true,true,all_pregame,,,true,true,12,12,0.5188916876574307,0.52996719160104985,0.01107550394361915,0.5188916876574307,0.5349999999999999,0.0161083123425692,2026-08-07T18:00:02.829250+00:00,2026-08-07T23:45:02.363334+00:00,57.636666,2.916666666666666666666666666666666666667,2,3,3,2,12.6021005,32.113546
H2-v1-SHARP-M3,H2-v1,1673863,0x85103a46008451b326ce5cac11e4377e7c06baef3631a6a78e6ddfc593d68a5d,mlb-cin-wsh-2026-08-07,Washington Nationals,Cincinnati Reds,2026-08-07T23:46:00+00:00,true,true,6h,21600,2026-08-07T17:46:00+00:00,true,true,12,12,0.5188916876574307,0.52996719160104985,0.01107550394361915,0.5188916876574307,0.5349999999999999,0.0161083123425692,2026-08-07T18:00:02.829250+00:00,2026-08-07T23:45:02.363334+00:00,57.636666,2.916666666666666666666666666666666666667,2,3,3,2,12.6021005,32.113546
H2-v1-SHARP-M3,H2-v1,1673863,0x85103a46008451b326ce5cac11e4377e7c06baef3631a6a78e6ddfc593d68a5d,mlb-cin-wsh-2026-08-07,Washington Nationals,Cincinnati Reds,2026-08-07T23:46:00+00:00,true,true,60m,3600,2026-08-07T22:46:00+00:00,true,true,2,2,0.5343511450381679,0.52996719160104985,-0.00438395343711805,0.52996719160104985,0.5343511450381679,0.00438395343711805,2026-08-07T23:00:03.995609+00:00,2026-08-07T23:45:02.363334+00:00,57.636666,2.5,2,3,3,2,7.9294715,12.995609
H2-v1-SHARP-M3,H2-v1,1673863,0x85103a46008451b326ce5cac11e4377e7c06baef3631a6a78e6ddfc593d68a5d,mlb-cin-wsh-2026-08-07,Washington Nationals,Cincinnati Reds,2026-08-07T23:46:00+00:00,true,true,30m,1800,2026-08-07T23:16:00+00:00,true,false,1,1,0.52996719160104985,0.52996719160104985,,0.52996719160104985,0.52996719160104985,0,2026-08-07T23:45:02.363334+00:00,2026-08-07T23:45:02.363334+00:00,57.636666,2,2,2,2,2,3.363334,3.363334
H2-v1-SHARP-M3,H2-v1,1673863,0x85103a46008451b326ce5cac11e4377e7c06baef3631a6a78e6ddfc593d68a5d,mlb-cin-wsh-2026-08-07,Washington Nationals,Cincinnati Reds,2026-08-07T23:46:00+00:00,true,true,10m,600,2026-08-07T23:36:00+00:00,true,false,1,1,0.52996719160104985,0.52996719160104985,,0.52996719160104985,0.52996719160104985,0,2026-08-07T23:45:02.363334+00:00,2026-08-07T23:45:02.363334+00:00,57.636666,2,2,2,2,2,3.363334,3.363334
H2-v1-SHARP-M3,H2-v1,1673863,0x85103a46008451b326ce5cac11e4377e7c06baef3631a6a78e6ddfc593d68a5d,mlb-cin-wsh-2026-08-07,Washington Nationals,Cincinnati Reds,2026-08-07T23:46:00+00:00,true,true,5m,300,2026-08-07T23:41:00+00:00,true,false,1,1,0.52996719160104985,0.52996719160104985,,0.52996719160104985,0.52996719160104985,0,2026-08-07T23:45:02.363334+00:00,2026-08-07T23:45:02.363334+00:00,57.636666,2,2,2,2,2,3.363334,3.363334
H2-v1-SHARP-M3,H2-v1,1673846,0xc3d4ea1d592f030ba20a226a4825b83ee10dd0fd428650e60011109c8a617346,mlb-tor-phi-2026-08-07,Philadelphia Phillies,Toronto Blue Jays,2026-08-08T00:41:00+00:00,true,true,all_pregame,,,true,true,17,16,0.6499999999999999,0.659090909090909,0.0090909090909091,0.6410430048849762,0.6636771300448431,0.0226341251598669,2026-08-06T21:45:02.869331+00:00,2026-08-07T23:45:02.363334+00:00,3357.636666,2.647058823529411764705882352941176470588,1,3,1,3,9.473004,32.113546
H2-v1-SHARP-M3,H2-v1,1673846,0xc3d4ea1d592f030ba20a226a4825b83ee10dd0fd428650e60011109c8a617346,mlb-tor-phi-2026-08-07,Philadelphia Phillies,Toronto Blue Jays,2026-08-08T00:41:00+00:00,true,true,6h,21600,2026-08-07T18:41:00+00:00,true,true,11,11,0.6545454545454545,0.659090909090909,0.0045454545454545,0.6545454545454545,0.6621923937360178,0.0076469391905633,2026-08-07T18:45:02.181343+00:00,2026-08-07T23:45:02.363334+00:00,3357.636666,3,3,3,3,3,12.495609,32.113546
H2-v1-SHARP-M3,H2-v1,1673846,0xc3d4ea1d592f030ba20a226a4825b83ee10dd0fd428650e60011109c8a617346,mlb-tor-phi-2026-08-07,Philadelphia Phillies,Toronto Blue Jays,2026-08-08T00:41:00+00:00,true,true,60m,3600,2026-08-07T23:41:00+00:00,true,false,1,1,0.659090909090909,0.659090909090909,,0.659090909090909,0.659090909090909,0,2026-08-07T23:45:02.363334+00:00,2026-08-07T23:45:02.363334+00:00,3357.636666,3,3,3,3,3,3.363334,3.363334
H2-v1-SHARP-M3,H2-v1,1673846,0xc3d4ea1d592f030ba20a226a4825b83ee10dd0fd428650e60011109c8a617346,mlb-tor-phi-2026-08-07,Philadelphia Phillies,Toronto Blue Jays,2026-08-08T00:41:00+00:00,true,true,30m,1800,2026-08-08T00:11:00+00:00,false,false,0,0,,,,,,,,,,,,,,,,
H2-v1-SHARP-M3,H2-v1,1673846,0xc3d4ea1d592f030ba20a226a4825b83ee10dd0fd428650e60011109c8a617346,mlb-tor-phi-2026-08-07,Philadelphia Phillies,Toronto Blue Jays,2026-08-08T00:41:00+00:00,true,true,10m,600,2026-08-08T00:31:00+00:00,false,false,0,0,,,,,,,,,,,,,,,,
H2-v1-SHARP-M3,H2-v1,1673846,0xc3d4ea1d592f030ba20a226a4825b83ee10dd0fd428650e60011109c8a617346,mlb-tor-phi-2026-08-07,Philadelphia Phillies,Toronto Blue Jays,2026-08-08T00:41:00+00:00,true,true,5m,300,2026-08-08T00:36:00+00:00,false,false,0,0,,,,,,,,,,,,,,,,
H2-v1-SHARP-M3,H2-v1,1673885,0x2f40b48f8d3177ec141fc216669c06206f37c359c0ace9cde11925055c0638a1,mlb-atl-nyy-2026-08-07,New York Yankees,Atlanta Braves,2026-08-08T01:01:00+00:00,true,true,all_pregame,,,true,true,18,13,0.579088471849866,0.5390428211586901,-0.0400456506911759,0.5376884422110553,0.5828877005347594,0.0451992583237041,2026-08-06T21:00:02.502363+00:00,2026-08-07T23:45:02.363334+00:00,4557.636666,2.388888888888888888888888888888888888889,1,3,1,3,9.9876835,32.113546
H2-v1-SHARP-M3,H2-v1,1673885,0x2f40b48f8d3177ec141fc216669c06206f37c359c0ace9cde11925055c0638a1,mlb-atl-nyy-2026-08-07,New York Yankees,Atlanta Braves,2026-08-08T01:01:00+00:00,true,true,6h,21600,2026-08-07T19:01:00+00:00,true,true,9,9,0.5413533834586466,0.5390428211586901,-0.0023105622999565,0.5376884422110553,0.542713567839196,0.0050251256281407,2026-08-07T19:45:02.473004+00:00,2026-08-07T23:45:02.363334+00:00,4557.636666,3,3,3,3,3,12.495609,24.645407
H2-v1-SHARP-M3,H2-v1,1673885,0x2f40b48f8d3177ec141fc216669c06206f37c359c0ace9cde11925055c0638a1,mlb-atl-nyy-2026-08-07,New York Yankees,Atlanta Braves,2026-08-08T01:01:00+00:00,true,true,60m,3600,2026-08-08T00:01:00+00:00,false,false,0,0,,,,,,,,,,,,,,,,
H2-v1-SHARP-M3,H2-v1,1673885,0x2f40b48f8d3177ec141fc216669c06206f37c359c0ace9cde11925055c0638a1,mlb-atl-nyy-2026-08-07,New York Yankees,Atlanta Braves,2026-08-08T01:01:00+00:00,true,true,30m,1800,2026-08-08T00:31:00+00:00,false,false,0,0,,,,,,,,,,,,,,,,
H2-v1-SHARP-M3,H2-v1,1673885,0x2f40b48f8d3177ec141fc216669c06206f37c359c0ace9cde11925055c0638a1,mlb-atl-nyy-2026-08-07,New York Yankees,Atlanta Braves,2026-08-08T01:01:00+00:00,true,true,10m,600,2026-08-08T00:51:00+00:00,false,false,0,0,,,,,,,,,,,,,,,,
H2-v1-SHARP-M3,H2-v1,1673885,0x2f40b48f8d3177ec141fc216669c06206f37c359c0ace9cde11925055c0638a1,mlb-atl-nyy-2026-08-07,New York Yankees,Atlanta Braves,2026-08-08T01:01:00+00:00,true,true,5m,300,2026-08-08T00:56:00+00:00,false,false,0,0,,,,,,,,,,,,,,,,
