feature_version,cohort_version,market_id,condition_id,slug,home_team,away_team,canonical_commence_time,token_id,token_outcome,token_team_side,outcome_index,event_time,seconds_before_start,side,price,size_shares,cash_notional,home_direction_sign,signed_home_shares,signed_home_cash_flow,tx_hash,venue_trade_key,in_6h,in_60m,in_30m,in_10m,in_5m
H2-v1-RN1-M2,H2-v1,1595162,0xf447965f2669b7aa3e5f5d320b2cdd8c19943f8bfb90abbde31202d88aa9c56d,mlb-laa-bal-2026-08-04,Baltimore Orioles,Los Angeles Angels,2026-08-04T22:36:00+00:00,3190278,Los Angeles Angels,away,0,2026-08-04T22:35:12+00:00,48,BUY,0.41,84.74576,34.7457616,-1,-84.74576,-34.7457616,0x29a39dd2a819cb417b327fa5a09ff9009e7afc149cf5edc9217a40e171599969,c42aae04edd9787152956b262b095050109f2d0b346bd78cdfde9bf00d2b7bfb,true,true,true,true,true
H2-v1-RN1-M2,H2-v1,1595162,0xf447965f2669b7aa3e5f5d320b2cdd8c19943f8bfb90abbde31202d88aa9c56d,mlb-laa-bal-2026-08-04,Baltimore Orioles,Los Angeles Angels,2026-08-04T22:36:00+00:00,3190279,Baltimore Orioles,home,1,2026-08-04T22:35:51+00:00,9,BUY,0.58,289,167.62,1,289,167.62,0x7f4abb434b0eb3ae9d72c1ce6dde1cc2fe2c0097025be6933836a8a73db01159,33448bb7057827fced6ddea17612b4f6823b733a344a0d81d54fbc2f80252311,true,true,true,true,true
H2-v1-RN1-M2,H2-v1,1595162,0xf447965f2669b7aa3e5f5d320b2cdd8c19943f8bfb90abbde31202d88aa9c56d,mlb-laa-bal-2026-08-04,Baltimore Orioles,Los Angeles Angels,2026-08-04T22:36:00+00:00,3190278,Los Angeles Angels,away,0,2026-08-04T22:35:53+00:00,7,BUY,0.41,1.694914,0.69491474,-1,-1.694914,-0.69491474,0x2764d68aa9a8cd53151d7f932609d66b0489ac1f5a7484a9c81a6cacc45b4450,d280f15d0cdca64fc0742a831b83c07322786e6c40880864aa88cae2941b1958,true,true,true,true,true
H2-v1-RN1-M2,H2-v1,1595165,0x3250991062dee7e768335a2dca0b5282e8e3bf461120775a1f94de78cd7d55c6,mlb-nym-cle-2026-08-04,Cleveland Guardians,New York Mets,2026-08-04T22:41:36+00:00,3190285,Cleveland Guardians,home,1,2026-08-04T22:40:05+00:00,91,BUY,0.55,2.333332,1.2833326,1,2.333332,1.2833326,0x8ad3b098af1e7353a1cd9ca910a0621f6df0e74376609240b6226642e19a6465,5cbd1742ed5f897bae45d2b9a4f4926e338feea85c244290f4181f83f781ee9d,true,true,true,true,true
H2-v1-RN1-M2,H2-v1,1595165,0x3250991062dee7e768335a2dca0b5282e8e3bf461120775a1f94de78cd7d55c6,mlb-nym-cle-2026-08-04,Cleveland Guardians,New York Mets,2026-08-04T22:41:36+00:00,3190285,Cleveland Guardians,home,1,2026-08-04T22:40:06+00:00,90,BUY,0.55,22.222221,12.22222155,1,22.222221,12.22222155,0x11c88ebbe5c99e6d85928b50896b6ecc80e0ec6885b192fe789ecd767957faf7,fc8f0f4e8876e2f45857618db13e81261de2ff9b460d88aabcd19223aee2bd0c,true,true,true,true,true
H2-v1-RN1-M2,H2-v1,1595165,0x3250991062dee7e768335a2dca0b5282e8e3bf461120775a1f94de78cd7d55c6,mlb-nym-cle-2026-08-04,Cleveland Guardians,New York Mets,2026-08-04T22:41:36+00:00,3190284,New York Mets,away,0,2026-08-04T22:40:15+00:00,81,BUY,0.44,308.175713,135.59731372,-1,-308.175713,-135.59731372,0x7124d2da3f9b1d08b1be5e0b9fa40b07ad15dddaed04cfdfa32c2950a234013f,4a7acb5dd3268ba71369200e94528a0af4245dc71e7b38c7830d827a00d4a634,true,true,true,true,true
H2-v1-RN1-M2,H2-v1,1595165,0x3250991062dee7e768335a2dca0b5282e8e3bf461120775a1f94de78cd7d55c6,mlb-nym-cle-2026-08-04,Cleveland Guardians,New York Mets,2026-08-04T22:41:36+00:00,3190284,New York Mets,away,0,2026-08-04T22:40:30+00:00,66,BUY,0.44,21.42857,9.4285708,-1,-21.42857,-9.4285708,0x98b130a423e35b88e78d271f5982f635f03f9040e130f28276bc132c1ee7d361,cb7bffae42a9bd0102330aa84dab082d90ab4ef2f3b444e0f08bd3fc59f6a670,true,true,true,true,true
H2-v1-RN1-M2,H2-v1,1595165,0x3250991062dee7e768335a2dca0b5282e8e3bf461120775a1f94de78cd7d55c6,mlb-nym-cle-2026-08-04,Cleveland Guardians,New York Mets,2026-08-04T22:41:36+00:00,3190284,New York Mets,away,0,2026-08-04T22:40:56+00:00,40,BUY,0.44,3.571427,1.57142788,-1,-3.571427,-1.57142788,0xdfa798bff1db11ad9d844c086f1c01df111e0755089e67ea43b64a1d40304086,9816edb36a435e0522b1a31edefef901e601f62fda47479433ee35c0f6672c8c,true,true,true,true,true
H2-v1-RN1-M2,H2-v1,1595165,0x3250991062dee7e768335a2dca0b5282e8e3bf461120775a1f94de78cd7d55c6,mlb-nym-cle-2026-08-04,Cleveland Guardians,New York Mets,2026-08-04T22:41:36+00:00,3190284,New York Mets,away,0,2026-08-04T22:41:12+00:00,24,BUY,0.44,1590.81,699.9564,-1,-1590.81,-699.9564,0xbd09e56e20333064277ce217de2fe890820962f786d8ab00a0214190a5f04f53,f05289de5ee2e155c761ef2aec0c75d43dd0eef6386c654f69c814cda5994e36,true,true,true,true,true
H2-v1-RN1-M2,H2-v1,1595169,0x90dab0680f465b0e4f505295d1b138b2982a86a2eafa92b6530c5035efa7a716,mlb-wsh-phi-2026-08-04,Philadelphia Phillies,Washington Nationals,2026-08-04T22:42:34+00:00,3190293,Philadelphia Phillies,home,1,2026-08-04T22:40:05+00:00,149,BUY,0.73,565.925924,413.12592452,1,565.925924,413.12592452,0x5a0a2774276ca0fc86df446b30fae8928ac31975f6f7eab034c5411d72e07d38,aae0afbda4ed8792b9c453f1079a46a1b4c6a1c058678e3ba0bc1a7cfe5236c3,true,true,true,true,true
H2-v1-RN1-M2,H2-v1,1595169,0x90dab0680f465b0e4f505295d1b138b2982a86a2eafa92b6530c5035efa7a716,mlb-wsh-phi-2026-08-04,Philadelphia Phillies,Washington Nationals,2026-08-04T22:42:34+00:00,3190293,Philadelphia Phillies,home,1,2026-08-04T22:40:06+00:00,148,BUY,0.73,126,91.98,1,126,91.98,0x6c9a5070c3e6c13426ed8ba4231b243f337821ff613f51314a002eb1216e649a,158d7ffe9bae8df0fcbaba83f6a34840c1b17bcb8e07852d0157f8df2fa80ca3,true,true,true,true,true
H2-v1-RN1-M2,H2-v1,1595169,0x90dab0680f465b0e4f505295d1b138b2982a86a2eafa92b6530c5035efa7a716,mlb-wsh-phi-2026-08-04,Philadelphia Phillies,Washington Nationals,2026-08-04T22:42:34+00:00,3190293,Philadelphia Phillies,home,1,2026-08-04T22:40:35+00:00,119,BUY,0.73,7.777776,5.67777648,1,7.777776,5.67777648,0xe7ab4fda86ff41be87e118d26c7732ff2a3f6c98f9dd2657669b11a65a8b3237,b2dfc0b7d4f7cb79138602f815c5e708117f642072e2bca186750e382d35e2cd,true,true,true,true,true
H2-v1-RN1-M2,H2-v1,1595169,0x90dab0680f465b0e4f505295d1b138b2982a86a2eafa92b6530c5035efa7a716,mlb-wsh-phi-2026-08-04,Philadelphia Phillies,Washington Nationals,2026-08-04T22:42:34+00:00,3190293,Philadelphia Phillies,home,1,2026-08-04T22:40:54+00:00,100,BUY,0.73,1330.29,971.1117,1,1330.29,971.1117,0xe4d5f3874949b5454db773295efac8efe7264038d4f22c7c3f4b6f3805005a93,b58113b70d1c576e7eb456b6e859116bc0903b7141d10b0adedc2e3b80a5924d,true,true,true,true,true
H2-v1-RN1-M2,H2-v1,1595169,0x90dab0680f465b0e4f505295d1b138b2982a86a2eafa92b6530c5035efa7a716,mlb-wsh-phi-2026-08-04,Philadelphia Phillies,Washington Nationals,2026-08-04T22:42:34+00:00,3190292,Washington Nationals,away,0,2026-08-04T22:41:27+00:00,67,BUY,0.25,222.99,55.7475,-1,-222.99,-55.7475,0x3079297aca3fd2b43829b1439805eee896ce56603cac773f1f0cc40f0bc2a000,d5276682c739201ab97b3801be15b9c975ced6ea307eadfdd35d1ba1e311ad32,true,true,true,true,true
H2-v1-RN1-M2,H2-v1,1595170,0x9e2cefa4b629c7943658c606dde621781ce9ba317908fe26b312518fb8562ebd,mlb-stl-nyy-2026-08-04,New York Yankees,St. Louis Cardinals,2026-08-04T23:06:00+00:00,3190294,St. Louis Cardinals,away,0,2026-08-04T23:05:03+00:00,57,BUY,0.34,7.575755,2.5757567,-1,-7.575755,-2.5757567,0x0f06dc6b42aa4564258e6510184fcc0e4f3a7024e333770bacbcf1f5f15a48e5,a973cef54e3adf13a1620c590474f818ad5ff33556955a996b748e77e6ca7c61,true,true,true,true,true
H2-v1-RN1-M2,H2-v1,1595170,0x9e2cefa4b629c7943658c606dde621781ce9ba317908fe26b312518fb8562ebd,mlb-stl-nyy-2026-08-04,New York Yankees,St. Louis Cardinals,2026-08-04T23:06:00+00:00,3190294,St. Louis Cardinals,away,0,2026-08-04T23:05:05+00:00,55,BUY,0.34,7.575755,2.5757567,-1,-7.575755,-2.5757567,0x142ad4f5459101e78557fcd5e585aeea8e75db0d0ea4ff355b2036c5dc80c95e,b9d75483c6cb5ddce687940016c600408b28bff7f874d8dc29fcc2af4262db3d,true,true,true,true,true
H2-v1-RN1-M2,H2-v1,1595170,0x9e2cefa4b629c7943658c606dde621781ce9ba317908fe26b312518fb8562ebd,mlb-stl-nyy-2026-08-04,New York Yankees,St. Louis Cardinals,2026-08-04T23:06:00+00:00,3190294,St. Louis Cardinals,away,0,2026-08-04T23:05:54+00:00,6,BUY,0.34,581.55,197.727,-1,-581.55,-197.727,0x6a2763ef9e9b3819befc443384293af1fc2a4f6eca6056e32b019e73f29ec0fb,02bcbff746cd1ce4397aa13cf6374cb5baa8a778759b35c8802724aa211f4660,true,true,true,true,true
H2-v1-RN1-M2,H2-v1,1595171,0x04c98da98e911555ae84b84ee8391166710b856ebd757706fa86d22a8dbd5d8d,mlb-cws-bos-2026-08-04,Boston Red Sox,Chicago White Sox,2026-08-04T23:11:00+00:00,3190296,Chicago White Sox,away,0,2026-08-03T20:56:45+00:00,94455,BUY,0.44,5000,2200,-1,-5000,-2200,0x481b20e09e4554e36e6935fda24b5dc280bf0767f9a8ce7170b44c9de48a5adb,82b5eefe7fef48688d45cc6cd18e2a67ce4b323e90d9c8e90e682cfeb7a3ec37,false,false,false,false,false
H2-v1-RN1-M2,H2-v1,1595171,0x04c98da98e911555ae84b84ee8391166710b856ebd757706fa86d22a8dbd5d8d,mlb-cws-bos-2026-08-04,Boston Red Sox,Chicago White Sox,2026-08-04T23:11:00+00:00,3190296,Chicago White Sox,away,0,2026-08-03T20:56:45+00:00,94455,BUY,0.43,2069.578946,889.91894678,-1,-2069.578946,-889.91894678,0x481b20e09e4554e36e6935fda24b5dc280bf0767f9a8ce7170b44c9de48a5adb,ffa0a0cb18cecd0c543d779a856d2a7614f4aa18dcf045c9963877bb823a9b49,false,false,false,false,false
H2-v1-RN1-M2,H2-v1,1595171,0x04c98da98e911555ae84b84ee8391166710b856ebd757706fa86d22a8dbd5d8d,mlb-cws-bos-2026-08-04,Boston Red Sox,Chicago White Sox,2026-08-04T23:11:00+00:00,3190296,Chicago White Sox,away,0,2026-08-04T23:10:17+00:00,43,BUY,0.41,1968,806.88,-1,-1968,-806.88,0x1fe1932e70708462070fa2f93fc962b361343d6adc42d395f21e782d5a5858fe,8bfab475aaff678f99467c2682dea9e9fd32155bf37c70eeb22e187627daf72c,true,true,true,true,true
H2-v1-RN1-M2,H2-v1,1595171,0x04c98da98e911555ae84b84ee8391166710b856ebd757706fa86d22a8dbd5d8d,mlb-cws-bos-2026-08-04,Boston Red Sox,Chicago White Sox,2026-08-04T23:11:00+00:00,3190297,Boston Red Sox,home,1,2026-08-04T23:10:20+00:00,40,BUY,0.58,3.90476,2.2647608,1,3.90476,2.2647608,0xd7af11880b355e799b9ccee9c2cff166258692da5187de2fff64e0473c0da071,22dd89b9c4719f26853ab02766b82105a3d423fb3d06127b76e153ffb452c518,true,true,true,true,true
H2-v1-RN1-M2,H2-v1,1595171,0x04c98da98e911555ae84b84ee8391166710b856ebd757706fa86d22a8dbd5d8d,mlb-cws-bos-2026-08-04,Boston Red Sox,Chicago White Sox,2026-08-04T23:11:00+00:00,3190297,Boston Red Sox,home,1,2026-08-04T23:10:20+00:00,40,BUY,0.58,5.62,3.2596,1,5.62,3.2596,0x2e7db1de866f36b09ec3feeb0a11948d55921dbd46fccd8b9c3ab0734013baca,361a3b5bcdcc99f3c04fec9b62abf2058c70d0702468cfdeb61c5ae64397edcb,true,true,true,true,true
H2-v1-RN1-M2,H2-v1,1595171,0x04c98da98e911555ae84b84ee8391166710b856ebd757706fa86d22a8dbd5d8d,mlb-cws-bos-2026-08-04,Boston Red Sox,Chicago White Sox,2026-08-04T23:11:00+00:00,3190297,Boston Red Sox,home,1,2026-08-04T23:10:32+00:00,28,BUY,0.58,44.24,25.6592,1,44.24,25.6592,0xfb15254aa1a14a26c58156787254884f902f43a6ecaf4a03bd0082da8c52888d,52889640c1b11e55e799ce58493cb1af6fd255ef1473db87b67f63923603cef6,true,true,true,true,true
H2-v1-RN1-M2,H2-v1,1595171,0x04c98da98e911555ae84b84ee8391166710b856ebd757706fa86d22a8dbd5d8d,mlb-cws-bos-2026-08-04,Boston Red Sox,Chicago White Sox,2026-08-04T23:11:00+00:00,3190297,Boston Red Sox,home,1,2026-08-04T23:10:35+00:00,25,BUY,0.58,11.90476,6.9047608,1,11.90476,6.9047608,0xb3d6a97fa2b9aa8a8d44231577c45a38366f8a81e79f7523b76dcfb8c57c0dd9,5a9435b75dbde20120d7c593e2b7820daa8537b1c8dafc0216b7d90d2880f3d2,true,true,true,true,true
H2-v1-RN1-M2,H2-v1,1595175,0xf40ac3bf4acb00311559af96e17ac875a5838e95ca62763dfcfad40c732da261,mlb-mia-atl-2026-08-04,Atlanta Braves,Miami Marlins,2026-08-04T23:16:00+00:00,3190305,Atlanta Braves,home,1,2026-08-03T18:18:17+00:00,104263,BUY,0.53,100.17,53.0901,1,100.17,53.0901,0x71358f09fd63d025a1df2fcabfc907ad6ae029a97cccf40b73cc443cfab53328,eee02352bbed423f4f2418ed68f7985d8557cba7bb552bd3a13329f9efc81732,false,false,false,false,false
H2-v1-RN1-M2,H2-v1,1595175,0xf40ac3bf4acb00311559af96e17ac875a5838e95ca62763dfcfad40c732da261,mlb-mia-atl-2026-08-04,Atlanta Braves,Miami Marlins,2026-08-04T23:16:00+00:00,3190304,Miami Marlins,away,0,2026-08-04T23:15:05+00:00,55,BUY,0.41,1943,796.63,-1,-1943,-796.63,0x5e2c82933e167b44171beaea1bdaedefa45185333b783f5aefd76de2074d519f,dd0ab4e4cb27b2d7584b57171cdce0487ab5418760cda3c9c29fa9bd698ffa0b,true,true,true,true,true
H2-v1-RN1-M2,H2-v1,1615001,0x7e80d3794e50e7fb8626efb9a7826fd6deedd621f48e609a04f453235d6b7e60,mlb-det-sea-2026-08-05,Seattle Mariners,Detroit Tigers,2026-08-05T01:41:00+00:00,3229957,Seattle Mariners,home,1,2026-08-04T06:07:57+00:00,70383,BUY,0.54,110.02,59.4108,1,110.02,59.4108,0xa3882b1900d8124342e983d8b588e9e65df6852d739b8deda972844f6ca856cb,da317fad176169f354ac71db2d272fe05104e204ae3431f81c51b42135d686d2,false,false,false,false,false
H2-v1-RN1-M2,H2-v1,1615001,0x7e80d3794e50e7fb8626efb9a7826fd6deedd621f48e609a04f453235d6b7e60,mlb-det-sea-2026-08-05,Seattle Mariners,Detroit Tigers,2026-08-05T01:41:00+00:00,3229957,Seattle Mariners,home,1,2026-08-04T06:08:20+00:00,70360,BUY,0.54,4.01,2.1654,1,4.01,2.1654,0xa313f8f94a95585149a3b20c572923e0ab8982926a6c959487bf22fcc6452890,183b768b4518ead3b9e729eb8d8b01bed3ba1c287a71a9389e448bcf887453a5,false,false,false,false,false
H2-v1-RN1-M2,H2-v1,1614975,0xb3ffa74d46d4f6329a448d7bd7cfe55cc6e1c1f55b828c8bed6b02f13195d114,mlb-lad-chc-2026-08-05,Chicago Cubs,Los Angeles Dodgers,2026-08-05T18:21:00+00:00,3229905,Chicago Cubs,home,1,2026-08-05T18:20:03+00:00,57,BUY,0.51,1968,1003.68,1,1968,1003.68,0xcc38a531d4c9d075f505fe232eda7a9ecd3d70c8aed4a24e3a0cf8e300d11258,aae47cec0cadae45d4d25a36cf156a7978704876577fef569716ac345407053e,true,true,true,true,true
H2-v1-RN1-M2,H2-v1,1614979,0xbdc3c22670dd289f732ffccc83cb0cc1036b2389bbd76cb378bae46db03e1ed8,mlb-sf-tex-2026-08-05,Texas Rangers,San Francisco Giants,2026-08-05T18:36:00+00:00,3229913,Texas Rangers,home,1,2026-08-05T18:35:03+00:00,57,BUY,0.59,121.95,71.9505,1,121.95,71.9505,0x74115b024a1048d6a13da18eb963a5830e1bf6591403c77660476c570cb82280,edb23ac10fa63e8d775c3f610e2f69fa612b599fcf406c137f0a5c51d66e3d6e,true,true,true,true,true
H2-v1-RN1-M2,H2-v1,1614979,0xbdc3c22670dd289f732ffccc83cb0cc1036b2389bbd76cb378bae46db03e1ed8,mlb-sf-tex-2026-08-05,Texas Rangers,San Francisco Giants,2026-08-05T18:36:00+00:00,3229913,Texas Rangers,home,1,2026-08-05T18:35:05+00:00,55,BUY,0.59,48.78,28.7802,1,48.78,28.7802,0xed52d0a1dc5b1477dd07a188cfcf207af5c04858035d2c09b0275f773cb9010b,3df90e0d0dab434af97e17448d42d2a2afe856af50c8ab1e7fddbe717b58717c,true,true,true,true,true
H2-v1-RN1-M2,H2-v1,1614979,0xbdc3c22670dd289f732ffccc83cb0cc1036b2389bbd76cb378bae46db03e1ed8,mlb-sf-tex-2026-08-05,Texas Rangers,San Francisco Giants,2026-08-05T18:36:00+00:00,3229913,Texas Rangers,home,1,2026-08-05T18:35:05+00:00,55,BUY,0.59,36.59,21.5881,1,36.59,21.5881,0x277f9f82344b16ae8fd5e6283c76840cf84fcc16510dcf29ceea97b2f62ba86d,5e862a0a5bb6a87968e97808cdf70ec6c051aae43cb1b648d7dd5d92a31741bd,true,true,true,true,true
H2-v1-RN1-M2,H2-v1,1614979,0xbdc3c22670dd289f732ffccc83cb0cc1036b2389bbd76cb378bae46db03e1ed8,mlb-sf-tex-2026-08-05,Texas Rangers,San Francisco Giants,2026-08-05T18:36:00+00:00,3229913,Texas Rangers,home,1,2026-08-05T18:35:05+00:00,55,BUY,0.59,73.17,43.1703,1,73.17,43.1703,0xe2e6382e2e3b30b22bf5e59c80a2238b02e0e532867172150313f40c853d93b7,92eab81e5390b71415fad6ea4fb4bf29e0adb5c5269830601ae5a27170b9668c,true,true,true,true,true
H2-v1-RN1-M2,H2-v1,1614979,0xbdc3c22670dd289f732ffccc83cb0cc1036b2389bbd76cb378bae46db03e1ed8,mlb-sf-tex-2026-08-05,Texas Rangers,San Francisco Giants,2026-08-05T18:36:00+00:00,3229912,San Francisco Giants,away,0,2026-08-05T18:35:05+00:00,55,BUY,0.4,1.666665,0.666666,-1,-1.666665,-0.666666,0x498707919e0cab01147911b13c99c13c465727b675820abae6b3dd91dfa57fbd,a76a27dd8e7a251914780126451a29e482a05c49f875d5ae6d693365daba7e7c,true,true,true,true,true
H2-v1-RN1-M2,H2-v1,1614979,0xbdc3c22670dd289f732ffccc83cb0cc1036b2389bbd76cb378bae46db03e1ed8,mlb-sf-tex-2026-08-05,Texas Rangers,San Francisco Giants,2026-08-05T18:36:00+00:00,3229913,Texas Rangers,home,1,2026-08-05T18:35:27+00:00,33,BUY,0.59,125.55,74.0745,1,125.55,74.0745,0x8ad070d219ef505212ff33c2ae194224017b6d9341bd2e514c917b20701d06ca,ed213e9c078be8b5f98eff63f7ad9effbd4ae3d07955fc55b7a2c4ea482ccbce,true,true,true,true,true
H2-v1-RN1-M2,H2-v1,1614979,0xbdc3c22670dd289f732ffccc83cb0cc1036b2389bbd76cb378bae46db03e1ed8,mlb-sf-tex-2026-08-05,Texas Rangers,San Francisco Giants,2026-08-05T18:36:00+00:00,3229913,Texas Rangers,home,1,2026-08-05T18:35:36+00:00,24,BUY,0.59,291,171.69,1,291,171.69,0x08ddce798b161207db021e6faa70e17b5e6bbb1af9297e959477b501c7d092f9,a65c18b3018fe2e3bc4d8d970b7ef62981726435a671626f74e5a95bb0250a66,true,true,true,true,true
H2-v1-RN1-M2,H2-v1,1614979,0xbdc3c22670dd289f732ffccc83cb0cc1036b2389bbd76cb378bae46db03e1ed8,mlb-sf-tex-2026-08-05,Texas Rangers,San Francisco Giants,2026-08-05T18:36:00+00:00,3229913,Texas Rangers,home,1,2026-08-05T18:35:38+00:00,22,BUY,0.59,73.17,43.1703,1,73.17,43.1703,0x5704a1b073ec3d87e220c3160536227a355f99640233db9cff67174fcbb68e20,932422eae7584d4340bfca68ba34978f45dc21bfd339639237308aa3a99e4060,true,true,true,true,true
H2-v1-RN1-M2,H2-v1,1614979,0xbdc3c22670dd289f732ffccc83cb0cc1036b2389bbd76cb378bae46db03e1ed8,mlb-sf-tex-2026-08-05,Texas Rangers,San Francisco Giants,2026-08-05T18:36:00+00:00,3229912,San Francisco Giants,away,0,2026-08-05T18:35:41+00:00,19,BUY,0.4,4.916665,1.966666,-1,-4.916665,-1.966666,0xb5e4cbe9407a9264009dec20b8cf3d57479f8e686ba6ba2a22d1e202843ad5b5,1277a13cb3d11645a2ece6ec5e226a1aa3e744174a68491b873f0640e3389efe,true,true,true,true,true
H2-v1-RN1-M2,H2-v1,1614979,0xbdc3c22670dd289f732ffccc83cb0cc1036b2389bbd76cb378bae46db03e1ed8,mlb-sf-tex-2026-08-05,Texas Rangers,San Francisco Giants,2026-08-05T18:36:00+00:00,3229912,San Francisco Giants,away,0,2026-08-05T18:35:50+00:00,10,BUY,0.4,1.666665,0.666666,-1,-1.666665,-0.666666,0x29be82cb8c400bc9cbc8f661b69af314f7281898e0074b342e9186c49a13adf7,1879bf174c53b8304c5c133c6d288433d76197692896a13dad122c71e8c1a0de,true,true,true,true,true
H2-v1-RN1-M2,H2-v1,1614979,0xbdc3c22670dd289f732ffccc83cb0cc1036b2389bbd76cb378bae46db03e1ed8,mlb-sf-tex-2026-08-05,Texas Rangers,San Francisco Giants,2026-08-05T18:36:00+00:00,3229912,San Francisco Giants,away,0,2026-08-05T18:35:54+00:00,6,BUY,0.4,5.983332,2.3933328,-1,-5.983332,-2.3933328,0x177147cb88273bba5b55bd01795adf429a6a0a4867430237855488709d4348d2,15b2c21c2c76c8f84a3dbec99f3ec3e998a4e16d3aab38dfa7b848cacd9e7722,true,true,true,true,true
H2-v1-RN1-M2,H2-v1,1614976,0x34aae0d3ca8f99d1ecee2e60f748f6e39a9447040bcd7db0ef2dbdfa5f9309f6,mlb-tb-col-2026-08-05,Colorado Rockies,Tampa Bay Rays,2026-08-05T19:11:00+00:00,3229906,Tampa Bay Rays,away,0,2026-08-05T19:10:06+00:00,54,BUY,0.58,455,263.9,-1,-455,-263.9,0x5000268e7b79eca12e6a7d5ad90258eb10d6ccd772b670d4c4d94a98a66246d1,040ef6370ffbb7454c0f2dca31e81c841372742bb90dbd319819b43d5d1a1e86,true,true,true,true,true
H2-v1-RN1-M2,H2-v1,1614976,0x34aae0d3ca8f99d1ecee2e60f748f6e39a9447040bcd7db0ef2dbdfa5f9309f6,mlb-tb-col-2026-08-05,Colorado Rockies,Tampa Bay Rays,2026-08-05T19:11:00+00:00,3229906,Tampa Bay Rays,away,0,2026-08-05T19:10:06+00:00,54,BUY,0.58,1520,881.6,-1,-1520,-881.6,0x31bb6ed5d38c11b73cb5d86a8f14239199b220d9289ff0f733a49f9934ebe66f,6c7db1e1532d22da170cf0799d905a855ac260afa41132b3604ce3f3df0db195,true,true,true,true,true
H2-v1-RN1-M2,H2-v1,1614976,0x34aae0d3ca8f99d1ecee2e60f748f6e39a9447040bcd7db0ef2dbdfa5f9309f6,mlb-tb-col-2026-08-05,Colorado Rockies,Tampa Bay Rays,2026-08-05T19:11:00+00:00,3229906,Tampa Bay Rays,away,0,2026-08-05T19:10:06+00:00,54,BUY,0.59,1975,1165.25,-1,-1975,-1165.25,0x89ddced6756b6f3e2558ab13b5f8ed7e126c8be1533a3147065ac2bbde308dce,d429550bedb384b35aef40f29beab85dff097bd8b17ad23911fd84b19e544bec,true,true,true,true,true
H2-v1-RN1-M2,H2-v1,1614976,0x34aae0d3ca8f99d1ecee2e60f748f6e39a9447040bcd7db0ef2dbdfa5f9309f6,mlb-tb-col-2026-08-05,Colorado Rockies,Tampa Bay Rays,2026-08-05T19:11:00+00:00,3229906,Tampa Bay Rays,away,0,2026-08-05T19:10:06+00:00,54,BUY,0.57,1840,1048.8,-1,-1840,-1048.8,0xae60b74e4ad80e4241892754f4e387864e5e30d776a0594fa0f2942c5211a059,f1e43359e8ba14f849c2de513bd8778399003a078fcbbede272e8b6e27088518,true,true,true,true,true
H2-v1-RN1-M2,H2-v1,1614981,0x48cd516b8e121227e822eef65706ac231431ccb2695a61bf5528ec653af43f0b,mlb-laa-bal-2026-08-05,Baltimore Orioles,Los Angeles Angels,2026-08-05T22:36:00+00:00,3229916,Los Angeles Angels,away,0,2026-08-05T22:35:03+00:00,57,BUY,0.43,1371,589.53,-1,-1371,-589.53,0xd92c2e3ffc171b7c422b30148451431bf1e6eabc47f2199b735fbe91411f8873,716736001fa9387eb805c75c848edc72cd3a6dad64f4a63433b3ef3f826566b3,true,true,true,true,true
H2-v1-RN1-M2,H2-v1,1614981,0x48cd516b8e121227e822eef65706ac231431ccb2695a61bf5528ec653af43f0b,mlb-laa-bal-2026-08-05,Baltimore Orioles,Los Angeles Angels,2026-08-05T22:36:00+00:00,3229916,Los Angeles Angels,away,0,2026-08-05T22:35:21+00:00,39,BUY,0.43,21.05263,9.0526309,-1,-21.05263,-9.0526309,0x78892eefe95b09d0949ca20be9b1d5fc6ab02d431ecfb63c4459f3bc67bbf1a6,4e8943ce49b61dfd5313f6805d27dff2bab485efd029544e1b4c98b8f33abf86,true,true,true,true,true
H2-v1-RN1-M2,H2-v1,1614985,0xea15cab9ea12ef28d076215969375a7be059f78c948a34bb5ea38d4ff2d2cb7c,mlb-nym-cle-2026-08-05,Cleveland Guardians,New York Mets,2026-08-05T22:41:42+00:00,3229924,New York Mets,away,0,2026-08-05T22:40:06+00:00,96,BUY,0.49,0.647057,0.31705793,-1,-0.647057,-0.31705793,0x9ce980c75b06062b201183db80394966258915a31bc9aaa9cdcc60474b4390fb,8753ddc079a574f63e6869bbefe869e8594040c6b695c73f2acbfdc12a7e4d06,true,true,true,true,true
H2-v1-RN1-M2,H2-v1,1614985,0xea15cab9ea12ef28d076215969375a7be059f78c948a34bb5ea38d4ff2d2cb7c,mlb-nym-cle-2026-08-05,Cleveland Guardians,New York Mets,2026-08-05T22:41:42+00:00,3229924,New York Mets,away,0,2026-08-05T22:40:11+00:00,91,BUY,0.49,9.80392,4.8039208,-1,-9.80392,-4.8039208,0xddf137a693c5e8cdd829e668fbc570c5b0cc83034f39443137a511132729b346,c7d8757d22d17e16ec064efaf88b116f0d6b08c9d54145bd730cbdb4b9ae7b2c,true,true,true,true,true
H2-v1-RN1-M2,H2-v1,1614985,0xea15cab9ea12ef28d076215969375a7be059f78c948a34bb5ea38d4ff2d2cb7c,mlb-nym-cle-2026-08-05,Cleveland Guardians,New York Mets,2026-08-05T22:41:42+00:00,3229924,New York Mets,away,0,2026-08-05T22:40:20+00:00,82,BUY,0.49,2.235293,1.09529357,-1,-2.235293,-1.09529357,0x3ec9b327c2eb6fcf783295f757184409d9c0906826ebec3890598d9c169dcd6f,62a0c9cb948bb395ff9ae19663dbae2c987f5aabca0ebd955702bed5466c2546,true,true,true,true,true
H2-v1-RN1-M2,H2-v1,1614987,0xb689520c8ea8f583f21327df7d9e45896be56072ea2c3fdf6e75ccdd84b2e5e0,mlb-wsh-phi-2026-08-05,Philadelphia Phillies,Washington Nationals,2026-08-05T23:05:00+00:00,3229928,Washington Nationals,away,0,2026-08-05T22:40:20+00:00,1480,BUY,0.35,7.25,2.5375,-1,-7.25,-2.5375,0x4a4b22281764aa215e1b2a204e36a516b44eddc39fce216052196c95f26cd75f,594fad756ef8d281fb340c21f798c76a8a3a8847c2fb1410be7420635a3108f0,true,true,true,false,false
H2-v1-RN1-M2,H2-v1,1614987,0xb689520c8ea8f583f21327df7d9e45896be56072ea2c3fdf6e75ccdd84b2e5e0,mlb-wsh-phi-2026-08-05,Philadelphia Phillies,Washington Nationals,2026-08-05T23:05:00+00:00,3229928,Washington Nationals,away,0,2026-08-05T22:40:57+00:00,1443,BUY,0.35,23.98,8.393,-1,-23.98,-8.393,0xadf6f205090685be2b681c45872316b665f91009ca8281457775024e9748a5ae,a0d5f8132694ea6597f4d75fcfc449fc8e30592ac573d7bb102b855e2f2facec,true,true,true,false,false
H2-v1-RN1-M2,H2-v1,1614987,0xb689520c8ea8f583f21327df7d9e45896be56072ea2c3fdf6e75ccdd84b2e5e0,mlb-wsh-phi-2026-08-05,Philadelphia Phillies,Washington Nationals,2026-08-05T23:05:00+00:00,3229928,Washington Nationals,away,0,2026-08-05T22:41:00+00:00,1440,BUY,0.35,7.692305,2.69230675,-1,-7.692305,-2.69230675,0xd0455beb20a60c5e7c9d33537e5dbb046819a6089e7b4bb9fb3db3642e06a41c,a9bd9e5dfece1b6011ef2a154b91091f5a269a5af6d58e20c14192065b181e66,true,true,true,false,false
H2-v1-RN1-M2,H2-v1,1614987,0xb689520c8ea8f583f21327df7d9e45896be56072ea2c3fdf6e75ccdd84b2e5e0,mlb-wsh-phi-2026-08-05,Philadelphia Phillies,Washington Nationals,2026-08-05T23:05:00+00:00,3229928,Washington Nationals,away,0,2026-08-05T22:43:26+00:00,1294,BUY,0.35,15.384614,5.3846149,-1,-15.384614,-5.3846149,0xb08388334c5f920531d20bffbfcfcd2ef3731c5f5264c77e7b19edf39cbe6813,c066417ce42d3720df8813a1670aedd51655748ed8286a4e130339b58c720af8,true,true,true,false,false
H2-v1-RN1-M2,H2-v1,1614987,0xb689520c8ea8f583f21327df7d9e45896be56072ea2c3fdf6e75ccdd84b2e5e0,mlb-wsh-phi-2026-08-05,Philadelphia Phillies,Washington Nationals,2026-08-05T23:05:00+00:00,3229928,Washington Nationals,away,0,2026-08-05T22:49:32+00:00,928,BUY,0.35,3.815382,1.3353837,-1,-3.815382,-1.3353837,0xb63a3cb9c2faafee8918ac9abb62a4d799770293c4af5c3069ff9604c34e81df,9bc00db55691ca14c75212b8952ecd6dc6ca60a4741351d3b74908ab591a8ad0,true,true,true,false,false
H2-v1-RN1-M2,H2-v1,1614987,0xb689520c8ea8f583f21327df7d9e45896be56072ea2c3fdf6e75ccdd84b2e5e0,mlb-wsh-phi-2026-08-05,Philadelphia Phillies,Washington Nationals,2026-08-05T23:05:00+00:00,3229928,Washington Nationals,away,0,2026-08-05T22:49:48+00:00,912,BUY,0.35,57.01,19.9535,-1,-57.01,-19.9535,0x20d3da0bbd5df8febecf03cb7dd5059f05bef71ff4f6981368ba1923168e77ff,da2a801ff8d7d2a1363c82784b05cc3a713a09fb6c2f11b4f2022ae3c6a16fbd,true,true,true,false,false
H2-v1-RN1-M2,H2-v1,1614992,0x71cc5dd0766e0306f331cb61a56419ca1aa24e65c9a5b3abdd79172aa1123a9e,mlb-cws-bos-2026-08-05,Boston Red Sox,Chicago White Sox,2026-08-05T23:11:00+00:00,3229938,Chicago White Sox,away,0,2026-08-05T23:10:03+00:00,57,BUY,0.42,1990,835.8,-1,-1990,-835.8,0xc1b3850a426d9528b2938cb7b5172453992976cb8c9de4104f50fda4f48e5cdb,66366205de78470ab722541a7ad1eafbc3e9cd0c90d396332d9d435b88fca114,true,true,true,true,true
H2-v1-RN1-M2,H2-v1,1614991,0x10a3732cba02a69e466314f3a114684571613c1b4f36c3f3b7e9681ef5e87196,mlb-mia-atl-2026-08-05,Atlanta Braves,Miami Marlins,2026-08-05T23:16:00+00:00,3229937,Atlanta Braves,home,1,2026-08-05T23:15:09+00:00,51,BUY,0.54,3.739129,2.01912966,1,3.739129,2.01912966,0x6eec946e8f9965357b52e65edbab21a11c9e865a46914624869bb761c92c1026,ec8915a1fe10e1fe8de2e8c1929bed64d1052cb4a455d35be4a6d65473054d96,true,true,true,true,true
H2-v1-RN1-M2,H2-v1,1614991,0x10a3732cba02a69e466314f3a114684571613c1b4f36c3f3b7e9681ef5e87196,mlb-mia-atl-2026-08-05,Atlanta Braves,Miami Marlins,2026-08-05T23:16:00+00:00,3229936,Miami Marlins,away,0,2026-08-05T23:15:53+00:00,7,BUY,0.45,3.636362,1.6363629,-1,-3.636362,-1.6363629,0xf93f91abe4ca022d1ece98988f3d09655aa994b7527f24e2a9c0fd80eebd8400,27cd82bced8af5baf55c821c6b9c657f3dbf78f3b4e4bf74c73a799efe56ea4c,true,true,true,true,true
H2-v1-RN1-M2,H2-v1,1614997,0xeb6b5b543f3b93fc99f0913e144b55d57e7fa24f9594489b519b6c3487d4189c,mlb-pit-mil-2026-08-05,Milwaukee Brewers,Pittsburgh Pirates,2026-08-05T23:40:54+00:00,3229948,Pittsburgh Pirates,away,0,2026-08-04T17:09:11+00:00,109903,BUY,0.47,98,46.06,-1,-98,-46.06,0x10c7aa81d8e305f2123f06d9c78e8fa822de061a7d38646c6417b25a677d7b51,29f761db28ce682b84a20e408316ad158fc002a178fa116354d8fdf4b02966d3,false,false,false,false,false
H2-v1-RN1-M2,H2-v1,1614997,0xeb6b5b543f3b93fc99f0913e144b55d57e7fa24f9594489b519b6c3487d4189c,mlb-pit-mil-2026-08-05,Milwaukee Brewers,Pittsburgh Pirates,2026-08-05T23:40:54+00:00,3229948,Pittsburgh Pirates,away,0,2026-08-04T17:09:11+00:00,109903,BUY,0.47,98,46.06,-1,-98,-46.06,0x713e6105b49c5282dacc8656ab60d14483e928dabe0f31de0a237c8f60276caf,a31bf0fcbaa2c5b4e2309f99f41f9f20aba3a38c573d60ba689f14fce7acb275,false,false,false,false,false
H2-v1-RN1-M2,H2-v1,1614997,0xeb6b5b543f3b93fc99f0913e144b55d57e7fa24f9594489b519b6c3487d4189c,mlb-pit-mil-2026-08-05,Milwaukee Brewers,Pittsburgh Pirates,2026-08-05T23:40:54+00:00,3229948,Pittsburgh Pirates,away,0,2026-08-04T17:09:12+00:00,109902,BUY,0.47,98,46.06,-1,-98,-46.06,0x0703163aa7fc77b268ae3c181bbe160d104637b75b3c09d4b80c7bc5068d1757,9da495692bc62ce10b36454aea0561dd537bc57e800670ed8b254b57a247568b,false,false,false,false,false
H2-v1-RN1-M2,H2-v1,1614997,0xeb6b5b543f3b93fc99f0913e144b55d57e7fa24f9594489b519b6c3487d4189c,mlb-pit-mil-2026-08-05,Milwaukee Brewers,Pittsburgh Pirates,2026-08-05T23:40:54+00:00,3229948,Pittsburgh Pirates,away,0,2026-08-04T17:09:35+00:00,109879,BUY,0.47,98,46.06,-1,-98,-46.06,0xc06580da0cd393993503e14de20e79a15d9c6a92e3451a0b2a6b0f513050f0c5,3a12fa0459eeb74b032befabac3f3004ad85c803d5a180bf154a379c1dc02bd0,false,false,false,false,false
H2-v1-RN1-M2,H2-v1,1614997,0xeb6b5b543f3b93fc99f0913e144b55d57e7fa24f9594489b519b6c3487d4189c,mlb-pit-mil-2026-08-05,Milwaukee Brewers,Pittsburgh Pirates,2026-08-05T23:40:54+00:00,3229948,Pittsburgh Pirates,away,0,2026-08-04T17:09:36+00:00,109878,BUY,0.47,98,46.06,-1,-98,-46.06,0x530871e807ea96e47152d730715ae64907d4b09e8f0b7893074a515390b086f4,ec66bd9defa988c9da9e206b07f995f063fe996c5a7657e4f7fa4755690cde2c,false,false,false,false,false
H2-v1-RN1-M2,H2-v1,1614997,0xeb6b5b543f3b93fc99f0913e144b55d57e7fa24f9594489b519b6c3487d4189c,mlb-pit-mil-2026-08-05,Milwaukee Brewers,Pittsburgh Pirates,2026-08-05T23:40:54+00:00,3229948,Pittsburgh Pirates,away,0,2026-08-04T17:10:15+00:00,109839,BUY,0.47,98,46.06,-1,-98,-46.06,0x758813e6873529aecbab05e51f292bb08ca397f1385667f2887825576e4582ec,384f82457d78e5b0612d53f54ac98bfe96ee0cc30a035abbebeb7af1ae792f23,false,false,false,false,false
H2-v1-RN1-M2,H2-v1,1614997,0xeb6b5b543f3b93fc99f0913e144b55d57e7fa24f9594489b519b6c3487d4189c,mlb-pit-mil-2026-08-05,Milwaukee Brewers,Pittsburgh Pirates,2026-08-05T23:40:54+00:00,3229948,Pittsburgh Pirates,away,0,2026-08-04T17:10:17+00:00,109837,BUY,0.47,98,46.06,-1,-98,-46.06,0x978ceeb1b6d634f4d89701a8f78266acfd84e4b31d678ef67d56cd697afe051c,14ca091b692aa3598b4e3bf38b5597d1a7b647c470db84b16e1b174a4b7d5c90,false,false,false,false,false
H2-v1-RN1-M2,H2-v1,1614997,0xeb6b5b543f3b93fc99f0913e144b55d57e7fa24f9594489b519b6c3487d4189c,mlb-pit-mil-2026-08-05,Milwaukee Brewers,Pittsburgh Pirates,2026-08-05T23:40:54+00:00,3229948,Pittsburgh Pirates,away,0,2026-08-04T17:10:17+00:00,109837,BUY,0.47,98,46.06,-1,-98,-46.06,0x621fe8d285289d54f7fac16c74dcb197e467f3da99229f3d3dc132b25a9e6ab6,64316d9b8911b146564bc47ef2fb458f2f447a78f6d4a770473d73819c5d8442,false,false,false,false,false
H2-v1-RN1-M2,H2-v1,1614997,0xeb6b5b543f3b93fc99f0913e144b55d57e7fa24f9594489b519b6c3487d4189c,mlb-pit-mil-2026-08-05,Milwaukee Brewers,Pittsburgh Pirates,2026-08-05T23:40:54+00:00,3229948,Pittsburgh Pirates,away,0,2026-08-04T17:10:18+00:00,109836,BUY,0.47,98,46.06,-1,-98,-46.06,0xb85f30d1a92bd574d4dd653dd16d74bb9c45929065855998bb516d2eb1095b77,4c46f4aef5a103b38f8a5c4058f08fe02c1e8298a34d9401b201861d8648517c,false,false,false,false,false
H2-v1-RN1-M2,H2-v1,1614997,0xeb6b5b543f3b93fc99f0913e144b55d57e7fa24f9594489b519b6c3487d4189c,mlb-pit-mil-2026-08-05,Milwaukee Brewers,Pittsburgh Pirates,2026-08-05T23:40:54+00:00,3229948,Pittsburgh Pirates,away,0,2026-08-04T17:10:20+00:00,109834,BUY,0.47,98,46.06,-1,-98,-46.06,0x8941676bff313d1042de3d3829eee499445e01a629efb2d1737f9dbbf177a200,1395f6d804e1650c54c2ca28c3a7e0de7412e132365e24b39093d0d4b7c1f8d6,false,false,false,false,false
H2-v1-RN1-M2,H2-v1,1614997,0xeb6b5b543f3b93fc99f0913e144b55d57e7fa24f9594489b519b6c3487d4189c,mlb-pit-mil-2026-08-05,Milwaukee Brewers,Pittsburgh Pirates,2026-08-05T23:40:54+00:00,3229948,Pittsburgh Pirates,away,0,2026-08-04T17:10:21+00:00,109833,BUY,0.47,98,46.06,-1,-98,-46.06,0x471076cfcaa78684369671dbdc6d14ca862ee42ef0ab73fe4e067c0f7e217a1d,31458197b13696b718487923e0907a104fb436f1bd0c838021dadbb2d7befc2e,false,false,false,false,false
H2-v1-RN1-M2,H2-v1,1614997,0xeb6b5b543f3b93fc99f0913e144b55d57e7fa24f9594489b519b6c3487d4189c,mlb-pit-mil-2026-08-05,Milwaukee Brewers,Pittsburgh Pirates,2026-08-05T23:40:54+00:00,3229948,Pittsburgh Pirates,away,0,2026-08-04T17:10:21+00:00,109833,BUY,0.47,98,46.06,-1,-98,-46.06,0x4b7b44fc18ee628a98f65a405d6249f3b012740ad4f420af3adad842d1be612f,db160c024d3d29ad32adf7c3ac13468d43325d024276302df90c862b277f3477,false,false,false,false,false
H2-v1-RN1-M2,H2-v1,1614997,0xeb6b5b543f3b93fc99f0913e144b55d57e7fa24f9594489b519b6c3487d4189c,mlb-pit-mil-2026-08-05,Milwaukee Brewers,Pittsburgh Pirates,2026-08-05T23:40:54+00:00,3229948,Pittsburgh Pirates,away,0,2026-08-04T17:10:24+00:00,109830,BUY,0.47,98,46.06,-1,-98,-46.06,0xce33317fce74558a777b3c550789084d4363463817b92f01326922c34718987f,10c04c36dfac2dbb5d32ec2af1e29737cc3479168e194337ec54829d233eca72,false,false,false,false,false
H2-v1-RN1-M2,H2-v1,1614997,0xeb6b5b543f3b93fc99f0913e144b55d57e7fa24f9594489b519b6c3487d4189c,mlb-pit-mil-2026-08-05,Milwaukee Brewers,Pittsburgh Pirates,2026-08-05T23:40:54+00:00,3229948,Pittsburgh Pirates,away,0,2026-08-04T17:10:24+00:00,109830,BUY,0.47,98,46.06,-1,-98,-46.06,0x96121ad5fe8fbcacea8d1f67c370b71503c84e6bb7b446520a8a8d21e2049802,ad8d6fb6250fcfbc6c9048be0da4c1a57830618cc88baddf3b1bf59c8986234c,false,false,false,false,false
H2-v1-RN1-M2,H2-v1,1614997,0xeb6b5b543f3b93fc99f0913e144b55d57e7fa24f9594489b519b6c3487d4189c,mlb-pit-mil-2026-08-05,Milwaukee Brewers,Pittsburgh Pirates,2026-08-05T23:40:54+00:00,3229948,Pittsburgh Pirates,away,0,2026-08-04T17:10:24+00:00,109830,BUY,0.47,98,46.06,-1,-98,-46.06,0xfb2786c881cd3c20ac41b0d8123e1f91e8b57e4bc405b3a963c75405af5d67e6,eeed519693999e13fea4c1f8100379e345ef9d1f36d0fecf96d74db70b106941,false,false,false,false,false
H2-v1-RN1-M2,H2-v1,1614997,0xeb6b5b543f3b93fc99f0913e144b55d57e7fa24f9594489b519b6c3487d4189c,mlb-pit-mil-2026-08-05,Milwaukee Brewers,Pittsburgh Pirates,2026-08-05T23:40:54+00:00,3229948,Pittsburgh Pirates,away,0,2026-08-04T17:10:26+00:00,109828,BUY,0.47,98,46.06,-1,-98,-46.06,0x1ae7a25b60152565c737459eed8b2bd923413f0805ef85bc184e75f35f340502,c2affe03f9ee32234a23fc3f269f9aebd027374ab21d8c1cc8cdced57418d510,false,false,false,false,false
H2-v1-RN1-M2,H2-v1,1614997,0xeb6b5b543f3b93fc99f0913e144b55d57e7fa24f9594489b519b6c3487d4189c,mlb-pit-mil-2026-08-05,Milwaukee Brewers,Pittsburgh Pirates,2026-08-05T23:40:54+00:00,3229948,Pittsburgh Pirates,away,0,2026-08-04T17:11:36+00:00,109758,BUY,0.47,98,46.06,-1,-98,-46.06,0x9db162e2ef8e62c92b9e8adaf9c044a8a6093716d978fce13f6713dff10c3984,59d736b21adaca156f78a0d5e93983b39ebb118685bfcbbacae70f994b84c8c5,false,false,false,false,false
H2-v1-RN1-M2,H2-v1,1614997,0xeb6b5b543f3b93fc99f0913e144b55d57e7fa24f9594489b519b6c3487d4189c,mlb-pit-mil-2026-08-05,Milwaukee Brewers,Pittsburgh Pirates,2026-08-05T23:40:54+00:00,3229948,Pittsburgh Pirates,away,0,2026-08-04T17:11:38+00:00,109756,BUY,0.47,98,46.06,-1,-98,-46.06,0x46550b8f20db5667724f13d766fd9ae0f6889a74fa783c2feb534b8a2bae5af0,0f8e981052855dc5150854341dcb09f3a2a4af9e3686414446616e1200e43cc4,false,false,false,false,false
H2-v1-RN1-M2,H2-v1,1614997,0xeb6b5b543f3b93fc99f0913e144b55d57e7fa24f9594489b519b6c3487d4189c,mlb-pit-mil-2026-08-05,Milwaukee Brewers,Pittsburgh Pirates,2026-08-05T23:40:54+00:00,3229948,Pittsburgh Pirates,away,0,2026-08-04T17:11:38+00:00,109756,BUY,0.47,98,46.06,-1,-98,-46.06,0x8c4236af3d153f5190f7aec4674d6a7518925cf9c822b2fe6aa5c6f873ab92e5,33accaf536a056eb32f28f99147c7bc308101f4cd70010ba6bf7f50c51005a76,false,false,false,false,false
H2-v1-RN1-M2,H2-v1,1614997,0xeb6b5b543f3b93fc99f0913e144b55d57e7fa24f9594489b519b6c3487d4189c,mlb-pit-mil-2026-08-05,Milwaukee Brewers,Pittsburgh Pirates,2026-08-05T23:40:54+00:00,3229948,Pittsburgh Pirates,away,0,2026-08-04T17:11:39+00:00,109755,BUY,0.47,98,46.06,-1,-98,-46.06,0xf4fb6cf4d0cb69f726daa0e06c2ef190318ea256bd69923d24203fe46ca9e180,c7e923fa44e51048cfa6c73062e37fca23e1d842b70188bdc948772f06c87ed1,false,false,false,false,false
H2-v1-RN1-M2,H2-v1,1614997,0xeb6b5b543f3b93fc99f0913e144b55d57e7fa24f9594489b519b6c3487d4189c,mlb-pit-mil-2026-08-05,Milwaukee Brewers,Pittsburgh Pirates,2026-08-05T23:40:54+00:00,3229948,Pittsburgh Pirates,away,0,2026-08-04T17:11:39+00:00,109755,BUY,0.47,98,46.06,-1,-98,-46.06,0xb07cf735385138f63673fcc0011139293c2c7880e4d00955561174fe0aa0a2a0,cd915811b3f48ff24a1011ed2921f7205514f7cccb1f72d6b9de5e2529e32848,false,false,false,false,false
H2-v1-RN1-M2,H2-v1,1614997,0xeb6b5b543f3b93fc99f0913e144b55d57e7fa24f9594489b519b6c3487d4189c,mlb-pit-mil-2026-08-05,Milwaukee Brewers,Pittsburgh Pirates,2026-08-05T23:40:54+00:00,3229948,Pittsburgh Pirates,away,0,2026-08-04T17:11:41+00:00,109753,BUY,0.47,98,46.06,-1,-98,-46.06,0x4b0db4544bf606435f8d5322a26c232f3ac3cb0af0696318cb2ad96f4bd2bd84,2f1367091ec278e4f3ab6351a7742154d1a0c88cdfae490795df02e39f9fa752,false,false,false,false,false
H2-v1-RN1-M2,H2-v1,1614997,0xeb6b5b543f3b93fc99f0913e144b55d57e7fa24f9594489b519b6c3487d4189c,mlb-pit-mil-2026-08-05,Milwaukee Brewers,Pittsburgh Pirates,2026-08-05T23:40:54+00:00,3229948,Pittsburgh Pirates,away,0,2026-08-04T17:11:41+00:00,109753,BUY,0.47,98,46.06,-1,-98,-46.06,0x5f341a8757086397410e7fa29d294ffc35783118cfc80590680ef684d3ae1b53,96df307ca5f4bf3ed8f22c57c357ad2087324213b9939922649ec934c053760c,false,false,false,false,false
H2-v1-RN1-M2,H2-v1,1614997,0xeb6b5b543f3b93fc99f0913e144b55d57e7fa24f9594489b519b6c3487d4189c,mlb-pit-mil-2026-08-05,Milwaukee Brewers,Pittsburgh Pirates,2026-08-05T23:40:54+00:00,3229948,Pittsburgh Pirates,away,0,2026-08-04T17:11:42+00:00,109752,BUY,0.47,98,46.06,-1,-98,-46.06,0x3a0d0868b0ee90a60ddfa8bc7738a0e0bb77c236fdf31573045d428b9aaf98c0,6a96881b96bd2770b40bc8f8b7773d251ec0e40f7d7b61634c4a464508c08e15,false,false,false,false,false
H2-v1-RN1-M2,H2-v1,1614997,0xeb6b5b543f3b93fc99f0913e144b55d57e7fa24f9594489b519b6c3487d4189c,mlb-pit-mil-2026-08-05,Milwaukee Brewers,Pittsburgh Pirates,2026-08-05T23:40:54+00:00,3229948,Pittsburgh Pirates,away,0,2026-08-04T17:11:42+00:00,109752,BUY,0.47,98,46.06,-1,-98,-46.06,0xa0a3b5406b413234542ec79524046cac2086aad3971af8466fed778bdeaaa602,7c49ff3e1edb1e0ecdd24365fe06d0a9e5f2870a3f547da4da77d7429635ffcb,false,false,false,false,false
H2-v1-RN1-M2,H2-v1,1614997,0xeb6b5b543f3b93fc99f0913e144b55d57e7fa24f9594489b519b6c3487d4189c,mlb-pit-mil-2026-08-05,Milwaukee Brewers,Pittsburgh Pirates,2026-08-05T23:40:54+00:00,3229948,Pittsburgh Pirates,away,0,2026-08-04T17:11:42+00:00,109752,BUY,0.47,98,46.06,-1,-98,-46.06,0x57bf942ba879af6f3d234358ebdac28483db1eac1001bb9fe0ee9568af9fdff2,e8470cddcaeb40db22d810779a841a29180f9bee6b1a311506a6f5ac63d150f8,false,false,false,false,false
H2-v1-RN1-M2,H2-v1,1614997,0xeb6b5b543f3b93fc99f0913e144b55d57e7fa24f9594489b519b6c3487d4189c,mlb-pit-mil-2026-08-05,Milwaukee Brewers,Pittsburgh Pirates,2026-08-05T23:40:54+00:00,3229948,Pittsburgh Pirates,away,0,2026-08-04T17:11:44+00:00,109750,BUY,0.47,98,46.06,-1,-98,-46.06,0x73b05f4dba7c5f61251293e67feede66253f01ee631b2fd4dad632cff6bc782c,a600184e2bc4a18d1686079852a2836d5f74cfd9a118cc5061543f471d278717,false,false,false,false,false
H2-v1-RN1-M2,H2-v1,1614997,0xeb6b5b543f3b93fc99f0913e144b55d57e7fa24f9594489b519b6c3487d4189c,mlb-pit-mil-2026-08-05,Milwaukee Brewers,Pittsburgh Pirates,2026-08-05T23:40:54+00:00,3229948,Pittsburgh Pirates,away,0,2026-08-04T17:11:45+00:00,109749,BUY,0.47,98,46.06,-1,-98,-46.06,0x08d981bc6d2b09ef09cff688c40792fc018a0c30e96faf14f7cefcea368476b5,2c84f6b5650dfd86ba950586563f2d8c7150f9ec50443ab0c0aaba38f47eea29,false,false,false,false,false
H2-v1-RN1-M2,H2-v1,1614997,0xeb6b5b543f3b93fc99f0913e144b55d57e7fa24f9594489b519b6c3487d4189c,mlb-pit-mil-2026-08-05,Milwaukee Brewers,Pittsburgh Pirates,2026-08-05T23:40:54+00:00,3229948,Pittsburgh Pirates,away,0,2026-08-04T17:11:45+00:00,109749,BUY,0.47,98,46.06,-1,-98,-46.06,0xa148d0b763e8979db833d31acbf0c0ac318c9371438f7251d748a5826b4f3aa0,aa365e2a57a92a1cab8b6fa01501155661b982c0599f41ce9a9ee4a572fda539,false,false,false,false,false
H2-v1-RN1-M2,H2-v1,1614997,0xeb6b5b543f3b93fc99f0913e144b55d57e7fa24f9594489b519b6c3487d4189c,mlb-pit-mil-2026-08-05,Milwaukee Brewers,Pittsburgh Pirates,2026-08-05T23:40:54+00:00,3229948,Pittsburgh Pirates,away,0,2026-08-04T17:11:45+00:00,109749,BUY,0.47,98,46.06,-1,-98,-46.06,0xd6d030169eaa769ce050b2d94131fd1263b61e8f6283ed8801a6159b41ef5974,e7ce9754da0c39649313b563b44770f4d69c09f04fe42ada8f24bd63d69aecbd,false,false,false,false,false
H2-v1-RN1-M2,H2-v1,1614997,0xeb6b5b543f3b93fc99f0913e144b55d57e7fa24f9594489b519b6c3487d4189c,mlb-pit-mil-2026-08-05,Milwaukee Brewers,Pittsburgh Pirates,2026-08-05T23:40:54+00:00,3229948,Pittsburgh Pirates,away,0,2026-08-04T17:11:47+00:00,109747,BUY,0.47,98,46.06,-1,-98,-46.06,0x84d59635172b5044e06cb192ee451800a74b8713cc003a9fe7cd2bb6d8ebd19b,4ff16e04c9dc0581674c49ebc5729fa76b8cd36c84d05bffd6e90aa92bf67977,false,false,false,false,false
H2-v1-RN1-M2,H2-v1,1614997,0xeb6b5b543f3b93fc99f0913e144b55d57e7fa24f9594489b519b6c3487d4189c,mlb-pit-mil-2026-08-05,Milwaukee Brewers,Pittsburgh Pirates,2026-08-05T23:40:54+00:00,3229948,Pittsburgh Pirates,away,0,2026-08-04T17:11:47+00:00,109747,BUY,0.47,98,46.06,-1,-98,-46.06,0x33e037039b350947a392d5244bf62ac81eef36384bae9f81460011cef3037bc7,80001b72ddea91037ab3331f6566d046b63ed90dfe6835ba79d5af26aa7c9031,false,false,false,false,false
H2-v1-RN1-M2,H2-v1,1614997,0xeb6b5b543f3b93fc99f0913e144b55d57e7fa24f9594489b519b6c3487d4189c,mlb-pit-mil-2026-08-05,Milwaukee Brewers,Pittsburgh Pirates,2026-08-05T23:40:54+00:00,3229949,Milwaukee Brewers,home,1,2026-08-04T17:20:48+00:00,109206,BUY,0.48,2009.53,964.5744,1,2009.53,964.5744,0xe942a1ce30928d9fba6a4de3cf9d55bbfb553bb521550385eea4297698e6a754,9451cfb0cdd5d5969d5b857ce1cd77d5a5a65c906c40045ed63abf8f57b1f41f,false,false,false,false,false
H2-v1-RN1-M2,H2-v1,1614997,0xeb6b5b543f3b93fc99f0913e144b55d57e7fa24f9594489b519b6c3487d4189c,mlb-pit-mil-2026-08-05,Milwaukee Brewers,Pittsburgh Pirates,2026-08-05T23:40:54+00:00,3229948,Pittsburgh Pirates,away,0,2026-08-05T23:40:06+00:00,48,BUY,0.44,318,139.92,-1,-318,-139.92,0x726001d36e43fcfeb99729619e5e3e2ab1791fd0159b315354bc315573b0e8f5,c53bf84be947b16c631a374cd45beb1254ba17a4f7b0c65ae619633b70c64441,true,true,true,true,true
H2-v1-RN1-M2,H2-v1,1614988,0xfa7715db801d85d5f0909d56c4cf912b3412d5b4f043880f042293a3f29e3b3c,mlb-stl-nyy-2026-08-05,New York Yankees,St. Louis Cardinals,2026-08-06T00:15:00+00:00,3229930,St. Louis Cardinals,away,0,2026-08-05T23:05:05+00:00,4195,BUY,0.41,1098.54,450.4014,-1,-1098.54,-450.4014,0x0254b3d991e13e7c56d1d55d3f3ed0ba8a8d5540ff6ee981eb05286cbd61309b,934d76d3564c98ea78503c67d4564d4be1a64109b21d1492eee4967eae8b5de6,true,false,false,false,false
H2-v1-RN1-M2,H2-v1,1614988,0xfa7715db801d85d5f0909d56c4cf912b3412d5b4f043880f042293a3f29e3b3c,mlb-stl-nyy-2026-08-05,New York Yankees,St. Louis Cardinals,2026-08-06T00:15:00+00:00,3229931,New York Yankees,home,1,2026-08-05T23:05:33+00:00,4167,BUY,0.58,2.380951,1.38095158,1,2.380951,1.38095158,0xbffd2488c15f3b4273c252019e0caa1250fd4a491b52e4d41a8e4f9f854258e4,cde9c7de07d745363adc01020df7ed3182c7e13dc6f69b4031ab74f611ffc5b6,true,false,false,false,false
H2-v1-RN1-M2,H2-v1,1614988,0xfa7715db801d85d5f0909d56c4cf912b3412d5b4f043880f042293a3f29e3b3c,mlb-stl-nyy-2026-08-05,New York Yankees,St. Louis Cardinals,2026-08-06T00:15:00+00:00,3229930,St. Louis Cardinals,away,0,2026-08-05T23:05:35+00:00,4165,BUY,0.41,1.694914,0.69491474,-1,-1.694914,-0.69491474,0x08c4c5859450df0e75b815614a02ab70f300392ac6039815e7f26883d4a5d8c2,211f72e24cd602bda7c1f67cdd7d7f50b0c2f07c43a0e15f4b0bfc23609bcc68,true,false,false,false,false
H2-v1-RN1-M2,H2-v1,1614988,0xfa7715db801d85d5f0909d56c4cf912b3412d5b4f043880f042293a3f29e3b3c,mlb-stl-nyy-2026-08-05,New York Yankees,St. Louis Cardinals,2026-08-06T00:15:00+00:00,3229931,New York Yankees,home,1,2026-08-05T23:06:33+00:00,4107,BUY,0.58,232.90476,135.0847608,1,232.90476,135.0847608,0xb94bc806d254ff7dcc0fbabeee56be897535d4f23986a7b57ea9beafc33ff79c,3531ecf1c70e066bd1590168a8112e9f0457841131768ba6e59de19a60a1d979,true,false,false,false,false
H2-v1-RN1-M2,H2-v1,1614988,0xfa7715db801d85d5f0909d56c4cf912b3412d5b4f043880f042293a3f29e3b3c,mlb-stl-nyy-2026-08-05,New York Yankees,St. Louis Cardinals,2026-08-06T00:15:00+00:00,3229931,New York Yankees,home,1,2026-08-05T23:08:48+00:00,3972,BUY,0.58,7.26,4.2108,1,7.26,4.2108,0xfaab54cc480f430460de5fe35ab0589f8a42d6312a1ac8f24fef359f821d5262,0ac4b1ec7def9755d5b564b6ad92a478ffef1a3a039ce4336f26c0728731e4e8,true,false,false,false,false
H2-v1-RN1-M2,H2-v1,1614988,0xfa7715db801d85d5f0909d56c4cf912b3412d5b4f043880f042293a3f29e3b3c,mlb-stl-nyy-2026-08-05,New York Yankees,St. Louis Cardinals,2026-08-06T00:15:00+00:00,3229931,New York Yankees,home,1,2026-08-05T23:10:42+00:00,3858,BUY,0.58,14.87,8.6246,1,14.87,8.6246,0xe3da0624695d03971836f93326dff12ac0cefc2745a2fcb4c3e5b856fde709e3,db19cacebcb1d87a7d761d2ead9d32c03d6f6dd1bd0b83405c52c45537866cba,true,false,false,false,false
H2-v1-RN1-M2,H2-v1,1614988,0xfa7715db801d85d5f0909d56c4cf912b3412d5b4f043880f042293a3f29e3b3c,mlb-stl-nyy-2026-08-05,New York Yankees,St. Louis Cardinals,2026-08-06T00:15:00+00:00,3229931,New York Yankees,home,1,2026-08-05T23:18:35+00:00,3385,BUY,0.58,21.047618,12.20761844,1,21.047618,12.20761844,0x3e1458325b7be22c361b7ac91e720c9a214598609c3e292843263591b48e79dd,235a58de6fd0251aa7a0990506ec54b4ef3188da00547f66c4c040881a3a5adc,true,true,false,false,false
H2-v1-RN1-M2,H2-v1,1614988,0xfa7715db801d85d5f0909d56c4cf912b3412d5b4f043880f042293a3f29e3b3c,mlb-stl-nyy-2026-08-05,New York Yankees,St. Louis Cardinals,2026-08-06T00:15:00+00:00,3229931,New York Yankees,home,1,2026-08-05T23:32:27+00:00,2553,BUY,0.58,46.5,26.97,1,46.5,26.97,0xb62d0f7956b77a77a4738b20ca85c9f4979e498046c02c2ba91ddb175d1dd7ce,f1532a2df0c89da9e844a456149c155e90cc982f00ed3fb2ad1a631aa559a472,true,true,false,false,false
H2-v1-RN1-M2,H2-v1,1614988,0xfa7715db801d85d5f0909d56c4cf912b3412d5b4f043880f042293a3f29e3b3c,mlb-stl-nyy-2026-08-05,New York Yankees,St. Louis Cardinals,2026-08-06T00:15:00+00:00,3229931,New York Yankees,home,1,2026-08-06T00:14:53+00:00,7,BUY,0.57,3450,1966.5,1,3450,1966.5,0x70e63a1cb7f8f97a4d61eb469084daee33119bef28e0845c05456e146265a32c,873a94d71c5f6a033f1c7a7d23165615479e723fda0d295709febbb4152973ea,true,true,true,true,true
H2-v1-RN1-M2,H2-v1,1614988,0xfa7715db801d85d5f0909d56c4cf912b3412d5b4f043880f042293a3f29e3b3c,mlb-stl-nyy-2026-08-05,New York Yankees,St. Louis Cardinals,2026-08-06T00:15:00+00:00,3229931,New York Yankees,home,1,2026-08-06T00:14:57+00:00,3,BUY,0.57,930,530.1,1,930,530.1,0x4d2c1385b2c26e8164f3ed8d6092a14d35042d0b98fe5be8f51d73a4d6bb44c6,8a5a89f4263d3871ba13b2ae0b3b7b9bbea91ebedf5d11fdde6b235c729ab1c5,true,true,true,true,true
H2-v1-RN1-M2,H2-v1,1673754,0xa4a9f26fc604721f0c499604ea9b0c5423966d4abf19db6e0e5146eb9d2b810a,mlb-laa-bal-2026-08-06,Baltimore Orioles,Los Angeles Angels,2026-08-06T16:36:00+00:00,3347254,Baltimore Orioles,home,1,2026-08-05T12:14:14+00:00,102106,BUY,0.59,3.243901,1.91390159,1,3.243901,1.91390159,0x9671bb2fd579c0dcf9483537b90b254b87e54acd3ac7098dc0086393f98cbee8,f662626bf48cf8fd674e52be40a9f4a3e3d793ac01ca86e0c1412bf35a7c9d68,false,false,false,false,false
H2-v1-RN1-M2,H2-v1,1673754,0xa4a9f26fc604721f0c499604ea9b0c5423966d4abf19db6e0e5146eb9d2b810a,mlb-laa-bal-2026-08-06,Baltimore Orioles,Los Angeles Angels,2026-08-06T16:36:00+00:00,3347254,Baltimore Orioles,home,1,2026-08-05T14:36:14+00:00,93586,BUY,0.59,4.317072,2.54707248,1,4.317072,2.54707248,0x8a4cb283e5b5ef175dae5afe20a57e6d52b9a8127bfa08b3608e47dc5940634d,823aa853fb0254dff6b1d54bf9828d77e2e1a38fd6dead637cd061abf47c2d6b,false,false,false,false,false
H2-v1-RN1-M2,H2-v1,1673754,0xa4a9f26fc604721f0c499604ea9b0c5423966d4abf19db6e0e5146eb9d2b810a,mlb-laa-bal-2026-08-06,Baltimore Orioles,Los Angeles Angels,2026-08-06T16:36:00+00:00,3347254,Baltimore Orioles,home,1,2026-08-05T15:39:15+00:00,89805,BUY,0.59,2.707316,1.59731644,1,2.707316,1.59731644,0xb4d738c0d1693bcc69dea07f62565eb03ef5efaae4c1c30436638b59c1670184,d95b3ae4257f16e472ef50e851b12b1ea425472b7a1be5e17c00140d67211135,false,false,false,false,false
H2-v1-RN1-M2,H2-v1,1673754,0xa4a9f26fc604721f0c499604ea9b0c5423966d4abf19db6e0e5146eb9d2b810a,mlb-laa-bal-2026-08-06,Baltimore Orioles,Los Angeles Angels,2026-08-06T16:36:00+00:00,3347254,Baltimore Orioles,home,1,2026-08-06T16:35:09+00:00,51,BUY,0.65,200,130,1,200,130,0x1c48b044b60ddb1f946e10bb0f766168841305876bc592cd1ff06d28a63fbafa,47c0b4a755cc4ec0d91bd520f4e1c34c339659dfb0671d0306591cfd153d742f,true,true,true,true,true
H2-v1-RN1-M2,H2-v1,1673754,0xa4a9f26fc604721f0c499604ea9b0c5423966d4abf19db6e0e5146eb9d2b810a,mlb-laa-bal-2026-08-06,Baltimore Orioles,Los Angeles Angels,2026-08-06T16:36:00+00:00,3347253,Los Angeles Angels,away,0,2026-08-06T16:35:15+00:00,45,BUY,0.34,7.575755,2.5757567,-1,-7.575755,-2.5757567,0xc98b061afb088c9c1d5d4783b3812fe07a2d475402cafa4a350377525edfb08a,277dfe29621afc0eae6b90e9b5244bd1369204d359fa498b1a402549d07f864f,true,true,true,true,true
H2-v1-RN1-M2,H2-v1,1673754,0xa4a9f26fc604721f0c499604ea9b0c5423966d4abf19db6e0e5146eb9d2b810a,mlb-laa-bal-2026-08-06,Baltimore Orioles,Los Angeles Angels,2026-08-06T16:36:00+00:00,3347253,Los Angeles Angels,away,0,2026-08-06T16:35:15+00:00,45,BUY,0.34,7.575755,2.5757567,-1,-7.575755,-2.5757567,0x1fb489704fc074a04eca1820f55b7e4308cdfa392bc0a1b9d42a0dfbdadcaa0d,c1d12e97d65f250fc94bc148fd7e8a3ac82e70d31b81302d18c14c3d22bd5867,true,true,true,true,true
H2-v1-RN1-M2,H2-v1,1673754,0xa4a9f26fc604721f0c499604ea9b0c5423966d4abf19db6e0e5146eb9d2b810a,mlb-laa-bal-2026-08-06,Baltimore Orioles,Los Angeles Angels,2026-08-06T16:36:00+00:00,3347253,Los Angeles Angels,away,0,2026-08-06T16:35:17+00:00,43,BUY,0.34,290.909088,98.90908992,-1,-290.909088,-98.90908992,0x2ad5270d9b9461ce2f3744be01f60bf6c6d1cdf40910f625422b1268b7e21a40,b942f7053166932ee4ae9f39c38d5451107dc2ad3c962c071def7050d5da9179,true,true,true,true,true
H2-v1-RN1-M2,H2-v1,1673754,0xa4a9f26fc604721f0c499604ea9b0c5423966d4abf19db6e0e5146eb9d2b810a,mlb-laa-bal-2026-08-06,Baltimore Orioles,Los Angeles Angels,2026-08-06T16:36:00+00:00,3347253,Los Angeles Angels,away,0,2026-08-06T16:35:20+00:00,40,BUY,0.34,1.51515,0.515151,-1,-1.51515,-0.515151,0x132aa1767709bece656fa5c81c69c45fd3a5fc4c2a75446ba2e16f3f951291c9,a3197f4f89f0b41318b8225db72ee9a8081a00fb216cdbbbc236f45f0ac0b883,true,true,true,true,true
H2-v1-RN1-M2,H2-v1,1673754,0xa4a9f26fc604721f0c499604ea9b0c5423966d4abf19db6e0e5146eb9d2b810a,mlb-laa-bal-2026-08-06,Baltimore Orioles,Los Angeles Angels,2026-08-06T16:36:00+00:00,3347253,Los Angeles Angels,away,0,2026-08-06T16:35:45+00:00,15,BUY,0.34,35,11.9,-1,-35,-11.9,0x98a3f981d97edf42c30993ebddbfc0b98b738f7113692069c1bc798f96ba123b,d9097fcf94d2af0445ceeb1db56653c538f5a941346c56508f23ce415dba5c02,true,true,true,true,true
H2-v1-RN1-M2,H2-v1,1673754,0xa4a9f26fc604721f0c499604ea9b0c5423966d4abf19db6e0e5146eb9d2b810a,mlb-laa-bal-2026-08-06,Baltimore Orioles,Los Angeles Angels,2026-08-06T16:36:00+00:00,3347253,Los Angeles Angels,away,0,2026-08-06T16:35:47+00:00,13,BUY,0.34,19.272726,6.55272684,-1,-19.272726,-6.55272684,0xe050b2252feb8062cd4956782b951dd26a5303eb9be78f67557b99c9baa6e8f1,94a65a1b8941c2e8b7eed2bcfee4d2ef75fce7482a46dd9289d5ebc96ffc1cbd,true,true,true,true,true
H2-v1-RN1-M2,H2-v1,1673754,0xa4a9f26fc604721f0c499604ea9b0c5423966d4abf19db6e0e5146eb9d2b810a,mlb-laa-bal-2026-08-06,Baltimore Orioles,Los Angeles Angels,2026-08-06T16:36:00+00:00,3347254,Baltimore Orioles,home,1,2026-08-06T16:35:48+00:00,12,BUY,0.65,2.857141,1.85714165,1,2.857141,1.85714165,0x78894d154328b39f53e0041ce6a77c4eb86bc6faf3ebde1aa6fad6fcef395d02,7a2efcd895f4da53f251b94e054618d6b70dd26e37c6cbfc30d9b34c1e7b6ce4,true,true,true,true,true
H2-v1-RN1-M2,H2-v1,1673754,0xa4a9f26fc604721f0c499604ea9b0c5423966d4abf19db6e0e5146eb9d2b810a,mlb-laa-bal-2026-08-06,Baltimore Orioles,Los Angeles Angels,2026-08-06T16:36:00+00:00,3347253,Los Angeles Angels,away,0,2026-08-06T16:35:53+00:00,7,BUY,0.34,126,42.84,-1,-126,-42.84,0x58da09ad8364e95033df200a7714c5e98fee132eb6c7b85f4be2c1cdd5836261,9df7b78d3179c9010fbafb24b790e4afff1ba5e71736ae2496fb84b23725c004,true,true,true,true,true
H2-v1-RN1-M2,H2-v1,1673842,0x8d98df1d631959e4fc45da7cb881cbe3e924a7a88ae25e898e98ae6791b2793f,mlb-pit-mil-2026-08-06,Milwaukee Brewers,Pittsburgh Pirates,2026-08-06T18:11:00+00:00,3347429,Pittsburgh Pirates,away,0,2026-08-06T18:10:08+00:00,52,BUY,0.45,9.090908,4.0909086,-1,-9.090908,-4.0909086,0x9f04ac6e1967c2b7d58ff975988565d6c001dc49076623c9d48e1ff38e4f4375,2cd76f48b3ab0c79e71af28397817f202b9c3696bea58732e3bbc7442a516648,true,true,true,true,true
H2-v1-RN1-M2,H2-v1,1673842,0x8d98df1d631959e4fc45da7cb881cbe3e924a7a88ae25e898e98ae6791b2793f,mlb-pit-mil-2026-08-06,Milwaukee Brewers,Pittsburgh Pirates,2026-08-06T18:11:00+00:00,3347429,Pittsburgh Pirates,away,0,2026-08-06T18:10:08+00:00,52,BUY,0.45,9.090908,4.0909086,-1,-9.090908,-4.0909086,0xa652e8d727884b560cf8ef15efb7aa56b1f7f882fb25ab445ff3ca66d021b1d0,42c9bfe9fd7385c34d34cfe8aa37f0f7df631707dad3e62dd16e41480a982614,true,true,true,true,true
H2-v1-RN1-M2,H2-v1,1673810,0x6d3915d2e5aba59d058874238319a7e83309aaeafbc2a389f5a95f4d3d8ebcd9,mlb-wsh-phi-2026-08-06,Philadelphia Phillies,Washington Nationals,2026-08-06T22:06:00+00:00,3347365,Washington Nationals,away,0,2026-08-06T22:05:06+00:00,54,BUY,0.24,15,3.6,-1,-15,-3.6,0x720e887aa9550c94d9f542bd775f03684380d2710e9a13cc803941cc4e889d42,c7b91c52b52e5a8df183f908e96241d023bb411f5eab194d4c1c9c5b1ad05553,true,true,true,true,true
H2-v1-RN1-M2,H2-v1,1673810,0x6d3915d2e5aba59d058874238319a7e83309aaeafbc2a389f5a95f4d3d8ebcd9,mlb-wsh-phi-2026-08-06,Philadelphia Phillies,Washington Nationals,2026-08-06T22:06:00+00:00,3347366,Philadelphia Phillies,home,1,2026-08-06T22:05:14+00:00,46,BUY,0.74,57.692306,42.69230644,1,57.692306,42.69230644,0x2f5c38ccc05ea67de0d9ecfe180092dacadfabd6410c233cd7dfdc2c844a95c5,bd1ea4c5db51d8c53aeb1de2dbff1fb9f37f799c10dfe7c6a09fd1c4ff5aed07,true,true,true,true,true
H2-v1-RN1-M2,H2-v1,1673812,0x75925ee36022684960b17d5d8842a0d88ab1f9125f975f9590f34496fbd066d5,mlb-mia-atl-2026-08-06,Atlanta Braves,Miami Marlins,2026-08-06T23:16:00+00:00,3347369,Miami Marlins,away,0,2026-08-06T23:15:12+00:00,48,BUY,0.38,2000,760,-1,-2000,-760,0x4e72c90f31044f434e808b70044ff146e6003c936d077d3d186fc9af7607491e,026414258711287bf27f8de519c3b68e8d3ac15900e07678c8b1601d3d6b0a2c,true,true,true,true,true
H2-v1-RN1-M2,H2-v1,1673812,0x75925ee36022684960b17d5d8842a0d88ab1f9125f975f9590f34496fbd066d5,mlb-mia-atl-2026-08-06,Atlanta Braves,Miami Marlins,2026-08-06T23:16:00+00:00,3347369,Miami Marlins,away,0,2026-08-06T23:15:12+00:00,48,BUY,0.38,46,17.48,-1,-46,-17.48,0x248a7ad2c240875c10cdfc0c561b60165a75bc48db47baf710d788159f0e18e5,8867060f629a32ebbf6b72c055a6a5825f175d647a9e7e82ffa4aa2106b59779,true,true,true,true,true
H2-v1-RN1-M2,H2-v1,1673812,0x75925ee36022684960b17d5d8842a0d88ab1f9125f975f9590f34496fbd066d5,mlb-mia-atl-2026-08-06,Atlanta Braves,Miami Marlins,2026-08-06T23:16:00+00:00,3347370,Atlanta Braves,home,1,2026-08-06T23:15:12+00:00,48,BUY,0.61,5.15,3.1415,1,5.15,3.1415,0x831954eb15dc8f016e28e73334c70323e1f120335a192ec8498151edc37d6921,f6b4dd7a8546dbeccd7b6bddfc77f07226949236b1db74b414accc08280f5a49,true,true,true,true,true
H2-v1-RN1-M2,H2-v1,1673812,0x75925ee36022684960b17d5d8842a0d88ab1f9125f975f9590f34496fbd066d5,mlb-mia-atl-2026-08-06,Atlanta Braves,Miami Marlins,2026-08-06T23:16:00+00:00,3347370,Atlanta Braves,home,1,2026-08-06T23:15:17+00:00,43,BUY,0.61,4.615383,2.81538363,1,4.615383,2.81538363,0x3934937808b49f0c1f9efaee5325e46c725c31173b7edbdec0e78e7f5e1545a4,6815e62244a9d5c0469dcb11bd6c7d9e6d1e45439c20e5b84f67daae2e4bb2bf,true,true,true,true,true
H2-v1-RN1-M2,H2-v1,1673812,0x75925ee36022684960b17d5d8842a0d88ab1f9125f975f9590f34496fbd066d5,mlb-mia-atl-2026-08-06,Atlanta Braves,Miami Marlins,2026-08-06T23:16:00+00:00,3347370,Atlanta Braves,home,1,2026-08-06T23:15:17+00:00,43,BUY,0.61,7.461537,4.55153757,1,7.461537,4.55153757,0xa603461015976c52619b21b328acb07380c7a34d7b4aa6dca69be0287f5161c9,f2819ee7dce2d72a3f0418f8633f8b7db1bfda15a2954054fd531bb3a6636192,true,true,true,true,true
H2-v1-RN1-M2,H2-v1,1673812,0x75925ee36022684960b17d5d8842a0d88ab1f9125f975f9590f34496fbd066d5,mlb-mia-atl-2026-08-06,Atlanta Braves,Miami Marlins,2026-08-06T23:16:00+00:00,3347370,Atlanta Braves,home,1,2026-08-06T23:15:27+00:00,33,BUY,0.61,2.923075,1.78307575,1,2.923075,1.78307575,0x2e8103a86bdc5a45f728430ec5e345cf655cb65c9d5c6a8468aeac9bc1d63631,36483b0d9ba4a175a7b0f90df7f38518901957e9d1e23cffe1552a8f02f0f55a,true,true,true,true,true
H2-v1-RN1-M2,H2-v1,1673812,0x75925ee36022684960b17d5d8842a0d88ab1f9125f975f9590f34496fbd066d5,mlb-mia-atl-2026-08-06,Atlanta Braves,Miami Marlins,2026-08-06T23:16:00+00:00,3347370,Atlanta Braves,home,1,2026-08-06T23:15:33+00:00,27,BUY,0.61,12.820511,7.82051171,1,12.820511,7.82051171,0x2d70c64375811f9bb0938699e3fb61b1b688f7bd06d64ad4da2a413a38e7bd0a,accc1f62eef6b125fac485ed2d92e277277a95259bea50d8e5bb73d5afdaab39,true,true,true,true,true
H2-v1-RN1-M2,H2-v1,1673812,0x75925ee36022684960b17d5d8842a0d88ab1f9125f975f9590f34496fbd066d5,mlb-mia-atl-2026-08-06,Atlanta Braves,Miami Marlins,2026-08-06T23:16:00+00:00,3347370,Atlanta Braves,home,1,2026-08-06T23:15:36+00:00,24,BUY,0.61,32.59,19.8799,1,32.59,19.8799,0xc116ee246be3750760d15c6c045a8dd6de60c82fd1d63b4858e0c08efe560d88,d09af0a2b6de63d51e283bfe35a5517e823451ad72c3b985e9110ba756dff87a,true,true,true,true,true
H2-v1-RN1-M2,H2-v1,1673812,0x75925ee36022684960b17d5d8842a0d88ab1f9125f975f9590f34496fbd066d5,mlb-mia-atl-2026-08-06,Atlanta Braves,Miami Marlins,2026-08-06T23:16:00+00:00,3347370,Atlanta Braves,home,1,2026-08-06T23:15:38+00:00,22,BUY,0.61,2.564101,1.56410161,1,2.564101,1.56410161,0xd777cc6016ef5c6aef1868dfa0529c0a3366efacc03efeb37ad28bf023b58669,99653b1ae546588b71d9a30a9fb0a4aef29b7d9e384e475710840572b8e1e9be,true,true,true,true,true
H2-v1-RN1-M2,H2-v1,1673812,0x75925ee36022684960b17d5d8842a0d88ab1f9125f975f9590f34496fbd066d5,mlb-mia-atl-2026-08-06,Atlanta Braves,Miami Marlins,2026-08-06T23:16:00+00:00,3347370,Atlanta Braves,home,1,2026-08-06T23:15:38+00:00,22,BUY,0.61,8.948716,5.45871676,1,8.948716,5.45871676,0x6e59fc758a57482be2a21a5a5ed4a6f1bf5592982d9a115e68719f4733c6a082,b774a9a9b220dba8c3348a96fdcd122fae1a046717fb6add8adda699d191b454,true,true,true,true,true
H2-v1-RN1-M2,H2-v1,1673812,0x75925ee36022684960b17d5d8842a0d88ab1f9125f975f9590f34496fbd066d5,mlb-mia-atl-2026-08-06,Atlanta Braves,Miami Marlins,2026-08-06T23:16:00+00:00,3347370,Atlanta Braves,home,1,2026-08-06T23:15:44+00:00,16,BUY,0.61,2.564101,1.56410161,1,2.564101,1.56410161,0xd951202e5c105f802a430e4a3511bb7afc416b4a6539b1d4b09470f58c598617,dfef0328f950aae52a54f379affd351da5e140e35dcb833ef0c970a4bc255c94,true,true,true,true,true
H2-v1-RN1-M2,H2-v1,1673812,0x75925ee36022684960b17d5d8842a0d88ab1f9125f975f9590f34496fbd066d5,mlb-mia-atl-2026-08-06,Atlanta Braves,Miami Marlins,2026-08-06T23:16:00+00:00,3347370,Atlanta Braves,home,1,2026-08-06T23:15:51+00:00,9,BUY,0.61,2.564101,1.56410161,1,2.564101,1.56410161,0x75b58ae989b9922048d10fecb3f06d091c1a9aef000db808c2d570c3bc7e910b,00c736db4d71cbcbab44f372c1b183a9178fade7fbbb1e6a1a89ebac6906d484,true,true,true,true,true
H2-v1-RN1-M2,H2-v1,1673805,0x1b54546f205ce9a93ccd91b2847c7fbacd871e072f915a66a6cbe91404878788,mlb-min-kc-2026-08-06,Kansas City Royals,Minnesota Twins,2026-08-06T23:41:00+00:00,3347356,Kansas City Royals,home,1,2026-08-06T23:40:06+00:00,54,BUY,0.54,961,518.94,1,961,518.94,0xa079715b53b11f7db4663ad3b8b6a509c9a0cc45bc686bb477c4b8701720d7b9,1300e013f187d60866c40b3cba15d2be37799896edee0130e02a28ca080e3ad3,true,true,true,true,true
H2-v1-RN1-M2,H2-v1,1673805,0x1b54546f205ce9a93ccd91b2847c7fbacd871e072f915a66a6cbe91404878788,mlb-min-kc-2026-08-06,Kansas City Royals,Minnesota Twins,2026-08-06T23:41:00+00:00,3347356,Kansas City Royals,home,1,2026-08-06T23:40:06+00:00,54,BUY,0.54,277.15,149.661,1,277.15,149.661,0x85c912aad019216503301d5e93858f3511c1eef460a10c9ad336bd339473e5a5,18e021f0602c3a8d34b647e90e34d7644c5e0209a3e3f5b39622c83ba75b6243,true,true,true,true,true
H2-v1-RN1-M2,H2-v1,1673805,0x1b54546f205ce9a93ccd91b2847c7fbacd871e072f915a66a6cbe91404878788,mlb-min-kc-2026-08-06,Kansas City Royals,Minnesota Twins,2026-08-06T23:41:00+00:00,3347356,Kansas City Royals,home,1,2026-08-06T23:40:06+00:00,54,BUY,0.54,669.85,361.719,1,669.85,361.719,0xd93a28bff50301e54fc0579a953ed2b59ca9a03d8b9d0e53a15d3472f923b77c,76e27ad46f4b76349aa6a3351a7cd133f23b42d3b7d4deb93d46869399f2a655,true,true,true,true,true
H2-v1-RN1-M2,H2-v1,1673805,0x1b54546f205ce9a93ccd91b2847c7fbacd871e072f915a66a6cbe91404878788,mlb-min-kc-2026-08-06,Kansas City Royals,Minnesota Twins,2026-08-06T23:41:00+00:00,3347355,Minnesota Twins,away,0,2026-08-06T23:40:08+00:00,52,BUY,0.44,7.34,3.2296,-1,-7.34,-3.2296,0xba41cbb26e4eb28d8f12702609a9459dba464603d4ebcc515420ab22bd713754,48538b44822b91300f5220d3f3a1ca2472ddaeba798811df9ab91a610e9225ad,true,true,true,true,true
H2-v1-RN1-M2,H2-v1,1673805,0x1b54546f205ce9a93ccd91b2847c7fbacd871e072f915a66a6cbe91404878788,mlb-min-kc-2026-08-06,Kansas City Royals,Minnesota Twins,2026-08-06T23:41:00+00:00,3347355,Minnesota Twins,away,0,2026-08-06T23:40:15+00:00,45,BUY,0.45,9.090908,4.0909086,-1,-9.090908,-4.0909086,0x7ba869cacaa6929fbfb0f8161ef02e8c1087244abc97bbb684b09da944c2bcb3,3337530e4a86457c35ff08e62c18eb6a20c0c59f1f9fdc0f892de8b96b3d420a,true,true,true,true,true
H2-v1-RN1-M2,H2-v1,1673805,0x1b54546f205ce9a93ccd91b2847c7fbacd871e072f915a66a6cbe91404878788,mlb-min-kc-2026-08-06,Kansas City Royals,Minnesota Twins,2026-08-06T23:41:00+00:00,3347355,Minnesota Twins,away,0,2026-08-06T23:40:18+00:00,42,BUY,0.45,9.090908,4.0909086,-1,-9.090908,-4.0909086,0xf2ffc4abeeb0f22ad3b8af6d5fcf7c83f13e433ef82c07db2904da2bba78c059,257d826c333786afad3306b654163e8ad12e212162829c45e375bda307bfa41d,true,true,true,true,true
H2-v1-RN1-M2,H2-v1,1673805,0x1b54546f205ce9a93ccd91b2847c7fbacd871e072f915a66a6cbe91404878788,mlb-min-kc-2026-08-06,Kansas City Royals,Minnesota Twins,2026-08-06T23:41:00+00:00,3347355,Minnesota Twins,away,0,2026-08-06T23:40:21+00:00,39,BUY,0.45,2.363635,1.06363575,-1,-2.363635,-1.06363575,0xdc7c02d4d976d23fa7a8465c682d4984999a598d01f3809d75938db38a452b92,872772d031c1f29b169a265d5d63c15b3aaa7d1ccb0716079750bfd481b1745d,true,true,true,true,true
H2-v1-RN1-M2,H2-v1,1673805,0x1b54546f205ce9a93ccd91b2847c7fbacd871e072f915a66a6cbe91404878788,mlb-min-kc-2026-08-06,Kansas City Royals,Minnesota Twins,2026-08-06T23:41:00+00:00,3347355,Minnesota Twins,away,0,2026-08-06T23:40:23+00:00,37,BUY,0.45,8.872726,3.9927267,-1,-8.872726,-3.9927267,0xf6f0424ad771ec8d3be1e237c51ec3381d3c0485035e22a4d34e9f111e3533d4,8e932444a41ff73fdce3dd4a16ab9accf6f4a36ead046181c69351e130e44323,true,true,true,true,true
H2-v1-RN1-M2,H2-v1,1673805,0x1b54546f205ce9a93ccd91b2847c7fbacd871e072f915a66a6cbe91404878788,mlb-min-kc-2026-08-06,Kansas City Royals,Minnesota Twins,2026-08-06T23:41:00+00:00,3347355,Minnesota Twins,away,0,2026-08-06T23:40:35+00:00,25,BUY,0.45,9.090908,4.0909086,-1,-9.090908,-4.0909086,0xa0192772a506e7864e60b71ea722a9d1775f7ec53ed746b052ec6fa9728c1550,a8944f4da82e9c382748d5f95d6caaaa964497006e34bc9525c3e5b337b181f4,true,true,true,true,true
H2-v1-RN1-M2,H2-v1,1673805,0x1b54546f205ce9a93ccd91b2847c7fbacd871e072f915a66a6cbe91404878788,mlb-min-kc-2026-08-06,Kansas City Royals,Minnesota Twins,2026-08-06T23:41:00+00:00,3347355,Minnesota Twins,away,0,2026-08-06T23:40:38+00:00,22,BUY,0.45,1.81818,0.818181,-1,-1.81818,-0.818181,0x8d8fe371b36abc8e9192d7508680057b757a12b3dfdf892e6f31b33544e35b45,8a5a8cef3e149f61c359c4dcf5cf4ffe43932fab85a041e775a8bcd92b58e5f2,true,true,true,true,true
H2-v1-RN1-M2,H2-v1,1673805,0x1b54546f205ce9a93ccd91b2847c7fbacd871e072f915a66a6cbe91404878788,mlb-min-kc-2026-08-06,Kansas City Royals,Minnesota Twins,2026-08-06T23:41:00+00:00,3347355,Minnesota Twins,away,0,2026-08-06T23:40:38+00:00,22,BUY,0.45,6.92,3.114,-1,-6.92,-3.114,0x2a9e24aa2761aca839d9eac7081eed1a0b04e5f48ee466a92019b03e2e46b414,fc0690b2749ab809b14f1e51b2f5cd8a594b449019bb4b75b20263e17b0e672f,true,true,true,true,true
H2-v1-RN1-M2,H2-v1,1673805,0x1b54546f205ce9a93ccd91b2847c7fbacd871e072f915a66a6cbe91404878788,mlb-min-kc-2026-08-06,Kansas City Royals,Minnesota Twins,2026-08-06T23:41:00+00:00,3347355,Minnesota Twins,away,0,2026-08-06T23:40:39+00:00,21,BUY,0.45,1860.71,837.3195,-1,-1860.71,-837.3195,0xf39d029b6225a6b69ca7dec3ab9bd0e942809379a074c27d1e47a3fe682a546f,3bb1ac8714159c4ca07c9d825dbb5f76de1f1268368554f200365a92effcba11,true,true,true,true,true
H2-v1-RN1-M2,H2-v1,1673845,0x71fa2b9df79ae3aed7721dfde68b16673f191b93cfcc24909ccd237fbe1a334c,mlb-nym-pit-2026-08-07,Pittsburgh Pirates,New York Mets,2026-08-07T22:42:14+00:00,3347435,New York Mets,away,0,2026-08-07T22:40:52+00:00,82,BUY,0.44,12.5,5.5,-1,-12.5,-5.5,0x0ce079df9c27bee211c206df1c7705c2d5ac412bec4559dcb0fba72ded65b3d8,a6e06d5b79120518bab8d999d222e0a456d6517bee6559fdeb118e18b7b8158e,true,true,true,true,true
H2-v1-RN1-M2,H2-v1,1673845,0x71fa2b9df79ae3aed7721dfde68b16673f191b93cfcc24909ccd237fbe1a334c,mlb-nym-pit-2026-08-07,Pittsburgh Pirates,New York Mets,2026-08-07T22:42:14+00:00,3347436,Pittsburgh Pirates,home,1,2026-08-07T22:41:01+00:00,73,BUY,0.55,51.41,28.2755,1,51.41,28.2755,0x6c2327cf3b5efef35fb81cd0b19cd7b26becd14d2f3eb3fd347b7d49a77ae5a1,20e19210f0144822a4f629df4405118e5b46c2048fc82a6e2acdfc24ebc0125e,true,true,true,true,true
H2-v1-RN1-M2,H2-v1,1673845,0x71fa2b9df79ae3aed7721dfde68b16673f191b93cfcc24909ccd237fbe1a334c,mlb-nym-pit-2026-08-07,Pittsburgh Pirates,New York Mets,2026-08-07T22:42:14+00:00,3347435,New York Mets,away,0,2026-08-07T22:41:03+00:00,71,BUY,0.44,3.571427,1.57142788,-1,-3.571427,-1.57142788,0xe407421ff072fc5bdbeee1a097ccddc2c4a397b4e451d0a43e8330739920ba6c,38521b252aefe19cc0aa03c684f4c4b23ad75d7a6fc93dcdeb177bb8f4882735,true,true,true,true,true
H2-v1-RN1-M2,H2-v1,1673845,0x71fa2b9df79ae3aed7721dfde68b16673f191b93cfcc24909ccd237fbe1a334c,mlb-nym-pit-2026-08-07,Pittsburgh Pirates,New York Mets,2026-08-07T22:42:14+00:00,3347435,New York Mets,away,0,2026-08-07T22:41:03+00:00,71,BUY,0.44,4.10714,1.8071416,-1,-4.10714,-1.8071416,0x53a73fbcbbf02c9781ec5987cdb477f511011f6a1a9b8d5d2b353a7d2b1a779a,9ee3144ac7a72c8f48bda200abb6b08570ee8d42b8522598fa47d6a856c3c07a,true,true,true,true,true
H2-v1-RN1-M2,H2-v1,1673845,0x71fa2b9df79ae3aed7721dfde68b16673f191b93cfcc24909ccd237fbe1a334c,mlb-nym-pit-2026-08-07,Pittsburgh Pirates,New York Mets,2026-08-07T22:42:14+00:00,3347436,Pittsburgh Pirates,home,1,2026-08-07T22:41:18+00:00,56,BUY,0.55,21.155554,11.6355547,1,21.155554,11.6355547,0x9729939cce3830b9fa6fefdd0ba03cb2bb9d77dbfad1653126c72de89091e9ba,f97937d7349ea794cf3c719928ffabfd4e46177f706e86f97ca5783becb27ab9,true,true,true,true,true
H2-v1-RN1-M2,H2-v1,1673845,0x71fa2b9df79ae3aed7721dfde68b16673f191b93cfcc24909ccd237fbe1a334c,mlb-nym-pit-2026-08-07,Pittsburgh Pirates,New York Mets,2026-08-07T22:42:14+00:00,3347435,New York Mets,away,0,2026-08-07T22:41:19+00:00,55,BUY,0.44,3.571427,1.57142788,-1,-3.571427,-1.57142788,0xa10980a1ef38687f6b7c7852b3270d2089dd9c5be265747f99c93d43f19f50bd,e9cd1ec78f3289daa35ab2eabcd748bd3ea9b6db54c89e6a5948f6970d97fc97,true,true,true,true,true
H2-v1-RN1-M2,H2-v1,1673882,0x977c0519cc902a6bf7a8a6015ab745581615790f3f19b6f98b88c38054790d68,mlb-oak-bos-2026-08-07,Boston Red Sox,Athletics,2026-08-07T23:11:00+00:00,3347510,Boston Red Sox,home,1,2026-08-07T23:10:04+00:00,56,BUY,0.71,117,83.07,1,117,83.07,0x9be8b0c9333f9c8a703b05149f6c5c7c2d0c142a674a1dee03c12be7d58b8033,d1dd6455b1f594673ef2c484194271efd3c1ed410f2db88c14c854133b92130e,true,true,true,true,true
H2-v1-RN1-M2,H2-v1,1673863,0x85103a46008451b326ce5cac11e4377e7c06baef3631a6a78e6ddfc593d68a5d,mlb-cin-wsh-2026-08-07,Washington Nationals,Cincinnati Reds,2026-08-07T23:46:00+00:00,3347472,Washington Nationals,home,1,2026-08-07T22:52:27+00:00,3213,BUY,0.53,21.276594,11.27659482,1,21.276594,11.27659482,0x5727f284de08d7e4d9eded8d4d0bc632d95d949b28807b3dc9e2020de4e94010,112d94a2aa7bcba084b59aed29890e4553cd480128a981469ab0dca691320054,true,true,false,false,false
H2-v1-RN1-M2,H2-v1,1673863,0x85103a46008451b326ce5cac11e4377e7c06baef3631a6a78e6ddfc593d68a5d,mlb-cin-wsh-2026-08-07,Washington Nationals,Cincinnati Reds,2026-08-07T23:46:00+00:00,3347471,Cincinnati Reds,away,0,2026-08-07T22:52:28+00:00,3212,BUY,0.46,3.703702,1.70370292,-1,-3.703702,-1.70370292,0xd7b260860e1e85a115efd917a2eb5bfb57d8aaaa3cb36f1f51d44220ff38a8a1,efd34e70e4b8d77b33d307fa8d7ae6b148e678d5b3aaef1e1a7a889ac944ecfc,true,true,false,false,false
H2-v1-RN1-M2,H2-v1,1673863,0x85103a46008451b326ce5cac11e4377e7c06baef3631a6a78e6ddfc593d68a5d,mlb-cin-wsh-2026-08-07,Washington Nationals,Cincinnati Reds,2026-08-07T23:46:00+00:00,3347472,Washington Nationals,home,1,2026-08-07T22:53:33+00:00,3147,BUY,0.53,20.255318,10.73531854,1,20.255318,10.73531854,0xf354a241c1fc0549cdbf663d2f31490c28426c6e11f44cde2ac6c51b65ac5272,2cb69b0d1ff20d00c62df9f492ac5207da53032cb1473ef22bc0be5096178783,true,true,false,false,false
H2-v1-RN1-M2,H2-v1,1673863,0x85103a46008451b326ce5cac11e4377e7c06baef3631a6a78e6ddfc593d68a5d,mlb-cin-wsh-2026-08-07,Washington Nationals,Cincinnati Reds,2026-08-07T23:46:00+00:00,3347471,Cincinnati Reds,away,0,2026-08-07T22:53:33+00:00,3147,BUY,0.46,17.629628,8.10962888,-1,-17.629628,-8.10962888,0x180c39d1df6664ebdd254920146574e6de96768fbfebc5d47b7b6019e5d26ce4,e53abafc6f96703b617b30ea05a8f88a93c122a8d85a440415630810a4c84df9,true,true,false,false,false
H2-v1-RN1-M2,H2-v1,1673863,0x85103a46008451b326ce5cac11e4377e7c06baef3631a6a78e6ddfc593d68a5d,mlb-cin-wsh-2026-08-07,Washington Nationals,Cincinnati Reds,2026-08-07T23:46:00+00:00,3347471,Cincinnati Reds,away,0,2026-08-07T22:53:34+00:00,3146,BUY,0.46,3.703702,1.70370292,-1,-3.703702,-1.70370292,0xe5f78487b0c3f1210f1cdeb4a69b3f046756525068b3170ce69fb39b63dd12e0,ba9337101068643daa127d2ebf57cf287a8330c101d945540f4da297b0a861b3,true,true,false,false,false
H2-v1-RN1-M2,H2-v1,1673863,0x85103a46008451b326ce5cac11e4377e7c06baef3631a6a78e6ddfc593d68a5d,mlb-cin-wsh-2026-08-07,Washington Nationals,Cincinnati Reds,2026-08-07T23:46:00+00:00,3347471,Cincinnati Reds,away,0,2026-08-07T22:54:04+00:00,3116,BUY,0.46,18.518517,8.51851782,-1,-18.518517,-8.51851782,0x3a1e0e4e7ca3318ae32c699c481257c8cf3e01b20cb1ab1a49243913d896d21f,c50dfb08daa5c4d4c0b54701cd41c74f4e2b5c338fc8363eae9566eaffc11e87,true,true,false,false,false
H2-v1-RN1-M2,H2-v1,1673863,0x85103a46008451b326ce5cac11e4377e7c06baef3631a6a78e6ddfc593d68a5d,mlb-cin-wsh-2026-08-07,Washington Nationals,Cincinnati Reds,2026-08-07T23:46:00+00:00,3347471,Cincinnati Reds,away,0,2026-08-07T22:55:58+00:00,3002,BUY,0.46,17.629628,8.10962888,-1,-17.629628,-8.10962888,0x1384f2031d77ac8b3b69aa6945dfc80c4734d6a330c25d991a52471b88270b52,e65e587482fe6b66e66edbe9d8288e3cebe6c850440f1363620333fe26cddf94,true,true,false,false,false
H2-v1-RN1-M2,H2-v1,1673863,0x85103a46008451b326ce5cac11e4377e7c06baef3631a6a78e6ddfc593d68a5d,mlb-cin-wsh-2026-08-07,Washington Nationals,Cincinnati Reds,2026-08-07T23:46:00+00:00,3347472,Washington Nationals,home,1,2026-08-07T22:56:01+00:00,2999,BUY,0.53,20.255318,10.73531854,1,20.255318,10.73531854,0xa78bc45afd5e340f0eeebe64dd38ab45390c2fddde2e0bbadce512349b80c6d3,ae2e61c14b06953964932258787bffd6d4a1e3cc657ae16b9dd7852cc0c70cc6,true,true,false,false,false
H2-v1-RN1-M2,H2-v1,1673863,0x85103a46008451b326ce5cac11e4377e7c06baef3631a6a78e6ddfc593d68a5d,mlb-cin-wsh-2026-08-07,Washington Nationals,Cincinnati Reds,2026-08-07T23:46:00+00:00,3347471,Cincinnati Reds,away,0,2026-08-07T22:56:01+00:00,2999,BUY,0.46,3.703702,1.70370292,-1,-3.703702,-1.70370292,0x9f4b31ab97f779575a10a0ac72595d877ff0581b1b71c8b7f9f30e996f229ce9,d8ffc3315b58098b6188342c5ee2396cbd12fbe7d233def7a64e1398f2d45b04,true,true,false,false,false
H2-v1-RN1-M2,H2-v1,1673863,0x85103a46008451b326ce5cac11e4377e7c06baef3631a6a78e6ddfc593d68a5d,mlb-cin-wsh-2026-08-07,Washington Nationals,Cincinnati Reds,2026-08-07T23:46:00+00:00,3347472,Washington Nationals,home,1,2026-08-07T22:56:22+00:00,2978,BUY,0.53,2.127658,1.12765874,1,2.127658,1.12765874,0x35bdff15d0981e62028836ed65e9def2c81c09b081ccadbad58dcef2abc5dc60,c37fc919021234d8d7d3797eb341c329c0af873a7fe32a8ee9d430a94c57d2a2,true,true,false,false,false
H2-v1-RN1-M2,H2-v1,1673863,0x85103a46008451b326ce5cac11e4377e7c06baef3631a6a78e6ddfc593d68a5d,mlb-cin-wsh-2026-08-07,Washington Nationals,Cincinnati Reds,2026-08-07T23:46:00+00:00,3347471,Cincinnati Reds,away,0,2026-08-07T22:56:24+00:00,2976,BUY,0.46,1.85185,0.851851,-1,-1.85185,-0.851851,0x9d942004957423db7dc7a12ea4fe814c01720b989f0bbdd95b0ca56dfb60e2c9,c7a145f039c308b34a95f4fc910a55b699f877ac6654ce32e564591898cd3596,true,true,false,false,false
H2-v1-RN1-M2,H2-v1,1673863,0x85103a46008451b326ce5cac11e4377e7c06baef3631a6a78e6ddfc593d68a5d,mlb-cin-wsh-2026-08-07,Washington Nationals,Cincinnati Reds,2026-08-07T23:46:00+00:00,3347471,Cincinnati Reds,away,0,2026-08-07T22:58:28+00:00,2852,BUY,0.46,17.629628,8.10962888,-1,-17.629628,-8.10962888,0x4c482aaf8ff3252de8a59215b4d28bd8f01effdd5e8788f777f8056d610ac2e2,f095cffe55153c1747cd947d1b9021bf26dea3bb6f1245b4cf3d9676cb3d90c8,true,true,false,false,false
H2-v1-RN1-M2,H2-v1,1673863,0x85103a46008451b326ce5cac11e4377e7c06baef3631a6a78e6ddfc593d68a5d,mlb-cin-wsh-2026-08-07,Washington Nationals,Cincinnati Reds,2026-08-07T23:46:00+00:00,3347471,Cincinnati Reds,away,0,2026-08-07T22:58:30+00:00,2850,BUY,0.46,3.703702,1.70370292,-1,-3.703702,-1.70370292,0x0d85e41a23e9f180322e1cf5bff1ba745bccd1388669418c1e11bbf3ff9e929b,823e760506598e0d372deab1715d2726d5c68b912912bf53d57d9f6101d9cadb,true,true,false,false,false
H2-v1-RN1-M2,H2-v1,1673863,0x85103a46008451b326ce5cac11e4377e7c06baef3631a6a78e6ddfc593d68a5d,mlb-cin-wsh-2026-08-07,Washington Nationals,Cincinnati Reds,2026-08-07T23:46:00+00:00,3347472,Washington Nationals,home,1,2026-08-07T22:58:30+00:00,2850,BUY,0.53,20.255318,10.73531854,1,20.255318,10.73531854,0xa19f38f1b891ee7ad97cf04647088a8a1e22b45e1f1b68239afd6ba1037cb2c2,935193ca62e89ad420baa89863e9554e5dae8d4f859b9172a31cbd807747069b,true,true,false,false,false
H2-v1-RN1-M2,H2-v1,1673863,0x85103a46008451b326ce5cac11e4377e7c06baef3631a6a78e6ddfc593d68a5d,mlb-cin-wsh-2026-08-07,Washington Nationals,Cincinnati Reds,2026-08-07T23:46:00+00:00,3347471,Cincinnati Reds,away,0,2026-08-07T23:01:00+00:00,2700,BUY,0.46,17.629628,8.10962888,-1,-17.629628,-8.10962888,0xefb7e2043c2d6a0303ae422dfc65d8d42d077a0265cd334b07fdcf9ef8516161,18e40f24ffed5a5fbda9531e4af5f359ea9fbf6106a5ee28ff7aa901c8bb83d7,true,true,false,false,false
H2-v1-RN1-M2,H2-v1,1673863,0x85103a46008451b326ce5cac11e4377e7c06baef3631a6a78e6ddfc593d68a5d,mlb-cin-wsh-2026-08-07,Washington Nationals,Cincinnati Reds,2026-08-07T23:46:00+00:00,3347471,Cincinnati Reds,away,0,2026-08-07T23:01:01+00:00,2699,BUY,0.46,3.703702,1.70370292,-1,-3.703702,-1.70370292,0x8637a4124d792008225c13e15280aa1a4ddbc1cf32470ba906e9c74a0e52af21,d324cbfb7250425614e687d8b24cfaf3a5e60630618f3af43d13ef74064e7766,true,true,false,false,false
H2-v1-RN1-M2,H2-v1,1673863,0x85103a46008451b326ce5cac11e4377e7c06baef3631a6a78e6ddfc593d68a5d,mlb-cin-wsh-2026-08-07,Washington Nationals,Cincinnati Reds,2026-08-07T23:46:00+00:00,3347472,Washington Nationals,home,1,2026-08-07T23:01:01+00:00,2699,BUY,0.53,20.255318,10.73531854,1,20.255318,10.73531854,0x4482687aa846b1f6764dfbd22c39e9b1330d670be2bc3df7db7d5b2ddebf41c3,f1dc20799b76916f7d6a2d68d8d77d9f9ad80947a73819d70eb11cfbe715a9a7,true,true,false,false,false
H2-v1-RN1-M2,H2-v1,1673863,0x85103a46008451b326ce5cac11e4377e7c06baef3631a6a78e6ddfc593d68a5d,mlb-cin-wsh-2026-08-07,Washington Nationals,Cincinnati Reds,2026-08-07T23:46:00+00:00,3347471,Cincinnati Reds,away,0,2026-08-07T23:03:27+00:00,2553,BUY,0.46,17.629628,8.10962888,-1,-17.629628,-8.10962888,0xe00d4806880554dbbd82130b7690035895d8de78db36ff58065e8330d768cd7f,6c25c34b30e3026e6348e33119fa2133066780ab674b3e0962116a9f84395a7e,true,true,false,false,false
H2-v1-RN1-M2,H2-v1,1673863,0x85103a46008451b326ce5cac11e4377e7c06baef3631a6a78e6ddfc593d68a5d,mlb-cin-wsh-2026-08-07,Washington Nationals,Cincinnati Reds,2026-08-07T23:46:00+00:00,3347472,Washington Nationals,home,1,2026-08-07T23:03:27+00:00,2553,BUY,0.53,20.255318,10.73531854,1,20.255318,10.73531854,0x8c51699c0dc62a3d2832d37dc48f61e5e0af21b144a047a70b5ae369cebfec0b,93307466e1e144e7ace8d77dd3651e7df1df42436f7d028d8bf03b5a89cfb8f4,true,true,false,false,false
H2-v1-RN1-M2,H2-v1,1673863,0x85103a46008451b326ce5cac11e4377e7c06baef3631a6a78e6ddfc593d68a5d,mlb-cin-wsh-2026-08-07,Washington Nationals,Cincinnati Reds,2026-08-07T23:46:00+00:00,3347471,Cincinnati Reds,away,0,2026-08-07T23:03:28+00:00,2552,BUY,0.46,3.703702,1.70370292,-1,-3.703702,-1.70370292,0xd7184d77096917a41189b8330cf35d6c0595d6d867f01c669d7f78cc1962eed0,0ea252b03a88536aebef126aedbb0ce60a9ae25e6b5f34143861142d7c0e317e,true,true,false,false,false
H2-v1-RN1-M2,H2-v1,1673863,0x85103a46008451b326ce5cac11e4377e7c06baef3631a6a78e6ddfc593d68a5d,mlb-cin-wsh-2026-08-07,Washington Nationals,Cincinnati Reds,2026-08-07T23:46:00+00:00,3347472,Washington Nationals,home,1,2026-08-07T23:05:55+00:00,2405,BUY,0.53,20.255318,10.73531854,1,20.255318,10.73531854,0x421fcb9a301dd0a0cdcc67e612c0b464f15ab2a3764dbf8099dc78cd998f32ac,859cf5a583ba85398bda28192dfc26ff24935ac2fdaf4025738618528580ea1d,true,true,false,false,false
H2-v1-RN1-M2,H2-v1,1673863,0x85103a46008451b326ce5cac11e4377e7c06baef3631a6a78e6ddfc593d68a5d,mlb-cin-wsh-2026-08-07,Washington Nationals,Cincinnati Reds,2026-08-07T23:46:00+00:00,3347471,Cincinnati Reds,away,0,2026-08-07T23:05:55+00:00,2405,BUY,0.46,17.629628,8.10962888,-1,-17.629628,-8.10962888,0x6630a827b93ceb05082eaef69d4004605fa4e2b8082bcd9c687c9e389de7443c,8f6269d0b258d9cbbc934d6073c838cde7c2688c7b3c40c221b319c2ef06355f,true,true,false,false,false
H2-v1-RN1-M2,H2-v1,1673863,0x85103a46008451b326ce5cac11e4377e7c06baef3631a6a78e6ddfc593d68a5d,mlb-cin-wsh-2026-08-07,Washington Nationals,Cincinnati Reds,2026-08-07T23:46:00+00:00,3347471,Cincinnati Reds,away,0,2026-08-07T23:05:58+00:00,2402,BUY,0.46,1.85185,0.851851,-1,-1.85185,-0.851851,0xad2cdc3b91e6e3e2602fc90c8cf570003190bba3244c91adaa0af7c1899f04ba,4b102fe2c29993846538ad50a5b6e83d98d8b59962253a145e1bc5a809693ef9,true,true,false,false,false
H2-v1-RN1-M2,H2-v1,1673863,0x85103a46008451b326ce5cac11e4377e7c06baef3631a6a78e6ddfc593d68a5d,mlb-cin-wsh-2026-08-07,Washington Nationals,Cincinnati Reds,2026-08-07T23:46:00+00:00,3347471,Cincinnati Reds,away,0,2026-08-07T23:05:58+00:00,2402,BUY,0.46,3.703702,1.70370292,-1,-3.703702,-1.70370292,0xc7a351e1fc92a98d516de290255ce005ec8ff4eac1ac742d09f15dd1af6aeeea,f40e4b612addba02df4738df43b9fae8682924893c7498339af23b6ac8fc6865,true,true,false,false,false
H2-v1-RN1-M2,H2-v1,1673863,0x85103a46008451b326ce5cac11e4377e7c06baef3631a6a78e6ddfc593d68a5d,mlb-cin-wsh-2026-08-07,Washington Nationals,Cincinnati Reds,2026-08-07T23:46:00+00:00,3347472,Washington Nationals,home,1,2026-08-07T23:06:01+00:00,2399,BUY,0.53,2.127658,1.12765874,1,2.127658,1.12765874,0xe24ec3f7b0db2992c24b1a3006f84ddaa51a9801319d88794a22fefe0923bdfd,0809d37589d1a50ca12b17819e9b80b20787134d38dc0eacf9bf99a7512b1a84,true,true,false,false,false
H2-v1-RN1-M2,H2-v1,1673863,0x85103a46008451b326ce5cac11e4377e7c06baef3631a6a78e6ddfc593d68a5d,mlb-cin-wsh-2026-08-07,Washington Nationals,Cincinnati Reds,2026-08-07T23:46:00+00:00,3347472,Washington Nationals,home,1,2026-08-07T23:08:24+00:00,2256,BUY,0.53,20.255318,10.73531854,1,20.255318,10.73531854,0xf8f7ddecc096fc9ff0d819fee49d2c20b5cd1625ac5d6aca1836e0d7b9bddd11,7f8658ef8d01af129622280c15bc15a4288cbf4fee77f40269a7c9ca0a1cdc89,true,true,false,false,false
H2-v1-RN1-M2,H2-v1,1673863,0x85103a46008451b326ce5cac11e4377e7c06baef3631a6a78e6ddfc593d68a5d,mlb-cin-wsh-2026-08-07,Washington Nationals,Cincinnati Reds,2026-08-07T23:46:00+00:00,3347471,Cincinnati Reds,away,0,2026-08-07T23:08:24+00:00,2256,BUY,0.46,17.629628,8.10962888,-1,-17.629628,-8.10962888,0x9b6c0d7740f9a976dd8345551ab86512c6c7d3ce6401cd690bb4496f75b47204,b0af2b6171ce3bf5a47645f365ccd11c4159e48bc38e7e77736ac0a616e93675,true,true,false,false,false
H2-v1-RN1-M2,H2-v1,1673863,0x85103a46008451b326ce5cac11e4377e7c06baef3631a6a78e6ddfc593d68a5d,mlb-cin-wsh-2026-08-07,Washington Nationals,Cincinnati Reds,2026-08-07T23:46:00+00:00,3347471,Cincinnati Reds,away,0,2026-08-07T23:08:25+00:00,2255,BUY,0.46,3.703702,1.70370292,-1,-3.703702,-1.70370292,0x8727c91345d35ba06f059326ebf266b7418654d0dc4597c610153dbcb03d6e93,78caa64abfe797bc905061f9c383cf5c58cffec2ede1f7188b8eb05102dc1f94,true,true,false,false,false
H2-v1-RN1-M2,H2-v1,1673863,0x85103a46008451b326ce5cac11e4377e7c06baef3631a6a78e6ddfc593d68a5d,mlb-cin-wsh-2026-08-07,Washington Nationals,Cincinnati Reds,2026-08-07T23:46:00+00:00,3347472,Washington Nationals,home,1,2026-08-07T23:10:52+00:00,2108,BUY,0.53,20.255318,10.73531854,1,20.255318,10.73531854,0x46a0dc6ab9df852ea9fadbb20c7835c49594a7a25cc583a77ee58326ab75ddb3,0cad27e9ac12ccbeb6a88932d64544bdc3dd3ca2e8bd8a21dff38c0a25328c01,true,true,false,false,false
H2-v1-RN1-M2,H2-v1,1673863,0x85103a46008451b326ce5cac11e4377e7c06baef3631a6a78e6ddfc593d68a5d,mlb-cin-wsh-2026-08-07,Washington Nationals,Cincinnati Reds,2026-08-07T23:46:00+00:00,3347471,Cincinnati Reds,away,0,2026-08-07T23:10:52+00:00,2108,BUY,0.46,17.629628,8.10962888,-1,-17.629628,-8.10962888,0xa3e35370342905e2cef5fbe39681766cf69e6a10f82dfe524bb1abc2799812c0,ab5a2ab4ea61e1e60effc3198692b3bc653fca6ca1d1a3bd4d7f50be71acd90c,true,true,false,false,false
H2-v1-RN1-M2,H2-v1,1673863,0x85103a46008451b326ce5cac11e4377e7c06baef3631a6a78e6ddfc593d68a5d,mlb-cin-wsh-2026-08-07,Washington Nationals,Cincinnati Reds,2026-08-07T23:46:00+00:00,3347471,Cincinnati Reds,away,0,2026-08-07T23:10:54+00:00,2106,BUY,0.46,3.703702,1.70370292,-1,-3.703702,-1.70370292,0x09696b1bb72c57a65434a13e80b0e4eb7cd37e84d3e7d1e350438a3d7b199578,cac998a6567c3ef56366baae7b32bb122768028d34ff0b21cb2dd515ab9c7831,true,true,false,false,false
H2-v1-RN1-M2,H2-v1,1673863,0x85103a46008451b326ce5cac11e4377e7c06baef3631a6a78e6ddfc593d68a5d,mlb-cin-wsh-2026-08-07,Washington Nationals,Cincinnati Reds,2026-08-07T23:46:00+00:00,3347471,Cincinnati Reds,away,0,2026-08-07T23:11:03+00:00,2097,BUY,0.46,3.703702,1.70370292,-1,-3.703702,-1.70370292,0x3b6f4f3794a27f89aa768e3edf2143a80a739362550a3e53f69c5a828fa36ad9,d918dc679a85e3a4ab73da874353d4708257d96f96cac4c249474287d826a7ea,true,true,false,false,false
H2-v1-RN1-M2,H2-v1,1673863,0x85103a46008451b326ce5cac11e4377e7c06baef3631a6a78e6ddfc593d68a5d,mlb-cin-wsh-2026-08-07,Washington Nationals,Cincinnati Reds,2026-08-07T23:46:00+00:00,3347471,Cincinnati Reds,away,0,2026-08-07T23:11:04+00:00,2096,BUY,0.46,1.85185,0.851851,-1,-1.85185,-0.851851,0xa1978d2377a90efb324fa8635f543d0ff9a2daea2ffaa64a2c6c15541068900b,6e0ecb3017e48b11ae0f1a934de7de9121ddaade0370abd46bd94bd740a1bd8e,true,true,false,false,false
H2-v1-RN1-M2,H2-v1,1673863,0x85103a46008451b326ce5cac11e4377e7c06baef3631a6a78e6ddfc593d68a5d,mlb-cin-wsh-2026-08-07,Washington Nationals,Cincinnati Reds,2026-08-07T23:46:00+00:00,3347472,Washington Nationals,home,1,2026-08-07T23:11:04+00:00,2096,BUY,0.53,2.127658,1.12765874,1,2.127658,1.12765874,0x22d62fb8f062ddb1d2458efa07a3168190078bd8bfe19411468667a1d812f85c,fe94e8347bcdc05ebbe1712fd5eafb53059983b23c7eed324f59bb9604ed0339,true,true,false,false,false
H2-v1-RN1-M2,H2-v1,1673863,0x85103a46008451b326ce5cac11e4377e7c06baef3631a6a78e6ddfc593d68a5d,mlb-cin-wsh-2026-08-07,Washington Nationals,Cincinnati Reds,2026-08-07T23:46:00+00:00,3347472,Washington Nationals,home,1,2026-08-07T23:11:09+00:00,2091,BUY,0.53,8.61702,4.5670206,1,8.61702,4.5670206,0xbc19eaafa8cd320729d0af54fe87224b7be94c6da629e239ba0dde46ef7bf804,b2679f7f23ac4947bb4df68379fcd251aabe25eea29e9b95fd3a63c2018f2e40,true,true,false,false,false
H2-v1-RN1-M2,H2-v1,1673863,0x85103a46008451b326ce5cac11e4377e7c06baef3631a6a78e6ddfc593d68a5d,mlb-cin-wsh-2026-08-07,Washington Nationals,Cincinnati Reds,2026-08-07T23:46:00+00:00,3347471,Cincinnati Reds,away,0,2026-08-07T23:13:22+00:00,1958,BUY,0.46,17.629628,8.10962888,-1,-17.629628,-8.10962888,0x6b68109b02a98f323f36ac2c568017c704fe5f848594d6961f78657908b30496,0869a68dab283d00802c5edb3e23a43692ccf224d6dced4a418031a5a186553d,true,true,false,false,false
H2-v1-RN1-M2,H2-v1,1673863,0x85103a46008451b326ce5cac11e4377e7c06baef3631a6a78e6ddfc593d68a5d,mlb-cin-wsh-2026-08-07,Washington Nationals,Cincinnati Reds,2026-08-07T23:46:00+00:00,3347472,Washington Nationals,home,1,2026-08-07T23:13:22+00:00,1958,BUY,0.53,20.255318,10.73531854,1,20.255318,10.73531854,0xac1679e9cbac24e55a652534f2b06a7bb3ba1bb4cd75bb844dda17453480a046,43c4dc4c5008902b34923f146380d1f86a375be82a7156af527c5311b90d738e,true,true,false,false,false
H2-v1-RN1-M2,H2-v1,1673863,0x85103a46008451b326ce5cac11e4377e7c06baef3631a6a78e6ddfc593d68a5d,mlb-cin-wsh-2026-08-07,Washington Nationals,Cincinnati Reds,2026-08-07T23:46:00+00:00,3347471,Cincinnati Reds,away,0,2026-08-07T23:13:24+00:00,1956,BUY,0.46,3.703702,1.70370292,-1,-3.703702,-1.70370292,0x5a87035effcfa7226a34649233d476078eea06979ecb8db55be480a306f1a41e,3288376b59e7ef2ae55c2d9f4438249f0f3480a27cb4d75fc7c67631c6f337be,true,true,false,false,false
H2-v1-RN1-M2,H2-v1,1673863,0x85103a46008451b326ce5cac11e4377e7c06baef3631a6a78e6ddfc593d68a5d,mlb-cin-wsh-2026-08-07,Washington Nationals,Cincinnati Reds,2026-08-07T23:46:00+00:00,3347471,Cincinnati Reds,away,0,2026-08-07T23:15:48+00:00,1812,BUY,0.46,17.629628,8.10962888,-1,-17.629628,-8.10962888,0x4ede5be328dad31a4ac46a2ba3dc4e71acb0b9ab579e5929f166a3e09cc4208b,45112794976ff3f35bc4d4272822e5f905f9895c4be9f6dd2b2a51d87213a51e,true,true,false,false,false
H2-v1-RN1-M2,H2-v1,1673863,0x85103a46008451b326ce5cac11e4377e7c06baef3631a6a78e6ddfc593d68a5d,mlb-cin-wsh-2026-08-07,Washington Nationals,Cincinnati Reds,2026-08-07T23:46:00+00:00,3347472,Washington Nationals,home,1,2026-08-07T23:15:49+00:00,1811,BUY,0.53,20.255318,10.73531854,1,20.255318,10.73531854,0x09fab453675c9c732157d4d74c709a1e64bc2964549a7aa18cef0baf849a7032,dfbe3d80f84bab1bc387cfbcbfa48aafe1785bdfc93bfe8f15526de4e620da08,true,true,false,false,false
H2-v1-RN1-M2,H2-v1,1673863,0x85103a46008451b326ce5cac11e4377e7c06baef3631a6a78e6ddfc593d68a5d,mlb-cin-wsh-2026-08-07,Washington Nationals,Cincinnati Reds,2026-08-07T23:46:00+00:00,3347471,Cincinnati Reds,away,0,2026-08-07T23:15:51+00:00,1809,BUY,0.46,3.703702,1.70370292,-1,-3.703702,-1.70370292,0xfe421ce4bc3b1a0777cca4e07d7f58be85addc0b1d341f03e2ea8289ed9b57e2,1a9501ba4aef9de28b0106f5295a433641e2ba076e1e732c8a072622a47966da,true,true,false,false,false
H2-v1-RN1-M2,H2-v1,1673863,0x85103a46008451b326ce5cac11e4377e7c06baef3631a6a78e6ddfc593d68a5d,mlb-cin-wsh-2026-08-07,Washington Nationals,Cincinnati Reds,2026-08-07T23:46:00+00:00,3347471,Cincinnati Reds,away,0,2026-08-07T23:18:18+00:00,1662,BUY,0.46,17.629628,8.10962888,-1,-17.629628,-8.10962888,0x6ec1bbac6db2a085f45f60257f817d38290fe9b1716b6145d08c3739dcff055f,105d1c6c7e1df3c54a5f4fbdd6978bf18db841c5b3e085f4318f355b89d9cb6f,true,true,true,false,false
H2-v1-RN1-M2,H2-v1,1673863,0x85103a46008451b326ce5cac11e4377e7c06baef3631a6a78e6ddfc593d68a5d,mlb-cin-wsh-2026-08-07,Washington Nationals,Cincinnati Reds,2026-08-07T23:46:00+00:00,3347472,Washington Nationals,home,1,2026-08-07T23:18:18+00:00,1662,BUY,0.53,20.255318,10.73531854,1,20.255318,10.73531854,0xe6c1c799e95562df7002a372898a12ec3cd224adc54c9856285ce9032034a212,a41703ab3fd4f8de43bdbeecfe066420bd5405271f330feb462817661fc92837,true,true,true,false,false
H2-v1-RN1-M2,H2-v1,1673863,0x85103a46008451b326ce5cac11e4377e7c06baef3631a6a78e6ddfc593d68a5d,mlb-cin-wsh-2026-08-07,Washington Nationals,Cincinnati Reds,2026-08-07T23:46:00+00:00,3347471,Cincinnati Reds,away,0,2026-08-07T23:18:19+00:00,1661,BUY,0.46,3.703702,1.70370292,-1,-3.703702,-1.70370292,0xf41a81da3542c7f9667f363fa4a273e9af79320de6e787acca32d0d76deb91b4,f33e0f18345f1b33650e8552ed84ebcca99fbaf8537a283bb8ecf47e09692db2,true,true,true,false,false
H2-v1-RN1-M2,H2-v1,1673863,0x85103a46008451b326ce5cac11e4377e7c06baef3631a6a78e6ddfc593d68a5d,mlb-cin-wsh-2026-08-07,Washington Nationals,Cincinnati Reds,2026-08-07T23:46:00+00:00,3347472,Washington Nationals,home,1,2026-08-07T23:20:43+00:00,1517,BUY,0.53,20.255318,10.73531854,1,20.255318,10.73531854,0xfec3b6169b1790e28306becee24fa390b427cdeb9a1616962f26b7d9a1b3793c,86815f39343355887ede588b38fecd6351688d353c73aab1899117d88c3d415f,true,true,true,false,false
H2-v1-RN1-M2,H2-v1,1673863,0x85103a46008451b326ce5cac11e4377e7c06baef3631a6a78e6ddfc593d68a5d,mlb-cin-wsh-2026-08-07,Washington Nationals,Cincinnati Reds,2026-08-07T23:46:00+00:00,3347471,Cincinnati Reds,away,0,2026-08-07T23:20:43+00:00,1517,BUY,0.46,17.629628,8.10962888,-1,-17.629628,-8.10962888,0x21545e99f4935998a8df00041c044ed2bdb6fd2b1f65664436aebf11d92b1743,d1d929ffa49d0eb9161a92b5c4891007ddff5524c9e37a668160f8367ba7df74,true,true,true,false,false
H2-v1-RN1-M2,H2-v1,1673863,0x85103a46008451b326ce5cac11e4377e7c06baef3631a6a78e6ddfc593d68a5d,mlb-cin-wsh-2026-08-07,Washington Nationals,Cincinnati Reds,2026-08-07T23:46:00+00:00,3347471,Cincinnati Reds,away,0,2026-08-07T23:20:45+00:00,1515,BUY,0.46,3.703702,1.70370292,-1,-3.703702,-1.70370292,0x425036a1c8237be630a9600ee042c8d5fc22d920ba7de4c521c976b85499b5f0,4b3162a8ef4ec680530728c30107abdc5681cb01dcd68f682d480e11c8bcfc7f,true,true,true,false,false
H2-v1-RN1-M2,H2-v1,1673863,0x85103a46008451b326ce5cac11e4377e7c06baef3631a6a78e6ddfc593d68a5d,mlb-cin-wsh-2026-08-07,Washington Nationals,Cincinnati Reds,2026-08-07T23:46:00+00:00,3347471,Cincinnati Reds,away,0,2026-08-07T23:20:52+00:00,1508,BUY,0.46,1.85185,0.851851,-1,-1.85185,-0.851851,0xc7ee73f95b72b2b40e9442682ff66b4657eafb3f3bbb6c7c535aaf90619be52d,975c457b17eac2b111ab2c23175e04e372159831c47a459237eb24ee6c6429c9,true,true,true,false,false
H2-v1-RN1-M2,H2-v1,1673863,0x85103a46008451b326ce5cac11e4377e7c06baef3631a6a78e6ddfc593d68a5d,mlb-cin-wsh-2026-08-07,Washington Nationals,Cincinnati Reds,2026-08-07T23:46:00+00:00,3347472,Washington Nationals,home,1,2026-08-07T23:20:52+00:00,1508,BUY,0.53,265.957445,140.95744585,1,265.957445,140.95744585,0x55f627cfc32db4f7d81f2105e3b27105cab0abd53aaffee6f0b642042f6a3343,efd492bded5343ddb8e06b006587bcd8123a9af7e3ade6f8141dadf0432fa448,true,true,true,false,false
H2-v1-RN1-M2,H2-v1,1673863,0x85103a46008451b326ce5cac11e4377e7c06baef3631a6a78e6ddfc593d68a5d,mlb-cin-wsh-2026-08-07,Washington Nationals,Cincinnati Reds,2026-08-07T23:46:00+00:00,3347471,Cincinnati Reds,away,0,2026-08-07T23:20:54+00:00,1506,BUY,0.46,3.703702,1.70370292,-1,-3.703702,-1.70370292,0x3f21cab367f77999cfa485c65207b64e0a675d653f79d910646261fa662bd049,6889ffc25491c2335e7b0577dc268d3bcff1ede887a39927b54aa82e231d40cd,true,true,true,false,false
H2-v1-RN1-M2,H2-v1,1673863,0x85103a46008451b326ce5cac11e4377e7c06baef3631a6a78e6ddfc593d68a5d,mlb-cin-wsh-2026-08-07,Washington Nationals,Cincinnati Reds,2026-08-07T23:46:00+00:00,3347471,Cincinnati Reds,away,0,2026-08-07T23:20:55+00:00,1505,BUY,0.46,2.592591,1.19259186,-1,-2.592591,-1.19259186,0xc4c7d76bb61f0e230dada87a7fa41332e5fceb3da39974644b4607f1f9a67cc3,12fe30a0e867d403b7d2fca58634fb6fd2a13923929faf49cc520913c28e4a9b,true,true,true,false,false
H2-v1-RN1-M2,H2-v1,1673863,0x85103a46008451b326ce5cac11e4377e7c06baef3631a6a78e6ddfc593d68a5d,mlb-cin-wsh-2026-08-07,Washington Nationals,Cincinnati Reds,2026-08-07T23:46:00+00:00,3347472,Washington Nationals,home,1,2026-08-07T23:23:13+00:00,1367,BUY,0.53,20.255318,10.73531854,1,20.255318,10.73531854,0x385945e39c391de8916133e8b1eeee8408d0b9843898b3f8841b0fd43e978989,4827c688188ca6644fb281c13e0b61a3830c42a682c5253f41459cd9021dbfbc,true,true,true,false,false
H2-v1-RN1-M2,H2-v1,1673863,0x85103a46008451b326ce5cac11e4377e7c06baef3631a6a78e6ddfc593d68a5d,mlb-cin-wsh-2026-08-07,Washington Nationals,Cincinnati Reds,2026-08-07T23:46:00+00:00,3347471,Cincinnati Reds,away,0,2026-08-07T23:23:13+00:00,1367,BUY,0.46,17.629628,8.10962888,-1,-17.629628,-8.10962888,0x8a97ece7528ff29b7c390dcb21354ef79c0e0331cab11fdf3fcd0648827c8d07,98f703d266a1b43900b4df69fd75cf1cb7c0a4875bae3485a9557ee6f7b5291f,true,true,true,false,false
H2-v1-RN1-M2,H2-v1,1673863,0x85103a46008451b326ce5cac11e4377e7c06baef3631a6a78e6ddfc593d68a5d,mlb-cin-wsh-2026-08-07,Washington Nationals,Cincinnati Reds,2026-08-07T23:46:00+00:00,3347471,Cincinnati Reds,away,0,2026-08-07T23:23:15+00:00,1365,BUY,0.46,3.703702,1.70370292,-1,-3.703702,-1.70370292,0x30f4f1bb91509bee835ffb718fc265264b252aba5f8c3d8628d952afb11cd319,ac44b2951dad93480e204ad6c69d4559c4e97e3c906700c3cb2e4677acdb2de5,true,true,true,false,false
H2-v1-RN1-M2,H2-v1,1673846,0xc3d4ea1d592f030ba20a226a4825b83ee10dd0fd428650e60011109c8a617346,mlb-tor-phi-2026-08-07,Philadelphia Phillies,Toronto Blue Jays,2026-08-08T00:41:00+00:00,3347437,Toronto Blue Jays,away,0,2026-08-06T15:12:15+00:00,120525,BUY,0.33,312.73,103.2009,-1,-312.73,-103.2009,0x9c1d74deccdf72f842229be308d8dc33a2b43df79863c6aa4f1b771e2ec6482e,a278ae1b4a4c795cdca10b8a9bcd491c7bbbb10cb054906ed315a3e3db4ce5bf,false,false,false,false,false
H2-v1-RN1-M2,H2-v1,1673846,0xc3d4ea1d592f030ba20a226a4825b83ee10dd0fd428650e60011109c8a617346,mlb-tor-phi-2026-08-07,Philadelphia Phillies,Toronto Blue Jays,2026-08-08T00:41:00+00:00,3347438,Philadelphia Phillies,home,1,2026-08-07T22:40:24+00:00,7236,BUY,0.65,51.67,33.5855,1,51.67,33.5855,0x5311da9cea750e58d1fa79fe9d6c513c82bcee2af749d03b7ea8a5bf0672b2cc,59f80acf82156b861a3f63173c72e16985918c83afe6ad615d777c8b771a3872,true,false,false,false,false
H2-v1-RN1-M2,H2-v1,1673846,0xc3d4ea1d592f030ba20a226a4825b83ee10dd0fd428650e60011109c8a617346,mlb-tor-phi-2026-08-07,Philadelphia Phillies,Toronto Blue Jays,2026-08-08T00:41:00+00:00,3347438,Philadelphia Phillies,home,1,2026-08-07T22:42:19+00:00,7121,BUY,0.65,5.42857,3.5285705,1,5.42857,3.5285705,0x14348ffa0c4edb5ef928dd44a863ca80405ecd6d9a370bb63af9781007eaca8c,5ebda82399dd6130e3372d5a2a0c4cc7565f326a86107bd14adc963115c930fb,true,false,false,false,false
H2-v1-RN1-M2,H2-v1,1673846,0xc3d4ea1d592f030ba20a226a4825b83ee10dd0fd428650e60011109c8a617346,mlb-tor-phi-2026-08-07,Philadelphia Phillies,Toronto Blue Jays,2026-08-08T00:41:00+00:00,3347438,Philadelphia Phillies,home,1,2026-08-07T22:43:18+00:00,7062,BUY,0.65,228.571427,148.57142755,1,228.571427,148.57142755,0x278a183a8322689e5c8575a11f930be37d8876ae216832e364ce61008ea0ed33,75afacb2d4877922d1e752bfa9c5ed9608c79ff9bb1a5af3689dfdbc5d4cd7e4,true,false,false,false,false
H2-v1-RN1-M2,H2-v1,1673846,0xc3d4ea1d592f030ba20a226a4825b83ee10dd0fd428650e60011109c8a617346,mlb-tor-phi-2026-08-07,Philadelphia Phillies,Toronto Blue Jays,2026-08-08T00:41:00+00:00,3347438,Philadelphia Phillies,home,1,2026-08-07T22:48:36+00:00,6744,BUY,0.65,121.571427,79.02142755,1,121.571427,79.02142755,0x0e580e4786bdfccd2350c7061b5833642c84d66043fc362bac686c6644621887,4b739e2c5cd94b3d2a61bb4d8931a5bc219804ece43a04e4e2efcf604c8947d6,true,false,false,false,false
H2-v1-RN1-M2,H2-v1,1673846,0xc3d4ea1d592f030ba20a226a4825b83ee10dd0fd428650e60011109c8a617346,mlb-tor-phi-2026-08-07,Philadelphia Phillies,Toronto Blue Jays,2026-08-08T00:41:00+00:00,3347438,Philadelphia Phillies,home,1,2026-08-07T22:49:16+00:00,6704,BUY,0.65,5,3.25,1,5,3.25,0x9d3c8681c348340e81cab4fc3df08ce003e1f2e1e2ede7e592d2df99970a9a70,4ba43d388036d2eeac28005e6cce9283a202f937eaea964fe4f2bccdc31c93d7,true,false,false,false,false
H2-v1-RN1-M2,H2-v1,1673846,0xc3d4ea1d592f030ba20a226a4825b83ee10dd0fd428650e60011109c8a617346,mlb-tor-phi-2026-08-07,Philadelphia Phillies,Toronto Blue Jays,2026-08-08T00:41:00+00:00,3347438,Philadelphia Phillies,home,1,2026-08-07T22:49:46+00:00,6674,BUY,0.65,42.857141,27.85714165,1,42.857141,27.85714165,0x522dcab9b89553c42160c1d1835c9f680da815df02ac15ccc4de6cdd49de6e67,4fff34fc3832ebbad76a0469e635435670f56185b1e8c9801bb92c8176dfde3d,true,false,false,false,false
H2-v1-RN1-M2,H2-v1,1673846,0xc3d4ea1d592f030ba20a226a4825b83ee10dd0fd428650e60011109c8a617346,mlb-tor-phi-2026-08-07,Philadelphia Phillies,Toronto Blue Jays,2026-08-08T00:41:00+00:00,3347438,Philadelphia Phillies,home,1,2026-08-07T23:04:39+00:00,5781,BUY,0.65,6.857141,4.45714165,1,6.857141,4.45714165,0x8c40e1de12e831ad3fd9f8de21a095dfd901e5e9ddb3236bb23cf4082d8605f1,81a702bee1712445fc421f12944c3bed90646f5a974cf808d7d793b6ee3fb900,true,false,false,false,false
H2-v1-RN1-M2,H2-v1,1673846,0xc3d4ea1d592f030ba20a226a4825b83ee10dd0fd428650e60011109c8a617346,mlb-tor-phi-2026-08-07,Philadelphia Phillies,Toronto Blue Jays,2026-08-08T00:41:00+00:00,3347437,Toronto Blue Jays,away,0,2026-08-08T00:05:00+00:00,2160,BUY,0.33,14.925372,4.92537276,-1,-14.925372,-4.92537276,0x6f11ba97d6ccf2a918a26689ecdb1b42ea849be075014285f2dc8187cce26caa,595d79bd730d60fbe7fa0c1bf5ea53b94f7151390d7dfdd68056260ab335e26b,true,true,false,false,false
H2-v1-RN1-M2,H2-v1,1673846,0xc3d4ea1d592f030ba20a226a4825b83ee10dd0fd428650e60011109c8a617346,mlb-tor-phi-2026-08-07,Philadelphia Phillies,Toronto Blue Jays,2026-08-08T00:41:00+00:00,3347438,Philadelphia Phillies,home,1,2026-08-08T00:07:48+00:00,1992,BUY,0.65,27.2,17.68,1,27.2,17.68,0xe19d5f84698abd60def87cab240dde325733707515f4a3a5cae08b474fb11860,54e5b597003d4bbff434839a2a5d638f95b11189a0fdd3cdf31cffce72fd92d8,true,true,false,false,false
