analysis_id,analysis_class,source,horizon_seconds,observability,composition_policy,event_count,market_count,event_weighted_mean_signed_response,event_weighted_median_signed_response,event_positive_count,event_zero_count,event_negative_count,market_equal_mean_signed_response,market_sd,market_se,ci95_low,ci95_high,t_statistic,p_value_two_sided,holm_p_value,positive_market_count,zero_market_count,negative_market_count,mean_signal_magnitude,median_signal_magnitude
rn1_30s_broad_primary,primary,rn1,30,broad,not_applicable,106,23,0.00357399998019,0,46,17,43,0.00253213529417,0.00692867692963,0.00144472901017,-0.000464049290448,0.00552831987878,1.7526714535,0.0935852381902,0.18717047638,12,2,9,265.22496833,17.629628
sharp_60s_broad_primary,primary,sharp,60,broad,all,57,29,0.000526327110526,0,22,12,23,0.000977019877011,0.00514215055005,0.000954873385349,-0.000978949585047,0.00293298933907,1.02319311859,0.314975866147,0.314975866147,14,6,9,0.00666225033708,0.00371312978162
rn1_10s_broad,sensitivity,rn1,10,broad,not_applicable,98,22,0.00163229296633,0,39,18,41,0.00212365050761,0.00712932586866,0.00151997738233,-0.00103731550036,0.00528461651558,1.39715928164,0.176955117379,,12,1,9,305.956880582,21.6888875
rn1_30s_strict,sensitivity,rn1,30,strict,not_applicable,87,22,0.00446947390805,0,41,13,33,0.00274537838552,0.00698488668779,0.0014891828455,-0.000351546877317,0.00584230364835,1.84354687795,0.0794082296626,,12,2,8,298.124319977,42.857141
rn1_60s_broad,sensitivity,rn1,60,broad,not_applicable,77,11,0.00429716009481,4.7e-09,40,9,28,0.00193268289177,0.00695321430827,0.00209647299522,-0.00273855004103,0.00660391582456,0.921873497141,0.378299192152,,6,0,5,104.342955091,17.629628
sharp_30s_broad,sensitivity,sharp,30,broad,all,42,26,-0.000238077635714,0,14,12,16,0.000256421659295,0.00570946641211,0.00111971848645,-0.00204968173177,0.00256252505036,0.229005470928,0.820727741723,,12,7,7,0.00762093803396,0.00371725372541
sharp_60s_broad_stable,sensitivity,sharp,60,broad,stable_only,53,25,0.00056605005283,0,21,11,21,0.00113334335733,0.00472554552426,0.000945109104852,-0.000817265964752,0.00308395267942,1.1991666904,0.242169123834,,13,5,7,0.00497629269144,0.00359245953854
sharp_300s_broad,sensitivity,sharp,300,broad,all,55,28,-0.000363640085455,0,21,12,22,-0.000369058128988,0.00656812079341,0.00124125815717,-0.0029159094947,0.00217779323673,-0.297325843827,0.768493367888,,12,3,13,0.00655925920713,0.00357467508537
sharp_300s_broad_stable,sensitivity,sharp,300,broad,stable_only,49,24,0.000408157840816,0,21,10,18,0.000881931373889,0.00608877204733,0.00124286538967,-0.00168913157318,0.00345299432096,0.709595247576,0.485087403496,,12,3,9,0.0042681344597,0.00306415464351
sharp_60s_strict,sensitivity,sharp,60,strict,all,16,14,0.00374999636875,8.91e-08,9,5,2,0.0035714253,0.00602193216903,0.00160942907021,9.44651819268e-05,0.00704838541807,2.21906349656,0.044896116455,,8,4,2,0.00959426759163,0.00379853293776
sharp_gap_60s_broad,secondary,sharp_gap,60,broad,all,56,29,0.00232141057321,0,25,11,20,0.00235630436897,0.00522825509115,0.000970862597228,0.000367582491102,0.00434502624683,2.42702147111,0.0219100838384,,17,5,7,0.00606759225509,0.00493857308857
